Frag_ID,Timepoint,Exp_days,Date,Species,Genotype,Treatment,Temp_trt,Wet_weight.g,Temp,Conductivity,Salinity
M-1-1,T0,1,7/20/2023,Montipora,1,Control,Ambient,9.34,26.4,53.1,35.10827311
M-1-10,T0,1,7/20/2023,Montipora,1,Inorganic,Heated,8.349,25.1,53,35.03635669
M-1-11,T0,1,7/20/2023,Montipora,1,Guano,Ambient,9.389,26.4,53.1,35.10827311
M-1-12,T0,1,7/20/2023,Montipora,1,Guano,Ambient,8.708,26.4,53.1,35.10827311
M-1-15,T0,1,7/20/2023,Montipora,1,Guano,Heated,8.647,25.1,53,35.03635669
M-1-16,T0,1,7/20/2023,Montipora,1,Effluent,Ambient,10.252,26.4,53.1,35.10827311
M-1-17,T0,1,7/20/2023,Montipora,1,Effluent,Ambient,8.36,26.4,53.1,35.10827311
M-1-2,T0,1,7/20/2023,Montipora,1,Control,Ambient,8.604,26.4,53.1,35.10827311
M-1-20,T0,1,7/20/2023,Montipora,1,Effluent,Heated,8.473,25.1,53,35.03635669
M-1-22,T0,1,7/20/2023,Montipora,1,Control,Heated,8.453,25.1,53,35.03635669
M-1-23,T0,1,7/20/2023,Montipora,1,Inorganic,Heated,8.165,25.1,53,35.03635669
M-1-24,T0,1,7/20/2023,Montipora,1,Guano,Heated,7.305,25.1,53,35.03635669
M-1-25,T0,1,7/20/2023,Montipora,1,Effluent,Heated,8.794,25.1,53,35.03635669
M-1-5,T0,1,7/20/2023,Montipora,1,Control,Heated,10.094,25.1,53,35.03635669
M-1-6,T0,1,7/20/2023,Montipora,1,Inorganic,Ambient,8.303,26.4,53.1,35.10827311
M-1-7,T0,1,7/20/2023,Montipora,1,Inorganic,Ambient,8.511,26.4,53.1,35.10827311
M-2-1,T0,1,7/20/2023,Montipora,2,Control,Ambient,8.862,26.4,53.1,35.10827311
M-2-10,T0,1,7/20/2023,Montipora,2,Inorganic,Heated,8.833,25.1,53,35.03635669
M-2-11,T0,1,7/20/2023,Montipora,2,Guano,Ambient,8.977,26.4,53.1,35.10827311
M-2-12,T0,1,7/20/2023,Montipora,2,Guano,Ambient,8.281,26.4,53.1,35.10827311
M-2-15,T0,1,7/20/2023,Montipora,2,Guano,Heated,8.474,25.1,53,35.03635669
M-2-16,T0,1,7/20/2023,Montipora,2,Effluent,Ambient,8.051,26.4,53.1,35.10827311
M-2-17,T0,1,7/20/2023,Montipora,2,Effluent,Ambient,9.559,26.4,53.1,35.10827311
M-2-2,T0,1,7/20/2023,Montipora,2,Control,Ambient,8.158,26.4,53.1,35.10827311
M-2-20,T0,1,7/20/2023,Montipora,2,Effluent,Heated,9.17,25.1,53,35.03635669
M-2-22,T0,1,7/20/2023,Montipora,2,Control,Heated,9.117,25.1,53,35.03635669
M-2-23,T0,1,7/20/2023,Montipora,2,Inorganic,Heated,8.678,25.1,53,35.03635669
M-2-24,T0,1,7/20/2023,Montipora,2,Guano,Heated,8.152,25.1,53,35.03635669
M-2-25,T0,1,7/20/2023,Montipora,2,Effluent,Heated,8.29,25.1,53,35.03635669
M-2-5,T0,1,7/20/2023,Montipora,2,Control,Heated,8,25.1,53,35.03635669
M-2-6,T0,1,7/20/2023,Montipora,2,Inorganic,Ambient,9.181,26.4,53.1,35.10827311
M-2-7,T0,1,7/20/2023,Montipora,2,Inorganic,Ambient,7.829,26.4,53.1,35.10827311
M-3-1,T0,1,7/20/2023,Montipora,3,Control,Ambient,9.013,26.4,53.1,35.10827311
M-3-10,T0,1,7/20/2023,Montipora,3,Inorganic,Heated,8.055,25.1,53,35.03635669
M-3-11,T0,1,7/20/2023,Montipora,3,Guano,Ambient,8.292,26.4,53.1,35.10827311
M-3-12,T0,1,7/20/2023,Montipora,3,Guano,Ambient,7.926,26.4,53.1,35.10827311
M-3-15,T0,1,7/20/2023,Montipora,3,Guano,Heated,8.015,25.1,53,35.03635669
M-3-16,T0,1,7/20/2023,Montipora,3,Effluent,Ambient,8.165,26.4,53.1,35.10827311
M-3-17,T0,1,7/20/2023,Montipora,3,Effluent,Ambient,8.156,26.4,53.1,35.10827311
M-3-2,T0,1,7/20/2023,Montipora,3,Control,Ambient,7.897,26.4,53.1,35.10827311
M-3-20,T0,1,7/20/2023,Montipora,3,Effluent,Heated,7.88,25.1,53,35.03635669
M-3-22,T0,1,7/20/2023,Montipora,3,Control,Heated,8.768,25.1,53,35.03635669
M-3-23,T0,1,7/20/2023,Montipora,3,Inorganic,Heated,8.727,25.1,53,35.03635669
M-3-24,T0,1,7/20/2023,Montipora,3,Guano,Heated,8.269,25.1,53,35.03635669
M-3-25,T0,1,7/20/2023,Montipora,3,Effluent,Heated,8.475,25.1,53,35.03635669
M-3-5,T0,1,7/20/2023,Montipora,3,Control,Heated,7.9,25.1,53,35.03635669
M-3-6,T0,1,7/20/2023,Montipora,3,Inorganic,Ambient,9.45,26.4,53.1,35.10827311
M-3-7,T0,1,7/20/2023,Montipora,3,Inorganic,Ambient,7.884,26.4,53.1,35.10827311
M-4-1,T0,1,7/20/2023,Montipora,4,Control,Ambient,8.077,26.4,53.1,35.10827311
M-4-10,T0,1,7/20/2023,Montipora,4,Inorganic,Heated,9.888,25.1,53,35.03635669
M-4-11,T0,1,7/20/2023,Montipora,4,Guano,Ambient,9.707,26.4,53.1,35.10827311
M-4-12,T0,1,7/20/2023,Montipora,4,Guano,Ambient,8.55,26.4,53.1,35.10827311
M-4-15,T0,1,7/20/2023,Montipora,4,Guano,Heated,10.274,25.1,53,35.03635669
M-4-16,T0,1,7/20/2023,Montipora,4,Effluent,Ambient,10.713,26.4,53.1,35.10827311
M-4-17,T0,1,7/20/2023,Montipora,4,Effluent,Ambient,8.468,26.4,53.1,35.10827311
M-4-2,T0,1,7/20/2023,Montipora,4,Control,Ambient,9.466,26.4,53.1,35.10827311
M-4-20,T0,1,7/20/2023,Montipora,4,Effluent,Heated,8.904,25.1,53,35.03635669
M-4-22,T0,1,7/20/2023,Montipora,4,Control,Heated,8.052,25.1,53,35.03635669
M-4-23,T0,1,7/20/2023,Montipora,4,Inorganic,Heated,9.315,25.1,53,35.03635669
M-4-24,T0,1,7/20/2023,Montipora,4,Guano,Heated,8.509,25.1,53,35.03635669
M-4-25,T0,1,7/20/2023,Montipora,4,Effluent,Heated,8.093,25.1,53,35.03635669
M-4-5,T0,1,7/20/2023,Montipora,4,Control,Heated,8.484,25.1,53,35.03635669
M-4-6,T0,1,7/20/2023,Montipora,4,Inorganic,Ambient,9.646,26.4,53.1,35.10827311
M-4-7,T0,1,7/20/2023,Montipora,4,Inorganic,Ambient,8.19,26.4,53.1,35.10827311
M-5-1,T0,1,7/20/2023,Montipora,5,Control,Ambient,8.19,26.4,53.1,35.10827311
M-5-10,T0,1,7/20/2023,Montipora,5,Inorganic,Heated,8.334,25.1,53,35.03635669
M-5-11,T0,1,7/20/2023,Montipora,5,Guano,Ambient,9.178,26.4,53.1,35.10827311
M-5-12,T0,1,7/20/2023,Montipora,5,Guano,Ambient,8.727,26.4,53.1,35.10827311
M-5-15,T0,1,7/20/2023,Montipora,5,Guano,Heated,7.481,25.1,53,35.03635669
M-5-16,T0,1,7/20/2023,Montipora,5,Effluent,Ambient,7.973,26.4,53.1,35.10827311
M-5-17,T0,1,7/20/2023,Montipora,5,Effluent,Ambient,10.518,26.4,53.1,35.10827311
M-5-2,T0,1,7/20/2023,Montipora,5,Control,Ambient,8.333,26.4,53.1,35.10827311
M-5-20,T0,1,7/20/2023,Montipora,5,Effluent,Heated,9.008,25.1,53,35.03635669
M-5-22,T0,1,7/20/2023,Montipora,5,Control,Heated,8.512,25.1,53,35.03635669
M-5-23,T0,1,7/20/2023,Montipora,5,Inorganic,Heated,11.69,25.1,53,35.03635669
M-5-24,T0,1,7/20/2023,Montipora,5,Guano,Heated,8.204,25.1,53,35.03635669
M-5-25,T0,1,7/20/2023,Montipora,5,Effluent,Heated,8.59,25.1,53,35.03635669
M-5-5,T0,1,7/20/2023,Montipora,5,Control,Heated,9.364,25.1,53,35.03635669
M-5-6,T0,1,7/20/2023,Montipora,5,Inorganic,Ambient,9.559,26.4,53.1,35.10827311
M-5-7,T0,1,7/20/2023,Montipora,5,Inorganic,Ambient,8.754,26.4,53.1,35.10827311
M-6-1,T0,1,7/20/2023,Montipora,6,Control,Ambient,9.454,26.4,53.1,35.10827311
M-6-10,T0,1,7/20/2023,Montipora,6,Inorganic,Heated,10.406,25.1,53,35.03635669
M-6-11,T0,1,7/20/2023,Montipora,6,Guano,Ambient,8.986,26.4,53.1,35.10827311
M-6-12,T0,1,7/20/2023,Montipora,6,Guano,Ambient,10.685,26.4,53.1,35.10827311
M-6-15,T0,1,7/20/2023,Montipora,6,Guano,Heated,8.408,25.1,53,35.03635669
M-6-16,T0,1,7/20/2023,Montipora,6,Effluent,Ambient,9.18,26.4,53.1,35.10827311
M-6-17,T0,1,7/20/2023,Montipora,6,Effluent,Ambient,10.168,26.4,53.1,35.10827311
M-6-2,T0,1,7/20/2023,Montipora,6,Control,Ambient,9.761,26.4,53.1,35.10827311
M-6-20,T0,1,7/20/2023,Montipora,6,Effluent,Heated,9.395,25.1,53,35.03635669
M-6-22,T0,1,7/20/2023,Montipora,6,Control,Heated,10.283,25.1,53,35.03635669
M-6-23,T0,1,7/20/2023,Montipora,6,Inorganic,Heated,10.012,25.1,53,35.03635669
M-6-24,T0,1,7/20/2023,Montipora,6,Guano,Heated,13.206,25.1,53,35.03635669
M-6-25,T0,1,7/20/2023,Montipora,6,Effluent,Heated,9.886,25.1,53,35.03635669
M-6-5,T0,1,7/20/2023,Montipora,6,Control,Heated,10.245,25.1,53,35.03635669
M-6-6,T0,1,7/20/2023,Montipora,6,Inorganic,Ambient,9.95,26.4,53.1,35.10827311
M-6-7,T0,1,7/20/2023,Montipora,6,Inorganic,Ambient,10.072,26.4,53.1,35.10827311
M-7-1,T0,1,7/20/2023,Montipora,7,Control,Ambient,8.42,26.4,53.1,35.10827311
M-7-10,T0,1,7/20/2023,Montipora,7,Inorganic,Heated,10.057,25.1,53,35.03635669
M-7-11,T0,1,7/20/2023,Montipora,7,Guano,Ambient,9.812,26.4,53.1,35.10827311
M-7-12,T0,1,7/20/2023,Montipora,7,Guano,Ambient,10.746,26.4,53.1,35.10827311
M-7-15,T0,1,7/20/2023,Montipora,7,Guano,Heated,9.263,25.1,53,35.03635669
M-7-16,T0,1,7/20/2023,Montipora,7,Effluent,Ambient,8.434,26.4,53.1,35.10827311
M-7-17,T0,1,7/20/2023,Montipora,7,Effluent,Ambient,10.187,26.4,53.1,35.10827311
M-7-2,T0,1,7/20/2023,Montipora,7,Control,Ambient,8.223,26.4,53.1,35.10827311
M-7-20,T0,1,7/20/2023,Montipora,7,Effluent,Heated,10.093,25.1,53,35.03635669
M-7-22,T0,1,7/20/2023,Montipora,7,Control,Heated,9.493,25.1,53,35.03635669
M-7-23,T0,1,7/20/2023,Montipora,7,Inorganic,Heated,8.25,25.1,53,35.03635669
M-7-24,T0,1,7/20/2023,Montipora,7,Guano,Heated,9.879,25.1,53,35.03635669
M-7-25,T0,1,7/20/2023,Montipora,7,Effluent,Heated,8.517,25.1,53,35.03635669
M-7-5,T0,1,7/20/2023,Montipora,7,Control,Heated,10.323,25.1,53,35.03635669
M-7-6,T0,1,7/20/2023,Montipora,7,Inorganic,Ambient,9.464,26.4,53.1,35.10827311
M-7-7,T0,1,7/20/2023,Montipora,7,Inorganic,Ambient,8.313,26.4,53.1,35.10827311
M-8-1,T0,1,7/20/2023,Montipora,8,Control,Ambient,10.244,26.4,53.1,35.10827311
M-8-10,T0,1,7/20/2023,Montipora,8,Inorganic,Heated,10.421,25.1,53,35.03635669
M-8-11,T0,1,7/20/2023,Montipora,8,Guano,Ambient,10.561,26.4,53.1,35.10827311
M-8-12,T0,1,7/20/2023,Montipora,8,Guano,Ambient,10.277,26.4,53.1,35.10827311
M-8-15,T0,1,7/20/2023,Montipora,8,Guano,Heated,12.604,25.1,53,35.03635669
M-8-16,T0,1,7/20/2023,Montipora,8,Effluent,Ambient,16.964,26.4,53.1,35.10827311
M-8-17,T0,1,7/20/2023,Montipora,8,Effluent,Ambient,9.367,26.4,53.1,35.10827311
M-8-2,T0,1,7/20/2023,Montipora,8,Control,Ambient,8.169,26.4,53.1,35.10827311
M-8-20,T0,1,7/20/2023,Montipora,8,Effluent,Heated,9.014,25.1,53,35.03635669
M-8-22,T0,1,7/20/2023,Montipora,8,Control,Heated,9.142,25.1,53,35.03635669
M-8-23,T0,1,7/20/2023,Montipora,8,Inorganic,Heated,9.368,25.1,53,35.03635669
M-8-24,T0,1,7/20/2023,Montipora,8,Guano,Heated,8.83,25.1,53,35.03635669
M-8-25,T0,1,7/20/2023,Montipora,8,Effluent,Heated,10.196,25.1,53,35.03635669
M-8-5,T0,1,7/20/2023,Montipora,8,Control,Heated,9.926,25.1,53,35.03635669
M-8-6,T0,1,7/20/2023,Montipora,8,Inorganic,Ambient,10.138,26.4,53.1,35.10827311
M-8-7,T0,1,7/20/2023,Montipora,8,Inorganic,Ambient,11.603,26.4,53.1,35.10827311
M-9-1,T0,1,7/20/2023,Montipora,9,Control,Ambient,9.531,26.4,53.1,35.10827311
M-9-10,T0,1,7/20/2023,Montipora,9,Inorganic,Heated,7.696,25.1,53,35.03635669
M-9-11,T0,1,7/20/2023,Montipora,9,Guano,Ambient,7.185,26.4,53.1,35.10827311
M-9-12,T0,1,7/20/2023,Montipora,9,Guano,Ambient,8.756,26.4,53.1,35.10827311
M-9-15,T0,1,7/20/2023,Montipora,9,Guano,Heated,7.384,25.1,53,35.03635669
M-9-16,T0,1,7/20/2023,Montipora,9,Effluent,Ambient,9.509,26.4,53.1,35.10827311
M-9-17,T0,1,7/20/2023,Montipora,9,Effluent,Ambient,9.564,26.4,53.1,35.10827311
M-9-2,T0,1,7/20/2023,Montipora,9,Control,Ambient,8.95,26.4,53.1,35.10827311
M-9-20,T0,1,7/20/2023,Montipora,9,Effluent,Heated,10.094,25.1,53,35.03635669
M-9-22,T0,1,7/20/2023,Montipora,9,Control,Heated,9.819,25.1,53,35.03635669
M-9-23,T0,1,7/20/2023,Montipora,9,Inorganic,Heated,9.306,25.1,53,35.03635669
M-9-24,T0,1,7/20/2023,Montipora,9,Guano,Heated,10.187,25.1,53,35.03635669
M-9-25,T0,1,7/20/2023,Montipora,9,Effluent,Heated,10.664,25.1,53,35.03635669
M-9-5,T0,1,7/20/2023,Montipora,9,Control,Heated,9.447,25.1,53,35.03635669
M-9-6,T0,1,7/20/2023,Montipora,9,Inorganic,Ambient,10.659,26.4,53.1,35.10827311
M-9-7,T0,1,7/20/2023,Montipora,9,Inorganic,Ambient,8.649,26.4,53.1,35.10827311
P-1-1,T0,1,7/20/2023,Porites,1,Control,Ambient,9.556,26.1,53.6,35.4680332
P-1-10,T0,1,7/20/2023,Porites,1,Inorganic,Heated,8.088,25.8,53,35.03635669
P-1-11,T0,1,7/20/2023,Porites,1,Guano,Ambient,9.448,26.1,53.6,35.4680332
P-1-12,T0,1,7/20/2023,Porites,1,Guano,Ambient,9.256,26.1,53.6,35.4680332
P-1-15,T0,1,7/20/2023,Porites,1,Guano,Heated,10.567,25.8,53,35.03635669
P-1-16,T0,1,7/20/2023,Porites,1,Effluent,Ambient,8.711,26.1,53.6,35.4680332
P-1-17,T0,1,7/20/2023,Porites,1,Effluent,Ambient,8.793,26.1,53.6,35.4680332
P-1-2,T0,1,7/20/2023,Porites,1,Control,Ambient,7.874,26.1,53.6,35.4680332
P-1-20,T0,1,7/20/2023,Porites,1,Effluent,Heated,8.395,25.8,53,35.03635669
P-1-22,T0,1,7/20/2023,Porites,1,Control,Heated,9.585,25.8,53,35.03635669
P-1-23,T0,1,7/20/2023,Porites,1,Inorganic,Heated,8.832,25.8,53,35.03635669
P-1-24,T0,1,7/20/2023,Porites,1,Guano,Heated,9.974,25.8,53,35.03635669
P-1-25,T0,1,7/20/2023,Porites,1,Effluent,Heated,8.559,25.8,53,35.03635669
P-1-5,T0,1,7/20/2023,Porites,1,Control,Heated,7.65,25.8,53,35.03635669
P-1-6,T0,1,7/20/2023,Porites,1,Inorganic,Ambient,8.978,26.1,53.6,35.4680332
P-1-7,T0,1,7/20/2023,Porites,1,Inorganic,Ambient,7.612,26.1,53.6,35.4680332
P-2-1,T0,1,7/20/2023,Porites,2,Control,Ambient,11.178,26.1,53.6,35.4680332
P-2-10,T0,1,7/20/2023,Porites,2,Inorganic,Heated,11.306,25.8,53,35.03635669
P-2-11,T0,1,7/20/2023,Porites,2,Guano,Ambient,11.745,26.1,53.6,35.4680332
P-2-12,T0,1,7/20/2023,Porites,2,Guano,Ambient,10.961,26.1,53.6,35.4680332
P-2-15,T0,1,7/20/2023,Porites,2,Guano,Heated,12.437,25.8,53,35.03635669
P-2-16,T0,1,7/20/2023,Porites,2,Effluent,Ambient,10.411,26.1,53.6,35.4680332
P-2-17,T0,1,7/20/2023,Porites,2,Effluent,Ambient,10.407,26.1,53.6,35.4680332
P-2-2,T0,1,7/20/2023,Porites,2,Control,Ambient,10.074,26.1,53.6,35.4680332
P-2-20,T0,1,7/20/2023,Porites,2,Effluent,Heated,13.67,25.8,53,35.03635669
P-2-22,T0,1,7/20/2023,Porites,2,Control,Heated,11.253,25.8,53,35.03635669
P-2-23,T0,1,7/20/2023,Porites,2,Inorganic,Heated,9.816,25.8,53,35.03635669
P-2-24,T0,1,7/20/2023,Porites,2,Guano,Heated,11.148,25.8,53,35.03635669
P-2-25,T0,1,7/20/2023,Porites,2,Effluent,Heated,13.115,25.8,53,35.03635669
P-2-5,T0,1,7/20/2023,Porites,2,Control,Heated,12.083,25.8,53,35.03635669
P-2-6,T0,1,7/20/2023,Porites,2,Inorganic,Ambient,12.555,26.1,53.6,35.4680332
P-2-7,T0,1,7/20/2023,Porites,2,Inorganic,Ambient,10.119,26.1,53.6,35.4680332
P-3-1,T0,1,7/20/2023,Porites,3,Control,Ambient,9.873,26.1,53.6,35.4680332
P-3-10,T0,1,7/20/2023,Porites,3,Inorganic,Heated,12.566,25.8,53,35.03635669
P-3-11,T0,1,7/20/2023,Porites,3,Guano,Ambient,10.702,26.1,53.6,35.4680332
P-3-12,T0,1,7/20/2023,Porites,3,Guano,Ambient,12.416,26.1,53.6,35.4680332
P-3-15,T0,1,7/20/2023,Porites,3,Guano,Heated,12.343,25.8,53,35.03635669
P-3-16,T0,1,7/20/2023,Porites,3,Effluent,Ambient,9.54,26.1,53.6,35.4680332
P-3-17,T0,1,7/20/2023,Porites,3,Effluent,Ambient,9.758,26.1,53.6,35.4680332
P-3-2,T0,1,7/20/2023,Porites,3,Control,Ambient,10.328,26.1,53.6,35.4680332
P-3-20,T0,1,7/20/2023,Porites,3,Effluent,Heated,12.481,25.8,53,35.03635669
P-3-22,T0,1,7/20/2023,Porites,3,Control,Heated,9.432,25.8,53,35.03635669
P-3-23,T0,1,7/20/2023,Porites,3,Inorganic,Heated,11.586,25.8,53,35.03635669
P-3-24,T0,1,7/20/2023,Porites,3,Guano,Heated,11.175,25.8,53,35.03635669
P-3-25,T0,1,7/20/2023,Porites,3,Effluent,Heated,10.229,25.8,53,35.03635669
P-3-5,T0,1,7/20/2023,Porites,3,Control,Heated,9.399,25.8,53,35.03635669
P-3-6,T0,1,7/20/2023,Porites,3,Inorganic,Ambient,9.954,26.1,53.6,35.4680332
P-3-7,T0,1,7/20/2023,Porites,3,Inorganic,Ambient,10.485,26.1,53.6,35.4680332
P-4-1,T0,1,7/20/2023,Porites,4,Control,Ambient,11.339,26.1,53.6,35.4680332
P-4-10,T0,1,7/20/2023,Porites,4,Inorganic,Heated,10.213,25.8,53,35.03635669
P-4-11,T0,1,7/20/2023,Porites,4,Guano,Ambient,9.438,26.1,53.6,35.4680332
P-4-12,T0,1,7/20/2023,Porites,4,Guano,Ambient,11.58,26.1,53.6,35.4680332
P-4-15,T0,1,7/20/2023,Porites,4,Guano,Heated,11.056,25.8,53,35.03635669
P-4-16,T0,1,7/20/2023,Porites,4,Effluent,Ambient,9.835,26.1,53.6,35.4680332
P-4-17,T0,1,7/20/2023,Porites,4,Effluent,Ambient,11.82,26.1,53.6,35.4680332
P-4-2,T0,1,7/20/2023,Porites,4,Control,Ambient,11.147,26.1,53.6,35.4680332
P-4-20,T0,1,7/20/2023,Porites,4,Effluent,Heated,12.935,25.8,53,35.03635669
P-4-22,T0,1,7/20/2023,Porites,4,Control,Heated,11.379,25.8,53,35.03635669
P-4-23,T0,1,7/20/2023,Porites,4,Inorganic,Heated,11.51,25.8,53,35.03635669
P-4-24,T0,1,7/20/2023,Porites,4,Guano,Heated,10.873,25.8,53,35.03635669
P-4-25,T0,1,7/20/2023,Porites,4,Effluent,Heated,12.582,25.8,53,35.03635669
P-4-5,T0,1,7/20/2023,Porites,4,Control,Heated,11.134,25.8,53,35.03635669
P-4-6,T0,1,7/20/2023,Porites,4,Inorganic,Ambient,12.741,26.1,53.6,35.4680332
P-4-7,T0,1,7/20/2023,Porites,4,Inorganic,Ambient,9.686,26.1,53.6,35.4680332
P-5-1,T0,1,7/20/2023,Porites,5,Control,Ambient,12.199,26.1,53.6,35.4680332
P-5-10,T0,1,7/20/2023,Porites,5,Inorganic,Heated,9.81,25.8,53,35.03635669
P-5-11,T0,1,7/20/2023,Porites,5,Guano,Ambient,10.452,26.1,53.6,35.4680332
P-5-12,T0,1,7/20/2023,Porites,5,Guano,Ambient,11.144,26.1,53.6,35.4680332
P-5-15,T0,1,7/20/2023,Porites,5,Guano,Heated,10.603,25.8,53,35.03635669
P-5-16,T0,1,7/20/2023,Porites,5,Effluent,Ambient,11.526,26.1,53.6,35.4680332
P-5-17,T0,1,7/20/2023,Porites,5,Effluent,Ambient,11.68,26.1,53.6,35.4680332
P-5-2,T0,1,7/20/2023,Porites,5,Control,Ambient,13.221,26.1,53.6,35.4680332
P-5-20,T0,1,7/20/2023,Porites,5,Effluent,Heated,10.61,25.8,53,35.03635669
P-5-22,T0,1,7/20/2023,Porites,5,Control,Heated,11.671,25.8,53,35.03635669
P-5-23,T0,1,7/20/2023,Porites,5,Inorganic,Heated,11.392,25.8,53,35.03635669
P-5-24,T0,1,7/20/2023,Porites,5,Guano,Heated,11.937,25.8,53,35.03635669
P-5-25,T0,1,7/20/2023,Porites,5,Effluent,Heated,10.809,25.8,53,35.03635669
P-5-5,T0,1,7/20/2023,Porites,5,Control,Heated,15.027,25.8,53,35.03635669
P-5-6,T0,1,7/20/2023,Porites,5,Inorganic,Ambient,10.386,26.1,53.6,35.4680332
P-5-7,T0,1,7/20/2023,Porites,5,Inorganic,Ambient,10.598,26.1,53.6,35.4680332
P-6-1,T0,1,7/20/2023,Porites,6,Control,Ambient,11.9,26.1,53.6,35.4680332
P-6-10,T0,1,7/20/2023,Porites,6,Inorganic,Heated,12.586,25.8,53,35.03635669
P-6-11,T0,1,7/20/2023,Porites,6,Guano,Ambient,10.591,26.1,53.6,35.4680332
P-6-12,T0,1,7/20/2023,Porites,6,Guano,Ambient,8.427,26.1,53.6,35.4680332
P-6-15,T0,1,7/20/2023,Porites,6,Guano,Heated,11.05,25.8,53,35.03635669
P-6-16,T0,1,7/20/2023,Porites,6,Effluent,Ambient,13.852,26.1,53.6,35.4680332
P-6-17,T0,1,7/20/2023,Porites,6,Effluent,Ambient,10.799,26.1,53.6,35.4680332
P-6-2,T0,1,7/20/2023,Porites,6,Control,Ambient,9.634,26.1,53.6,35.4680332
P-6-20,T0,1,7/20/2023,Porites,6,Effluent,Heated,12.937,25.8,53,35.03635669
P-6-22,T0,1,7/20/2023,Porites,6,Control,Heated,8.51,25.8,53,35.03635669
P-6-23,T0,1,7/20/2023,Porites,6,Inorganic,Heated,10.088,25.8,53,35.03635669
P-6-24,T0,1,7/20/2023,Porites,6,Guano,Heated,11.476,25.8,53,35.03635669
P-6-25,T0,1,7/20/2023,Porites,6,Effluent,Heated,10.616,25.8,53,35.03635669
P-6-5,T0,1,7/20/2023,Porites,6,Control,Heated,13.474,25.8,53,35.03635669
P-6-6,T0,1,7/20/2023,Porites,6,Inorganic,Ambient,11.943,26.1,53.6,35.4680332
P-6-7,T0,1,7/20/2023,Porites,6,Inorganic,Ambient,10.441,26.1,53.6,35.4680332
P-7-1,T0,1,7/20/2023,Porites,7,Control,Ambient,11.234,26.1,53.6,35.4680332
P-7-10,T0,1,7/20/2023,Porites,7,Inorganic,Heated,9.721,25.8,53,35.03635669
P-7-11,T0,1,7/20/2023,Porites,7,Guano,Ambient,11.803,26.1,53.6,35.4680332
P-7-12,T0,1,7/20/2023,Porites,7,Guano,Ambient,8.818,26.1,53.6,35.4680332
P-7-15,T0,1,7/20/2023,Porites,7,Guano,Heated,10.594,25.8,53,35.03635669
P-7-16,T0,1,7/20/2023,Porites,7,Effluent,Ambient,11.622,26.1,53.6,35.4680332
P-7-17,T0,1,7/20/2023,Porites,7,Effluent,Ambient,9.409,26.1,53.6,35.4680332
P-7-2,T0,1,7/20/2023,Porites,7,Control,Ambient,10.17,26.1,53.6,35.4680332
P-7-20,T0,1,7/20/2023,Porites,7,Effluent,Heated,10.206,25.8,53,35.03635669
P-7-22,T0,1,7/20/2023,Porites,7,Control,Heated,9.458,25.8,53,35.03635669
P-7-23,T0,1,7/20/2023,Porites,7,Inorganic,Heated,9.615,25.8,53,35.03635669
P-7-24,T0,1,7/20/2023,Porites,7,Guano,Heated,8.866,25.8,53,35.03635669
P-7-25,T0,1,7/20/2023,Porites,7,Effluent,Heated,8.187,25.8,53,35.03635669
P-7-5,T0,1,7/20/2023,Porites,7,Control,Heated,9.489,25.8,53,35.03635669
P-7-6,T0,1,7/20/2023,Porites,7,Inorganic,Ambient,9.157,26.1,53.6,35.4680332
P-7-7,T0,1,7/20/2023,Porites,7,Inorganic,Ambient,10.493,26.1,53.6,35.4680332
P-8-1,T0,1,7/20/2023,Porites,8,Control,Ambient,10.421,26.1,53.6,35.4680332
P-8-10,T0,1,7/20/2023,Porites,8,Inorganic,Heated,13.115,25.8,53,35.03635669
P-8-11,T0,1,7/20/2023,Porites,8,Guano,Ambient,11.822,26.1,53.6,35.4680332
P-8-12,T0,1,7/20/2023,Porites,8,Guano,Ambient,13.095,26.1,53.6,35.4680332
P-8-15,T0,1,7/20/2023,Porites,8,Guano,Heated,12.62,25.8,53,35.03635669
P-8-16,T0,1,7/20/2023,Porites,8,Effluent,Ambient,13.98,26.1,53.6,35.4680332
P-8-17,T0,1,7/20/2023,Porites,8,Effluent,Ambient,11.134,26.1,53.6,35.4680332
P-8-2,T0,1,7/20/2023,Porites,8,Control,Ambient,10.735,26.1,53.6,35.4680332
P-8-20,T0,1,7/20/2023,Porites,8,Effluent,Heated,11.869,25.8,53,35.03635669
P-8-22,T0,1,7/20/2023,Porites,8,Control,Heated,11.55,25.8,53,35.03635669
P-8-23,T0,1,7/20/2023,Porites,8,Inorganic,Heated,10.722,25.8,53,35.03635669
P-8-24,T0,1,7/20/2023,Porites,8,Guano,Heated,12.607,25.8,53,35.03635669
P-8-25,T0,1,7/20/2023,Porites,8,Effluent,Heated,10.886,25.8,53,35.03635669
P-8-5,T0,1,7/20/2023,Porites,8,Control,Heated,15.499,25.8,53,35.03635669
P-8-6,T0,1,7/20/2023,Porites,8,Inorganic,Ambient,10.513,26.1,53.6,35.4680332
P-8-7,T0,1,7/20/2023,Porites,8,Inorganic,Ambient,10.63,26.1,53.6,35.4680332
P-9-1,T0,1,7/20/2023,Porites,9,Control,Ambient,12.95,26.1,53.6,35.4680332
P-9-10,T0,1,7/20/2023,Porites,9,Inorganic,Heated,11.539,25.8,53,35.03635669
P-9-11,T0,1,7/20/2023,Porites,9,Guano,Ambient,11.643,26.1,53.6,35.4680332
P-9-12,T0,1,7/20/2023,Porites,9,Guano,Ambient,13.22,26.1,53.6,35.4680332
P-9-15,T0,1,7/20/2023,Porites,9,Guano,Heated,9.493,25.8,53,35.03635669
P-9-16,T0,1,7/20/2023,Porites,9,Effluent,Ambient,9.439,26.1,53.6,35.4680332
P-9-17,T0,1,7/20/2023,Porites,9,Effluent,Ambient,8.469,26.1,53.6,35.4680332
P-9-2,T0,1,7/20/2023,Porites,9,Control,Ambient,9.614,26.1,53.6,35.4680332
P-9-20,T0,1,7/20/2023,Porites,9,Effluent,Heated,11.637,25.8,53,35.03635669
P-9-22,T0,1,7/20/2023,Porites,9,Control,Heated,8.772,25.8,53,35.03635669
P-9-23,T0,1,7/20/2023,Porites,9,Inorganic,Heated,8.358,25.8,53,35.03635669
P-9-24,T0,1,7/20/2023,Porites,9,Guano,Heated,8.652,25.8,53,35.03635669
P-9-25,T0,1,7/20/2023,Porites,9,Effluent,Heated,10.606,25.8,53,35.03635669
P-9-5,T0,1,7/20/2023,Porites,9,Control,Heated,12.065,25.8,53,35.03635669
P-9-6,T0,1,7/20/2023,Porites,9,Inorganic,Ambient,10.095,26.1,53.6,35.4680332
P-9-7,T0,1,7/20/2023,Porites,9,Inorganic,Ambient,9.301,26.1,53.6,35.4680332
plug 1,T0,1,7/20/2023,Montipora,plug,plug,plug,5.935,25.8,53,35.03635669
plug 2,T0,1,7/20/2023,Montipora,plug,plug,plug,5.716,25.8,53,35.03635669
plug 3,T0,1,7/20/2023,Montipora,plug,plug,plug,5.333,25.8,53,35.03635669
plug 4,T0,1,7/20/2023,Montipora,plug,plug,plug,5.962,25.8,53,35.03635669
plug 5,T0,1,7/20/2023,Montipora,plug,plug,plug,5.62,25.8,53,35.03635669
plug 6,T0,1,7/20/2023,Montipora,plug,plug,plug,6.098,25.8,53,35.03635669
plug 7,T0,1,7/20/2023,Montipora,plug,plug,plug,5.268,25.8,53,35.03635669
plug 8,T0,1,7/20/2023,Montipora,plug,plug,plug,5.348,25.8,53,35.03635669
plug 9,T0,1,7/20/2023,Montipora,plug,plug,plug,5.852,25.8,53,35.03635669
plug 10,T0,1,7/20/2023,Montipora,plug,plug,plug,6.179,25.8,53,35.03635669
plug 1,T0,1,7/20/2023,Porites,plug,plug,plug,5.935,25.8,53,35.03635669
plug 2,T0,1,7/20/2023,Porites,plug,plug,plug,5.716,25.8,53,35.03635669
plug 3,T0,1,7/20/2023,Porites,plug,plug,plug,5.333,25.8,53,35.03635669
plug 4,T0,1,7/20/2023,Porites,plug,plug,plug,5.962,25.8,53,35.03635669
plug 5,T0,1,7/20/2023,Porites,plug,plug,plug,5.62,25.8,53,35.03635669
plug 6,T0,1,7/20/2023,Porites,plug,plug,plug,6.098,25.8,53,35.03635669
plug 7,T0,1,7/20/2023,Porites,plug,plug,plug,5.268,25.8,53,35.03635669
plug 8,T0,1,7/20/2023,Porites,plug,plug,plug,5.348,25.8,53,35.03635669
plug 9,T0,1,7/20/2023,Porites,plug,plug,plug,5.852,25.8,53,35.03635669
plug 10,T0,1,7/20/2023,Porites,plug,plug,plug,6.179,25.8,53,35.03635669
M-1-11,T2,57,9/14/2023,Montipora,1,Guano,Ambient,9.981,26.4,53,35.03635669
M-1-12,T2,57,9/14/2023,Montipora,1,Guano,Ambient,9.241,26.4,53,35.03635669
M-2-11,T2,57,9/14/2023,Montipora,2,Guano,Ambient,9.885,26.4,53,35.03635669
M-2-12,T2,57,9/14/2023,Montipora,2,Guano,Ambient,8.793,26.4,53,35.03635669
M-3-11,T2,57,9/14/2023,Montipora,3,Guano,Ambient,8.838,26.4,53,35.03635669
M-3-12,T2,57,9/14/2023,Montipora,3,Guano,Ambient,8.349,26.4,53,35.03635669
M-4-11,T2,57,9/14/2023,Montipora,4,Guano,Ambient,10.077,26.4,53,35.03635669
M-4-12,T2,57,9/14/2023,Montipora,4,Guano,Ambient,8.856,26.4,53,35.03635669
M-5-11,T2,57,9/14/2023,Montipora,5,Guano,Ambient,9.799,26.4,53,35.03635669
M-5-12,T2,57,9/14/2023,Montipora,5,Guano,Ambient,9.266,26.4,53,35.03635669
M-6-11,T2,57,9/14/2023,Montipora,6,Guano,Ambient,9.37,26.4,53,35.03635669
M-6-12,T2,57,9/14/2023,Montipora,6,Guano,Ambient,11.173,26.4,53,35.03635669
M-7-11,T2,57,9/14/2023,Montipora,7,Guano,Ambient,10.263,26.4,53,35.03635669
M-7-12,T2,57,9/14/2023,Montipora,7,Guano,Ambient,11.383,26.4,53,35.03635669
M-8-11,T2,57,9/14/2023,Montipora,8,Guano,Ambient,11.344,26.4,53,35.03635669
M-8-12,T2,57,9/14/2023,Montipora,8,Guano,Ambient,10.908,26.4,53,35.03635669
M-9-11,T2,57,9/14/2023,Montipora,9,Guano,Ambient,7.652,26.4,53,35.03635669
M-9-12,T2,57,9/14/2023,Montipora,9,Guano,Ambient,9.577,26.4,53,35.03635669
M-1-15,T2,57,9/14/2023,Montipora,1,Guano,Heated,9.135,25.9,53.1,35.10827311
M-1-24,T2,57,9/14/2023,Montipora,1,Guano,Heated,7.563,25.9,53.1,35.10827311
M-2-15,T2,57,9/14/2023,Montipora,2,Guano,Heated,8.956,25.9,53.1,35.10827311
M-2-24,T2,57,9/14/2023,Montipora,2,Guano,Heated,8.512,25.9,53.1,35.10827311
M-3-15,T2,57,9/14/2023,Montipora,3,Guano,Heated,8.334,25.9,53.1,35.10827311
M-3-24,T2,57,9/14/2023,Montipora,3,Guano,Heated,8.65,25.9,53.1,35.10827311
M-4-15,T2,57,9/14/2023,Montipora,4,Guano,Heated,10.659,25.9,53.1,35.10827311
M-4-24,T2,57,9/14/2023,Montipora,4,Guano,Heated,8.817,25.9,53.1,35.10827311
M-5-15,T2,57,9/14/2023,Montipora,5,Guano,Heated,7.775,25.9,53.1,35.10827311
M-5-24,T2,57,9/14/2023,Montipora,5,Guano,Heated,8.517,25.9,53.1,35.10827311
M-6-15,T2,57,9/14/2023,Montipora,6,Guano,Heated,8.638,25.9,53.1,35.10827311
M-6-24,T2,57,9/14/2023,Montipora,6,Guano,Heated,13.578,25.9,53.1,35.10827311
M-7-15,T2,57,9/14/2023,Montipora,7,Guano,Heated,9.733,25.9,53.1,35.10827311
M-7-24,T2,57,9/14/2023,Montipora,7,Guano,Heated,10.126,25.9,53.1,35.10827311
M-8-15,T2,57,9/14/2023,Montipora,8,Guano,Heated,13.12,25.9,53.1,35.10827311
M-8-24,T2,57,9/14/2023,Montipora,8,Guano,Heated,9.257,25.9,53.1,35.10827311
M-9-15,T2,57,9/14/2023,Montipora,9,Guano,Heated,7.412,25.9,53.1,35.10827311
M-9-24,T2,57,9/14/2023,Montipora,9,Guano,Heated,10.904,25.9,53.1,35.10827311
M-1-1,T2,57,9/14/2023,Montipora,1,Control,Ambient,9.845,25.9,53.2,35.18020143
M-1-2,T2,57,9/14/2023,Montipora,1,Control,Ambient,8.971,25.9,53.2,35.18020143
M-2-1,T2,57,9/14/2023,Montipora,2,Control,Ambient,9.698,25.9,53.2,35.18020143
M-2-2,T2,57,9/14/2023,Montipora,2,Control,Ambient,8.803,25.9,53.2,35.18020143
M-3-1,T2,57,9/14/2023,Montipora,3,Control,Ambient,9.491,25.9,53.2,35.18020143
M-3-2,T2,57,9/14/2023,Montipora,3,Control,Ambient,8.361,25.9,53.2,35.18020143
M-4-1,T2,57,9/14/2023,Montipora,4,Control,Ambient,8.337,25.9,53.2,35.18020143
M-4-2,T2,57,9/14/2023,Montipora,4,Control,Ambient,9.755,25.9,53.2,35.18020143
M-5-1,T2,57,9/14/2023,Montipora,5,Control,Ambient,8.793,25.9,53.2,35.18020143
M-5-2,T2,57,9/14/2023,Montipora,5,Control,Ambient,8.919,25.9,53.2,35.18020143
M-6-1,T2,57,9/14/2023,Montipora,6,Control,Ambient,9.578,25.9,53.2,35.18020143
M-6-2,T2,57,9/14/2023,Montipora,6,Control,Ambient,10.442,25.9,53.2,35.18020143
M-7-1,T2,57,9/14/2023,Montipora,7,Control,Ambient,8.759,25.9,53.2,35.18020143
M-7-2,T2,57,9/14/2023,Montipora,7,Control,Ambient,8.488,25.9,53.2,35.18020143
M-8-1,T2,57,9/14/2023,Montipora,8,Control,Ambient,10.855,25.9,53.2,35.18020143
M-8-2,T2,57,9/14/2023,Montipora,8,Control,Ambient,9.573,25.9,53.2,35.18020143
M-9-1,T2,57,9/14/2023,Montipora,9,Control,Ambient,9.765,25.9,53.2,35.18020143
M-9-2,T2,57,9/14/2023,Montipora,9,Control,Ambient,9.34,25.9,53.2,35.18020143
M-1-5,T2,57,9/14/2023,Montipora,1,Control,Heated,10.489,25.8,53.1,35.10827311
M-1-22,T2,57,9/14/2023,Montipora,1,Control,Heated,8.699,25.8,53.1,35.10827311
M-2-5,T2,57,9/14/2023,Montipora,2,Control,Heated,8.427,25.8,53.1,35.10827311
M-2-22,T2,57,9/14/2023,Montipora,2,Control,Heated,9.614,25.8,53.1,35.10827311
M-3-5,T2,57,9/14/2023,Montipora,3,Control,Heated,8.462,25.8,53.1,35.10827311
M-3-22,T2,57,9/14/2023,Montipora,3,Control,Heated,9.332,25.8,53.1,35.10827311
M-4-5,T2,57,9/14/2023,Montipora,4,Control,Heated,10.584,25.8,53.1,35.10827311
M-4-22,T2,57,9/14/2023,Montipora,4,Control,Heated,8.351,25.8,53.1,35.10827311
M-5-5,T2,57,9/14/2023,Montipora,5,Control,Heated,9.582,25.8,53.1,35.10827311
M-5-22,T2,57,9/14/2023,Montipora,5,Control,Heated,8.592,25.8,53.1,35.10827311
M-6-5,T2,57,9/14/2023,Montipora,6,Control,Heated,8.792,25.8,53.1,35.10827311
M-6-22,T2,57,9/14/2023,Montipora,6,Control,Heated,10.538,25.8,53.1,35.10827311
M-7-5,T2,57,9/14/2023,Montipora,7,Control,Heated,10.869,25.8,53.1,35.10827311
M-7-22,T2,57,9/14/2023,Montipora,7,Control,Heated,9.687,25.8,53.1,35.10827311
M-8-5,T2,57,9/14/2023,Montipora,8,Control,Heated,10.777,25.8,53.1,35.10827311
M-8-22,T2,57,9/14/2023,Montipora,8,Control,Heated,9.763,25.8,53.1,35.10827311
M-9-5,T2,57,9/14/2023,Montipora,9,Control,Heated,10.168,25.8,53.1,35.10827311
M-9-22,T2,57,9/14/2023,Montipora,9,Control,Heated,10.431,25.8,53.1,35.10827311
M-1-6,T2,57,9/14/2023,Montipora,1,Inorganic,Ambient,8.823,25.7,53.2,35.18020143
M-1-7,T2,57,9/14/2023,Montipora,1,Inorganic,Ambient,8.82,25.7,53.2,35.18020143
M-2-6,T2,57,9/14/2023,Montipora,2,Inorganic,Ambient,9.884,25.7,53.2,35.18020143
M-2-7,T2,57,9/14/2023,Montipora,2,Inorganic,Ambient,8.215,25.7,53.2,35.18020143
M-3-6,T2,57,9/14/2023,Montipora,3,Inorganic,Ambient,10.143,25.7,53.2,35.18020143
M-3-7,T2,57,9/14/2023,Montipora,3,Inorganic,Ambient,8.28,25.7,53.2,35.18020143
M-4-6,T2,57,9/14/2023,Montipora,4,Inorganic,Ambient,10.011,25.7,53.2,35.18020143
M-4-7,T2,57,9/14/2023,Montipora,4,Inorganic,Ambient,8.533,25.7,53.2,35.18020143
M-5-6,T2,57,9/14/2023,Montipora,5,Inorganic,Ambient,10.042,25.7,53.2,35.18020143
M-5-7,T2,57,9/14/2023,Montipora,5,Inorganic,Ambient,9.376,25.7,53.2,35.18020143
M-6-6,T2,57,9/14/2023,Montipora,6,Inorganic,Ambient,10.366,25.7,53.2,35.18020143
M-6-7,T2,57,9/14/2023,Montipora,6,Inorganic,Ambient,10.538,25.7,53.2,35.18020143
M-7-6,T2,57,9/14/2023,Montipora,7,Inorganic,Ambient,9.905,25.7,53.2,35.18020143
M-7-7,T2,57,9/14/2023,Montipora,7,Inorganic,Ambient,8.996,25.7,53.2,35.18020143
M-8-6,T2,57,9/14/2023,Montipora,8,Inorganic,Ambient,10.992,25.7,53.2,35.18020143
M-8-7,T2,57,9/14/2023,Montipora,8,Inorganic,Ambient,12.504,25.7,53.2,35.18020143
M-9-6,T2,57,9/14/2023,Montipora,9,Inorganic,Ambient,11.351,25.7,53.2,35.18020143
M-9-7,T2,57,9/14/2023,Montipora,9,Inorganic,Ambient,9.043,25.7,53.2,35.18020143
M-1-10,T2,57,9/14/2023,Montipora,1,Inorganic,Heated,8.63,25.7,53.1,35.10827311
M-1-23,T2,57,9/14/2023,Montipora,1,Inorganic,Heated,8.366,25.7,53.1,35.10827311
M-2-10,T2,57,9/14/2023,Montipora,2,Inorganic,Heated,9.579,25.7,53.1,35.10827311
M-2-23,T2,57,9/14/2023,Montipora,2,Inorganic,Heated,9.089,25.7,53.1,35.10827311
M-3-10,T2,57,9/14/2023,Montipora,3,Inorganic,Heated,8.471,25.7,53.1,35.10827311
M-3-23,T2,57,9/14/2023,Montipora,3,Inorganic,Heated,9.134,25.7,53.1,35.10827311
M-4-10,T2,57,9/14/2023,Montipora,4,Inorganic,Heated,10.049,25.7,53.1,35.10827311
M-4-23,T2,57,9/14/2023,Montipora,4,Inorganic,Heated,9.668,25.7,53.1,35.10827311
M-5-10,T2,57,9/14/2023,Montipora,5,Inorganic,Heated,8.539,25.7,53.1,35.10827311
M-5-23,T2,57,9/14/2023,Montipora,5,Inorganic,Heated,11.952,25.7,53.1,35.10827311
M-6-10,T2,57,9/14/2023,Montipora,6,Inorganic,Heated,10.473,25.7,53.1,35.10827311
M-6-23,T2,57,9/14/2023,Montipora,6,Inorganic,Heated,10.194,25.7,53.1,35.10827311
M-7-10,T2,57,9/14/2023,Montipora,7,Inorganic,Heated,10.639,25.7,53.1,35.10827311
M-7-23,T2,57,9/14/2023,Montipora,7,Inorganic,Heated,8.537,25.7,53.1,35.10827311
M-8-10,T2,57,9/14/2023,Montipora,8,Inorganic,Heated,11.207,25.7,53.1,35.10827311
M-8-23,T2,57,9/14/2023,Montipora,8,Inorganic,Heated,9.862,25.7,53.1,35.10827311
M-9-10,T2,57,9/14/2023,Montipora,9,Inorganic,Heated,8.152,25.7,53.1,35.10827311
M-9-23,T2,57,9/14/2023,Montipora,9,Inorganic,Heated,9.749,25.7,53.1,35.10827311
M-1-16,T2,57,9/14/2023,Montipora,1,Effluent,Ambient,11.028,25.7,53.2,35.18020143
M-1-17,T2,57,9/14/2023,Montipora,1,Effluent,Ambient,8.865,25.7,53.2,35.18020143
M-2-16,T2,57,9/14/2023,Montipora,2,Effluent,Ambient,8.387,25.7,53.2,35.18020143
M-2-17,T2,57,9/14/2023,Montipora,2,Effluent,Ambient,10.369,25.7,53.2,35.18020143
M-3-16,T2,57,9/14/2023,Montipora,3,Effluent,Ambient,8.717,25.7,53.2,35.18020143
M-3-17,T2,57,9/14/2023,Montipora,3,Effluent,Ambient,8.576,25.7,53.2,35.18020143
M-4-16,T2,57,9/14/2023,Montipora,4,Effluent,Ambient,11.103,25.7,53.2,35.18020143
M-4-17,T2,57,9/14/2023,Montipora,4,Effluent,Ambient,8.842,25.7,53.2,35.18020143
M-5-16,T2,57,9/14/2023,Montipora,5,Effluent,Ambient,8.209,25.7,53.2,35.18020143
M-5-17,T2,57,9/14/2023,Montipora,5,Effluent,Ambient,11.276,25.7,53.2,35.18020143
M-6-16,T2,57,9/14/2023,Montipora,6,Effluent,Ambient,9.501,25.7,53.2,35.18020143
M-6-17,T2,57,9/14/2023,Montipora,6,Effluent,Ambient,10.802,25.7,53.2,35.18020143
M-7-16,T2,57,9/14/2023,Montipora,7,Effluent,Ambient,8.813,25.7,53.2,35.18020143
M-7-17,T2,57,9/14/2023,Montipora,7,Effluent,Ambient,10.227,25.7,53.2,35.18020143
M-8-16,T2,57,9/14/2023,Montipora,8,Effluent,Ambient,18.058,25.7,53.2,35.18020143
M-8-17,T2,57,9/14/2023,Montipora,8,Effluent,Ambient,10.246,25.7,53.2,35.18020143
M-9-16,T2,57,9/14/2023,Montipora,9,Effluent,Ambient,9.946,25.7,53.2,35.18020143
M-9-17,T2,57,9/14/2023,Montipora,9,Effluent,Ambient,10.273,25.7,53.2,35.18020143
M-1-20,T2,57,9/14/2023,Montipora,1,Effluent,Heated,8.78,25.6,53.2,35.18020143
M-1-25,T2,57,9/14/2023,Montipora,1,Effluent,Heated,9.011,25.6,53.2,35.18020143
M-2-20,T2,57,9/14/2023,Montipora,2,Effluent,Heated,9.866,25.6,53.2,35.18020143
M-2-25,T2,57,9/14/2023,Montipora,2,Effluent,Heated,8.708,25.6,53.2,35.18020143
M-3-20,T2,57,9/14/2023,Montipora,3,Effluent,Heated,8.259,25.6,53.2,35.18020143
M-3-25,T2,57,9/14/2023,Montipora,3,Effluent,Heated,8.963,25.6,53.2,35.18020143
M-4-20,T2,57,9/14/2023,Montipora,4,Effluent,Heated,9.221,25.6,53.2,35.18020143
M-4-25,T2,57,9/14/2023,Montipora,4,Effluent,Heated,8.483,25.6,53.2,35.18020143
M-5-20,T2,57,9/14/2023,Montipora,5,Effluent,Heated,9.411,25.6,53.2,35.18020143
M-5-25,T2,57,9/14/2023,Montipora,5,Effluent,Heated,8.89,25.6,53.2,35.18020143
M-6-20,T2,57,9/14/2023,Montipora,6,Effluent,Heated,9.716,25.6,53.2,35.18020143
M-6-25,T2,57,9/14/2023,Montipora,6,Effluent,Heated,10.291,25.6,53.2,35.18020143
M-7-20,T2,57,9/14/2023,Montipora,7,Effluent,Heated,10.53,25.6,53.2,35.18020143
M-7-25,T2,57,9/14/2023,Montipora,7,Effluent,Heated,9.077,25.6,53.2,35.18020143
M-8-20,T2,57,9/14/2023,Montipora,8,Effluent,Heated,9.55,25.6,53.2,35.18020143
M-8-25,T2,57,9/14/2023,Montipora,8,Effluent,Heated,10.953,25.6,53.2,35.18020143
M-9-20,T2,57,9/14/2023,Montipora,9,Effluent,Heated,10.747,25.6,53.2,35.18020143
M-9-25,T2,57,9/14/2023,Montipora,9,Effluent,Heated,11.26,25.6,53.2,35.18020143
plug 1,T2,57,9/14/2023,Montipora,plug,plug,plug,5.217,25.6,53.2,35.18020143
plug 2,T2,57,9/14/2023,Montipora,plug,plug,plug,5.367,25.6,53.2,35.18020143
plug 3,T2,57,9/14/2023,Montipora,plug,plug,plug,6.035,25.6,53.2,35.18020143
plug 4,T2,57,9/14/2023,Montipora,plug,plug,plug,5.83,25.6,53.2,35.18020143
plug 5,T2,57,9/14/2023,Montipora,plug,plug,plug,5.992,25.6,53.2,35.18020143
plug 6,T2,57,9/14/2023,Montipora,plug,plug,plug,5.78,25.6,53.2,35.18020143
plug 7,T2,57,9/14/2023,Montipora,plug,plug,plug,5.669,25.6,53.2,35.18020143
plug 8,T2,57,9/14/2023,Montipora,plug,plug,plug,5.791,25.6,53.2,35.18020143
plug 9,T2,57,9/14/2023,Montipora,plug,plug,plug,5.839,25.6,53.2,35.18020143
plug 10,T2,57,9/14/2023,Montipora,plug,plug,plug,5.903,25.6,53.2,35.18020143
P-1-11,T2,59,9/16/2023,Porites,1,Guano,Ambient,10.104,25.7,53.7,35.54002067
P-1-12,T2,59,9/16/2023,Porites,1,Guano,Ambient,10.242,25.7,53.7,35.54002067
P-2-11,T2,59,9/16/2023,Porites,2,Guano,Ambient,12.803,25.7,53.7,35.54002067
P-2-12,T2,59,9/16/2023,Porites,2,Guano,Ambient,12.114,25.7,53.7,35.54002067
P-3-11,T2,59,9/16/2023,Porites,3,Guano,Ambient,11.381,25.7,53.7,35.54002067
P-3-12,T2,59,9/16/2023,Porites,3,Guano,Ambient,12.964,25.7,53.7,35.54002067
P-4-11,T2,59,9/16/2023,Porites,4,Guano,Ambient,10.29,25.7,53.7,35.54002067
P-4-12,T2,59,9/16/2023,Porites,4,Guano,Ambient,12.302,25.7,53.7,35.54002067
P-5-11,T2,59,9/16/2023,Porites,5,Guano,Ambient,11.185,25.7,53.7,35.54002067
P-5-12,T2,59,9/16/2023,Porites,5,Guano,Ambient,12.33,25.7,53.7,35.54002067
P-6-11,T2,59,9/16/2023,Porites,6,Guano,Ambient,11.65,25.7,53.7,35.54002067
P-6-12,T2,59,9/16/2023,Porites,6,Guano,Ambient,9.236,25.7,53.7,35.54002067
P-7-11,T2,59,9/16/2023,Porites,7,Guano,Ambient,12.847,25.7,53.7,35.54002067
P-7-12,T2,59,9/16/2023,Porites,7,Guano,Ambient,9.475,25.7,53.7,35.54002067
P-8-11,T2,59,9/16/2023,Porites,8,Guano,Ambient,13.194,25.7,53.7,35.54002067
P-8-12,T2,59,9/16/2023,Porites,8,Guano,Ambient,14.376,25.7,53.7,35.54002067
P-9-11,T2,59,9/16/2023,Porites,9,Guano,Ambient,12.906,25.7,53.7,35.54002067
P-9-12,T2,59,9/16/2023,Porites,9,Guano,Ambient,15.058,25.7,53.7,35.54002067
P-1-15,T2,59,9/16/2023,Porites,1,Guano,Heated,11.177,25.7,53.7,35.54002067
P-1-24,T2,59,9/16/2023,Porites,1,Guano,Heated,10.737,25.7,53.7,35.54002067
P-2-15,T2,59,9/16/2023,Porites,2,Guano,Heated,13.142,25.7,53.7,35.54002067
P-2-24,T2,59,9/16/2023,Porites,2,Guano,Heated,12.059,25.7,53.7,35.54002067
P-3-15,T2,59,9/16/2023,Porites,3,Guano,Heated,12.482,25.7,53.7,35.54002067
P-3-24,T2,59,9/16/2023,Porites,3,Guano,Heated,11.726,25.7,53.7,35.54002067
P-4-15,T2,59,9/16/2023,Porites,4,Guano,Heated,12.001,25.7,53.7,35.54002067
P-4-24,T2,59,9/16/2023,Porites,4,Guano,Heated,12.084,25.7,53.7,35.54002067
P-5-15,T2,59,9/16/2023,Porites,5,Guano,Heated,11.155,25.7,53.7,35.54002067
P-5-24,T2,59,9/16/2023,Porites,5,Guano,Heated,12.279,25.7,53.7,35.54002067
P-6-15,T2,59,9/16/2023,Porites,6,Guano,Heated,11.12,25.7,53.7,35.54002067
P-6-24,T2,59,9/16/2023,Porites,6,Guano,Heated,11.979,25.7,53.7,35.54002067
P-7-15,T2,59,9/16/2023,Porites,7,Guano,Heated,11.352,25.7,53.7,35.54002067
P-7-24,T2,59,9/16/2023,Porites,7,Guano,Heated,9.56,25.7,53.7,35.54002067
P-8-15,T2,59,9/16/2023,Porites,8,Guano,Heated,13.632,25.7,53.7,35.54002067
P-8-24,T2,59,9/16/2023,Porites,8,Guano,Heated,13.297,25.7,53.7,35.54002067
P-9-15,T2,59,9/16/2023,Porites,9,Guano,Heated,10.445,25.7,53.7,35.54002067
P-9-24,T2,59,9/16/2023,Porites,9,Guano,Heated,9.274,25.7,53.7,35.54002067
P-1-1,T2,59,9/16/2023,Porites,1,Control,Ambient,10.356,24.2,53.8,35.61201991
P-1-2,T2,59,9/16/2023,Porites,1,Control,Ambient,8.563,24.2,53.8,35.61201991
P-2-1,T2,59,9/16/2023,Porites,2,Control,Ambient,12.132,24.2,53.8,35.61201991
P-2-2,T2,59,9/16/2023,Porites,2,Control,Ambient,11.406,24.2,53.8,35.61201991
P-3-1,T2,59,9/16/2023,Porites,3,Control,Ambient,10.667,24.2,53.8,35.61201991
P-3-2,T2,59,9/16/2023,Porites,3,Control,Ambient,11.091,24.2,53.8,35.61201991
P-4-1,T2,59,9/16/2023,Porites,4,Control,Ambient,12.319,24.2,53.8,35.61201991
P-4-2,T2,59,9/16/2023,Porites,4,Control,Ambient,12.496,24.2,53.8,35.61201991
P-5-1,T2,59,9/16/2023,Porites,5,Control,Ambient,13.467,24.2,53.8,35.61201991
P-5-2,T2,59,9/16/2023,Porites,5,Control,Ambient,14.1,24.2,53.8,35.61201991
P-6-1,T2,59,9/16/2023,Porites,6,Control,Ambient,13.116,24.2,53.8,35.61201991
P-6-2,T2,59,9/16/2023,Porites,6,Control,Ambient,10.609,24.2,53.8,35.61201991
P-7-1,T2,59,9/16/2023,Porites,7,Control,Ambient,11.844,24.2,53.8,35.61201991
P-7-2,T2,59,9/16/2023,Porites,7,Control,Ambient,11.25,24.2,53.8,35.61201991
P-8-1,T2,59,9/16/2023,Porites,8,Control,Ambient,12.049,24.2,53.8,35.61201991
P-8-2,T2,59,9/16/2023,Porites,8,Control,Ambient,11.865,24.2,53.8,35.61201991
P-9-1,T2,59,9/16/2023,Porites,9,Control,Ambient,14.56,24.2,53.8,35.61201991
P-9-2,T2,59,9/16/2023,Porites,9,Control,Ambient,10.611,24.2,53.8,35.61201991
P-1-5,T2,59,9/16/2023,Porites,1,Control,Heated,8.079,24.2,53.8,35.61201991
P-1-22,T2,59,9/16/2023,Porites,1,Control,Heated,10.238,24.2,53.8,35.61201991
P-2-5,T2,59,9/16/2023,Porites,2,Control,Heated,13.058,24.2,53.8,35.61201991
P-2-22,T2,59,9/16/2023,Porites,2,Control,Heated,12.373,24.2,53.8,35.61201991
P-3-5,T2,59,9/16/2023,Porites,3,Control,Heated,9.814,24.2,53.8,35.61201991
P-3-22,T2,59,9/16/2023,Porites,3,Control,Heated,10.088,24.2,53.8,35.61201991
P-4-5,T2,59,9/16/2023,Porites,4,Control,Heated,11.962,24.2,53.8,35.61201991
P-4-22,T2,59,9/16/2023,Porites,4,Control,Heated,12.595,24.2,53.8,35.61201991
P-5-5,T2,59,9/16/2023,Porites,5,Control,Heated,15.806,24.2,53.8,35.61201991
P-5-22,T2,59,9/16/2023,Porites,5,Control,Heated,12.052,24.2,53.8,35.61201991
P-6-5,T2,59,9/16/2023,Porites,6,Control,Heated,14.781,24.2,53.8,35.61201991
P-6-22,T2,59,9/16/2023,Porites,6,Control,Heated,9.106,24.2,53.8,35.61201991
P-7-5,T2,59,9/16/2023,Porites,7,Control,Heated,10.323,24.2,53.8,35.61201991
P-7-22,T2,59,9/16/2023,Porites,7,Control,Heated,10.119,24.2,53.8,35.61201991
P-8-5,T2,59,9/16/2023,Porites,8,Control,Heated,16.614,24.2,53.8,35.61201991
P-8-22,T2,59,9/16/2023,Porites,8,Control,Heated,12.898,24.2,53.8,35.61201991
P-9-5,T2,59,9/16/2023,Porites,9,Control,Heated,13.81,24.2,53.8,35.61201991
P-9-22,T2,59,9/16/2023,Porites,9,Control,Heated,9.47,24.2,53.8,35.61201991
P-1-6,T2,59,9/16/2023,Porites,1,Inorganic,Ambient,9.64,24.1,53.6,35.4680332
P-1-7,T2,59,9/16/2023,Porites,1,Inorganic,Ambient,8.276,24.1,53.6,35.4680332
P-2-6,T2,59,9/16/2023,Porites,2,Inorganic,Ambient,14.213,24.1,53.6,35.4680332
P-2-7,T2,59,9/16/2023,Porites,2,Inorganic,Ambient,11.136,24.1,53.6,35.4680332
P-3-6,T2,59,9/16/2023,Porites,3,Inorganic,Ambient,10.662,24.1,53.6,35.4680332
P-3-7,T2,59,9/16/2023,Porites,3,Inorganic,Ambient,10.98,24.1,53.6,35.4680332
P-4-6,T2,59,9/16/2023,Porites,4,Inorganic,Ambient,13.82,24.1,53.6,35.4680332
P-4-7,T2,59,9/16/2023,Porites,4,Inorganic,Ambient,10.686,24.1,53.6,35.4680332
P-5-6,T2,59,9/16/2023,Porites,5,Inorganic,Ambient,11.328,24.1,53.6,35.4680332
P-5-7,T2,59,9/16/2023,Porites,5,Inorganic,Ambient,11.096,24.1,53.6,35.4680332
P-6-6,T2,59,9/16/2023,Porites,6,Inorganic,Ambient,12.686,24.1,53.6,35.4680332
P-6-7,T2,59,9/16/2023,Porites,6,Inorganic,Ambient,11.432,24.1,53.6,35.4680332
P-7-6,T2,59,9/16/2023,Porites,7,Inorganic,Ambient,10.004,24.1,53.6,35.4680332
P-7-7,T2,59,9/16/2023,Porites,7,Inorganic,Ambient,11.364,24.1,53.6,35.4680332
P-8-6,T2,59,9/16/2023,Porites,8,Inorganic,Ambient,11.512,24.1,53.6,35.4680332
P-8-7,T2,59,9/16/2023,Porites,8,Inorganic,Ambient,11.672,24.1,53.6,35.4680332
P-9-6,T2,59,9/16/2023,Porites,9,Inorganic,Ambient,11.302,24.1,53.6,35.4680332
P-9-7,T2,59,9/16/2023,Porites,9,Inorganic,Ambient,10.426,24.1,53.6,35.4680332
P-1-10,T2,59,9/16/2023,Porites,1,Inorganic,Heated,8.491,24.1,53.6,35.4680332
P-1-23,T2,59,9/16/2023,Porites,1,Inorganic,Heated,9.539,24.1,53.6,35.4680332
P-2-10,T2,59,9/16/2023,Porites,2,Inorganic,Heated,12.15,24.1,53.6,35.4680332
P-2-23,T2,59,9/16/2023,Porites,2,Inorganic,Heated,10.444,24.1,53.6,35.4680332
P-3-10,T2,59,9/16/2023,Porites,3,Inorganic,Heated,13.55,24.1,53.6,35.4680332
P-3-23,T2,59,9/16/2023,Porites,3,Inorganic,Heated,12.124,24.1,53.6,35.4680332
P-4-10,T2,59,9/16/2023,Porites,4,Inorganic,Heated,11.065,24.1,53.6,35.4680332
P-4-23,T2,59,9/16/2023,Porites,4,Inorganic,Heated,12.468,24.1,53.6,35.4680332
P-5-10,T2,59,9/16/2023,Porites,5,Inorganic,Heated,10.228,24.1,53.6,35.4680332
P-5-23,T2,59,9/16/2023,Porites,5,Inorganic,Heated,12.328,24.1,53.6,35.4680332
P-6-10,T2,59,9/16/2023,Porites,6,Inorganic,Heated,13.065,24.1,53.6,35.4680332
P-6-23,T2,59,9/16/2023,Porites,6,Inorganic,Heated,10.722,24.1,53.6,35.4680332
P-7-10,T2,59,9/16/2023,Porites,7,Inorganic,Heated,10.252,24.1,53.6,35.4680332
P-7-23,T2,59,9/16/2023,Porites,7,Inorganic,Heated,10.661,24.1,53.6,35.4680332
P-8-10,T2,59,9/16/2023,Porites,8,Inorganic,Heated,13.406,24.1,53.6,35.4680332
P-8-23,T2,59,9/16/2023,Porites,8,Inorganic,Heated,11.5,24.1,53.6,35.4680332
P-9-10,T2,59,9/16/2023,Porites,9,Inorganic,Heated,12.72,24.1,53.6,35.4680332
P-9-23,T2,59,9/16/2023,Porites,9,Inorganic,Heated,8.797,24.1,53.6,35.4680332
P-1-16,T2,59,9/16/2023,Porites,1,Effluent,Ambient,9.459,23.2,53.4,35.32409365
P-1-17,T2,59,9/16/2023,Porites,1,Effluent,Ambient,9.492,23.2,53.4,35.32409365
P-2-16,T2,59,9/16/2023,Porites,2,Effluent,Ambient,11.451,23.2,53.4,35.32409365
P-2-17,T2,59,9/16/2023,Porites,2,Effluent,Ambient,11.788,23.2,53.4,35.32409365
P-3-16,T2,59,9/16/2023,Porites,3,Effluent,Ambient,10.138,23.2,53.4,35.32409365
P-3-17,T2,59,9/16/2023,Porites,3,Effluent,Ambient,10.499,23.2,53.4,35.32409365
P-4-16,T2,59,9/16/2023,Porites,4,Effluent,Ambient,10.78,23.2,53.4,35.32409365
P-4-17,T2,59,9/16/2023,Porites,4,Effluent,Ambient,12.765,23.2,53.4,35.32409365
P-5-16,T2,59,9/16/2023,Porites,5,Effluent,Ambient,12.083,23.2,53.4,35.32409365
P-5-17,T2,59,9/16/2023,Porites,5,Effluent,Ambient,12.185,23.2,53.4,35.32409365
P-6-16,T2,59,9/16/2023,Porites,6,Effluent,Ambient,14.799,23.2,53.4,35.32409365
P-6-17,T2,59,9/16/2023,Porites,6,Effluent,Ambient,11.836,23.2,53.4,35.32409365
P-7-16,T2,59,9/16/2023,Porites,7,Effluent,Ambient,12.634,23.2,53.4,35.32409365
P-7-17,T2,59,9/16/2023,Porites,7,Effluent,Ambient,10.028,23.2,53.4,35.32409365
P-8-16,T2,59,9/16/2023,Porites,8,Effluent,Ambient,15.431,23.2,53.4,35.32409365
P-8-17,T2,59,9/16/2023,Porites,8,Effluent,Ambient,12.051,23.2,53.4,35.32409365
P-9-16,T2,59,9/16/2023,Porites,9,Effluent,Ambient,9.798,23.2,53.4,35.32409365
P-9-17,T2,59,9/16/2023,Porites,9,Effluent,Ambient,9.211,23.2,53.4,35.32409365
P-1-20,T2,59,9/16/2023,Porites,1,Effluent,Heated,8.916,23.2,53.4,35.32409365
P-1-25,T2,59,9/16/2023,Porites,1,Effluent,Heated,8.98,23.2,53.4,35.32409365
P-2-20,T2,59,9/16/2023,Porites,2,Effluent,Heated,14.32,23.2,53.4,35.32409365
P-2-25,T2,59,9/16/2023,Porites,2,Effluent,Heated,14.125,23.2,53.4,35.32409365
P-3-20,T2,59,9/16/2023,Porites,3,Effluent,Heated,12.761,23.2,53.4,35.32409365
P-3-25,T2,59,9/16/2023,Porites,3,Effluent,Heated,11.148,23.2,53.4,35.32409365
P-4-20,T2,59,9/16/2023,Porites,4,Effluent,Heated,14.2,23.2,53.4,35.32409365
P-4-25,T2,59,9/16/2023,Porites,4,Effluent,Heated,13.702,23.2,53.4,35.32409365
P-5-20,T2,59,9/16/2023,Porites,5,Effluent,Heated,11.004,23.2,53.4,35.32409365
P-5-25,T2,59,9/16/2023,Porites,5,Effluent,Heated,11.483,23.2,53.4,35.32409365
P-6-20,T2,59,9/16/2023,Porites,6,Effluent,Heated,14.017,23.2,53.4,35.32409365
P-6-25,T2,59,9/16/2023,Porites,6,Effluent,Heated,11.139,23.2,53.4,35.32409365
P-7-20,T2,59,9/16/2023,Porites,7,Effluent,Heated,11.457,23.2,53.4,35.32409365
P-7-25,T2,59,9/16/2023,Porites,7,Effluent,Heated,8.695,23.2,53.4,35.32409365
P-8-20,T2,59,9/16/2023,Porites,8,Effluent,Heated,13.026,23.2,53.4,35.32409365
P-8-25,T2,59,9/16/2023,Porites,8,Effluent,Heated,11.958,23.2,53.4,35.32409365
P-9-20,T2,59,9/16/2023,Porites,9,Effluent,Heated,11.978,23.2,53.4,35.32409365
P-9-25,T2,59,9/16/2023,Porites,9,Effluent,Heated,10.831,23.2,53.4,35.32409365
plug 1,T2,59,9/16/2023,Porites,plug,plug,plug,5.305,23.2,53.4,35.32409365
plug 2,T2,59,9/16/2023,Porites,plug,plug,plug,5.952,23.2,53.4,35.32409365
plug 3,T2,59,9/16/2023,Porites,plug,plug,plug,5.87,23.2,53.4,35.32409365
plug 4,T2,59,9/16/2023,Porites,plug,plug,plug,5.449,23.2,53.4,35.32409365
plug 5,T2,59,9/16/2023,Porites,plug,plug,plug,6.066,23.2,53.4,35.32409365
plug 6,T2,59,9/16/2023,Porites,plug,plug,plug,5.856,23.2,53.4,35.32409365
plug 7,T2,59,9/16/2023,Porites,plug,plug,plug,5.917,23.2,53.4,35.32409365
plug 8,T2,59,9/16/2023,Porites,plug,plug,plug,6.009,23.2,53.4,35.32409365
plug 9,T2,59,9/16/2023,Porites,plug,plug,plug,6.139,23.2,53.4,35.32409365
plug 10,T2,59,9/16/2023,Porites,plug,plug,plug,5.753,23.2,53.4,35.32409365
M-1-11,T3,79,10/6/2023,Montipora,1,Guano,Ambient,10.121,27.1,52.9,34.96445218
M-1-12,T3,79,10/6/2023,Montipora,1,Guano,Ambient,9.406,27.1,52.9,34.96445218
M-2-11,T3,79,10/6/2023,Montipora,2,Guano,Ambient,10.051,27.1,52.9,34.96445218
M-2-12,T3,79,10/6/2023,Montipora,2,Guano,Ambient,8.896,27.1,52.9,34.96445218
M-3-11,T3,79,10/6/2023,Montipora,3,Guano,Ambient,8.958,27.1,52.9,34.96445218
M-3-12,T3,79,10/6/2023,Montipora,3,Guano,Ambient,8.415,27.1,52.9,34.96445218
M-4-11,T3,79,10/6/2023,Montipora,4,Guano,Ambient,10.149,27.1,52.9,34.96445218
M-4-12,T3,79,10/6/2023,Montipora,4,Guano,Ambient,8.928,27.1,52.9,34.96445218
M-5-11,T3,79,10/6/2023,Montipora,5,Guano,Ambient,9.986,27.1,52.9,34.96445218
M-5-12,T3,79,10/6/2023,Montipora,5,Guano,Ambient,9.452,27.1,52.9,34.96445218
M-6-11,T3,79,10/6/2023,Montipora,6,Guano,Ambient,9.4,27.1,52.9,34.96445218
M-6-12,T3,79,10/6/2023,Montipora,6,Guano,Ambient,11.308,27.1,52.9,34.96445218
M-7-11,T3,79,10/6/2023,Montipora,7,Guano,Ambient,10.382,24.3,53.3,35.25214161
M-7-12,T3,79,10/6/2023,Montipora,7,Guano,Ambient,11.513,24.3,53.3,35.25214161
M-8-11,T3,79,10/6/2023,Montipora,8,Guano,Ambient,11.642,24.3,53.3,35.25214161
M-8-12,T3,79,10/6/2023,Montipora,8,Guano,Ambient,11.1,24.3,53.3,35.25214161
M-9-11,T3,79,10/6/2023,Montipora,9,Guano,Ambient,7.781,24.3,53.3,35.25214161
M-9-12,T3,79,10/6/2023,Montipora,9,Guano,Ambient,9.854,24.3,53.3,35.25214161
M-1-15,T3,79,10/6/2023,Montipora,1,Guano,Heated,9.165,25.7,53.2,35.18020143
M-1-24,T3,79,10/6/2023,Montipora,1,Guano,Heated,7.59,25.7,53.2,35.18020143
M-2-15,T3,79,10/6/2023,Montipora,2,Guano,Heated,9.036,25.7,53.2,35.18020143
M-2-24,T3,79,10/6/2023,Montipora,2,Guano,Heated,8.601,25.7,53.2,35.18020143
M-3-15,T3,79,10/6/2023,Montipora,3,Guano,Heated,8.373,25.7,53.2,35.18020143
M-3-24,T3,79,10/6/2023,Montipora,3,Guano,Heated,8.689,25.7,53.2,35.18020143
M-4-15,T3,79,10/6/2023,Montipora,4,Guano,Heated,10.686,25.7,53.2,35.18020143
M-4-24,T3,79,10/6/2023,Montipora,4,Guano,Heated,8.852,25.7,53.2,35.18020143
M-5-15,T3,79,10/6/2023,Montipora,5,Guano,Heated,7.909,25.7,53.2,35.18020143
M-5-24,T3,79,10/6/2023,Montipora,5,Guano,Heated,8.646,25.7,53.2,35.18020143
M-6-15,T3,79,10/6/2023,Montipora,6,Guano,Heated,NA,25.7,53.2,35.18020143
M-6-24,T3,79,10/6/2023,Montipora,6,Guano,Heated,NA,25.7,53.2,35.18020143
M-7-15,T3,79,10/6/2023,Montipora,7,Guano,Heated,NA,26.3,53,35.03635669
M-7-24,T3,79,10/6/2023,Montipora,7,Guano,Heated,NA,26.3,53,35.03635669
M-8-15,T3,79,10/6/2023,Montipora,8,Guano,Heated,13.387,26.3,53,35.03635669
M-8-24,T3,79,10/6/2023,Montipora,8,Guano,Heated,9.427,26.3,53,35.03635669
M-9-15,T3,79,10/6/2023,Montipora,9,Guano,Heated,7.503,26.3,53,35.03635669
M-9-24,T3,79,10/6/2023,Montipora,9,Guano,Heated,11.17,26.3,53,35.03635669
M-1-1,T3,79,10/6/2023,Montipora,1,Control,Ambient,10.036,24.3,53.3,35.25214161
M-1-2,T3,79,10/6/2023,Montipora,1,Control,Ambient,9.108,24.3,53.3,35.25214161
M-2-1,T3,79,10/6/2023,Montipora,2,Control,Ambient,9.891,24.3,53.3,35.25214161
M-2-2,T3,79,10/6/2023,Montipora,2,Control,Ambient,8.982,25.7,53.2,35.18020143
M-3-1,T3,79,10/6/2023,Montipora,3,Control,Ambient,9.663,24.3,53.3,35.25214161
M-3-2,T3,79,10/6/2023,Montipora,3,Control,Ambient,8.493,25.7,53.2,35.18020143
M-4-1,T3,79,10/6/2023,Montipora,4,Control,Ambient,8.381,25.9,52.9,34.96445218
M-4-2,T3,79,10/6/2023,Montipora,4,Control,Ambient,9.814,25.7,53.2,35.18020143
M-5-1,T3,79,10/6/2023,Montipora,5,Control,Ambient,8.985,25.9,52.9,34.96445218
M-5-2,T3,79,10/6/2023,Montipora,5,Control,Ambient,9.11,25.9,52.9,34.96445218
M-6-1,T3,79,10/6/2023,Montipora,6,Control,Ambient,9.585,25.9,52.9,34.96445218
M-6-2,T3,79,10/6/2023,Montipora,6,Control,Ambient,10.572,25.9,52.9,34.96445218
M-7-1,T3,79,10/6/2023,Montipora,7,Control,Ambient,8.861,24.3,53.3,35.25214161
M-7-2,T3,79,10/6/2023,Montipora,7,Control,Ambient,8.596,24.3,53.3,35.25214161
M-8-1,T3,79,10/6/2023,Montipora,8,Control,Ambient,11.097,24.3,53.3,35.25214161
M-8-2,T3,79,10/6/2023,Montipora,8,Control,Ambient,9.722,25.7,53.2,35.18020143
M-9-1,T3,79,10/6/2023,Montipora,9,Control,Ambient,9.764,24.3,53.3,35.25214161
M-9-2,T3,79,10/6/2023,Montipora,9,Control,Ambient,9.457,24.3,53.3,35.25214161
M-1-5,T3,79,10/6/2023,Montipora,1,Control,Heated,10.5,26.3,53,35.03635669
M-1-22,T3,79,10/6/2023,Montipora,1,Control,Heated,8.714,26.3,53,35.03635669
M-2-5,T3,79,10/6/2023,Montipora,2,Control,Heated,8.478,26.3,53,35.03635669
M-2-22,T3,79,10/6/2023,Montipora,2,Control,Heated,9.756,26.3,53,35.03635669
M-3-5,T3,79,10/6/2023,Montipora,3,Control,Heated,8.572,26.3,53,35.03635669
M-3-22,T3,79,10/6/2023,Montipora,3,Control,Heated,9.432,26.3,53,35.03635669
M-4-5,T3,79,10/6/2023,Montipora,4,Control,Heated,8.804,26.3,53,35.03635669
M-4-22,T3,79,10/6/2023,Montipora,4,Control,Heated,8.325,26.3,53,35.03635669
M-5-5,T3,79,10/6/2023,Montipora,5,Control,Heated,9.659,26.3,53,35.03635669
M-5-22,T3,79,10/6/2023,Montipora,5,Control,Heated,8.729,26.3,53,35.03635669
M-6-5,T3,79,10/6/2023,Montipora,6,Control,Heated,NA,26.3,53,35.03635669
M-6-22,T3,79,10/6/2023,Montipora,6,Control,Heated,NA,26.3,53,35.03635669
M-7-5,T3,79,10/6/2023,Montipora,7,Control,Heated,10.871,26.3,53,35.03635669
M-7-22,T3,79,10/6/2023,Montipora,7,Control,Heated,9.717,26.3,53,35.03635669
M-8-5,T3,79,10/6/2023,Montipora,8,Control,Heated,10.975,26.3,53,35.03635669
M-8-22,T3,79,10/6/2023,Montipora,8,Control,Heated,9.942,26.3,53,35.03635669
M-9-5,T3,79,10/6/2023,Montipora,9,Control,Heated,10.378,26.3,53,35.03635669
M-9-22,T3,79,10/6/2023,Montipora,9,Control,Heated,10.631,26.3,53,35.03635669
M-1-6,T3,79,10/6/2023,Montipora,1,Inorganic,Ambient,9.046,27.1,52.9,34.96445218
M-1-7,T3,79,10/6/2023,Montipora,1,Inorganic,Ambient,8.982,27.1,52.9,34.96445218
M-2-6,T3,79,10/6/2023,Montipora,2,Inorganic,Ambient,10.102,27.1,52.9,34.96445218
M-2-7,T3,79,10/6/2023,Montipora,2,Inorganic,Ambient,8.346,27.1,52.9,34.96445218
M-3-6,T3,79,10/6/2023,Montipora,3,Inorganic,Ambient,10.433,27.1,52.9,34.96445218
M-3-7,T3,79,10/6/2023,Montipora,3,Inorganic,Ambient,8.44,27.1,52.9,34.96445218
M-4-6,T3,79,10/6/2023,Montipora,4,Inorganic,Ambient,10.106,27.1,52.9,34.96445218
M-4-7,T3,79,10/6/2023,Montipora,4,Inorganic,Ambient,8.632,27.1,52.9,34.96445218
M-5-6,T3,79,10/6/2023,Montipora,5,Inorganic,Ambient,10.291,27.1,52.9,34.96445218
M-5-7,T3,79,10/6/2023,Montipora,5,Inorganic,Ambient,9.685,27.1,52.9,34.96445218
M-6-6,T3,79,10/6/2023,Montipora,6,Inorganic,Ambient,10.533,27.1,52.9,34.96445218
M-6-7,T3,79,10/6/2023,Montipora,6,Inorganic,Ambient,10.699,27.1,52.9,34.96445218
M-7-6,T3,79,10/6/2023,Montipora,7,Inorganic,Ambient,9.943,27.1,52.9,34.96445218
M-7-7,T3,79,10/6/2023,Montipora,7,Inorganic,Ambient,9.074,27.1,52.9,34.96445218
M-8-6,T3,79,10/6/2023,Montipora,8,Inorganic,Ambient,11.255,27.1,52.9,34.96445218
M-8-7,T3,79,10/6/2023,Montipora,8,Inorganic,Ambient,12.798,27.1,52.9,34.96445218
M-9-6,T3,79,10/6/2023,Montipora,9,Inorganic,Ambient,11.592,27.1,52.9,34.96445218
M-9-7,T3,79,10/6/2023,Montipora,9,Inorganic,Ambient,9.174,27.1,52.9,34.96445218
M-1-10,T3,79,10/6/2023,Montipora,1,Inorganic,Heated,8.684,25.7,53.2,35.18020143
M-1-23,T3,79,10/6/2023,Montipora,1,Inorganic,Heated,8.414,25.7,53.2,35.18020143
M-2-10,T3,79,10/6/2023,Montipora,2,Inorganic,Heated,9.797,25.7,53.2,35.18020143
M-2-23,T3,79,10/6/2023,Montipora,2,Inorganic,Heated,9.162,25.7,53.2,35.18020143
M-3-10,T3,79,10/6/2023,Montipora,3,Inorganic,Heated,8.579,25.7,53.2,35.18020143
M-3-23,T3,79,10/6/2023,Montipora,3,Inorganic,Heated,9.247,25.7,53.2,35.18020143
M-4-10,T3,79,10/6/2023,Montipora,4,Inorganic,Heated,10.029,25.7,53.2,35.18020143
M-4-23,T3,79,10/6/2023,Montipora,4,Inorganic,Heated,9.726,25.7,53.2,35.18020143
M-5-10,T3,79,10/6/2023,Montipora,5,Inorganic,Heated,8.606,25.7,53.2,35.18020143
M-5-23,T3,79,10/6/2023,Montipora,5,Inorganic,Heated,12.079,25.7,53.2,35.18020143
M-6-10,T3,79,10/6/2023,Montipora,6,Inorganic,Heated,NA,25.7,53.2,35.18020143
M-6-23,T3,79,10/6/2023,Montipora,6,Inorganic,Heated,10.228,25.7,53.2,35.18020143
M-7-10,T3,79,10/6/2023,Montipora,7,Inorganic,Heated,10.709,25.7,53.2,35.18020143
M-7-23,T3,79,10/6/2023,Montipora,7,Inorganic,Heated,NA,25.7,53.2,35.18020143
M-8-10,T3,79,10/6/2023,Montipora,8,Inorganic,Heated,11.5,25.7,53.2,35.18020143
M-8-23,T3,79,10/6/2023,Montipora,8,Inorganic,Heated,10.056,25.7,53.2,35.18020143
M-9-10,T3,79,10/6/2023,Montipora,9,Inorganic,Heated,8.298,25.7,53.2,35.18020143
M-9-23,T3,79,10/6/2023,Montipora,9,Inorganic,Heated,9.947,25.7,53.2,35.18020143
M-1-16,T3,79,10/6/2023,Montipora,1,Effluent,Ambient,11.389,25.9,52.9,34.96445218
M-1-17,T3,79,10/6/2023,Montipora,1,Effluent,Ambient,9.045,25.9,52.9,34.96445218
M-2-16,T3,79,10/6/2023,Montipora,2,Effluent,Ambient,8.594,25.9,52.9,34.96445218
M-2-17,T3,79,10/6/2023,Montipora,2,Effluent,Ambient,10.719,25.9,52.9,34.96445218
M-3-16,T3,79,10/6/2023,Montipora,3,Effluent,Ambient,8.876,25.9,52.9,34.96445218
M-3-17,T3,79,10/6/2023,Montipora,3,Effluent,Ambient,8.673,25.9,52.9,34.96445218
M-4-16,T3,79,10/6/2023,Montipora,4,Effluent,Ambient,11.233,24.3,53.3,35.25214161
M-4-17,T3,79,10/6/2023,Montipora,4,Effluent,Ambient,9.014,24.3,53.3,35.25214161
M-5-16,T3,79,10/6/2023,Montipora,5,Effluent,Ambient,8.361,24.3,53.3,35.25214161
M-5-17,T3,79,10/6/2023,Montipora,5,Effluent,Ambient,11.595,24.3,53.3,35.25214161
M-6-16,T3,79,10/6/2023,Montipora,6,Effluent,Ambient,9.639,24.3,53.3,35.25214161
M-6-17,T3,79,10/6/2023,Montipora,6,Effluent,Ambient,11.188,24.3,53.3,35.25214161
M-7-16,T3,79,10/6/2023,Montipora,7,Effluent,Ambient,8.89,27.1,52.9,34.96445218
M-7-17,T3,79,10/6/2023,Montipora,7,Effluent,Ambient,10.237,27.1,52.9,34.96445218
M-8-16,T3,79,10/6/2023,Montipora,8,Effluent,Ambient,18.507,27.1,52.9,34.96445218
M-8-17,T3,79,10/6/2023,Montipora,8,Effluent,Ambient,10.611,27.1,52.9,34.96445218
M-9-16,T3,79,10/6/2023,Montipora,9,Effluent,Ambient,10.155,27.1,52.9,34.96445218
M-9-17,T3,79,10/6/2023,Montipora,9,Effluent,Ambient,10.545,27.1,52.9,34.96445218
M-1-20,T3,79,10/6/2023,Montipora,1,Effluent,Heated,8.901,26.3,53,35.03635669
M-1-25,T3,79,10/6/2023,Montipora,1,Effluent,Heated,9.116,26.3,53,35.03635669
M-2-20,T3,79,10/6/2023,Montipora,2,Effluent,Heated,10.109,26.3,53,35.03635669
M-2-25,T3,79,10/6/2023,Montipora,2,Effluent,Heated,8.773,26.3,53,35.03635669
M-3-20,T3,79,10/6/2023,Montipora,3,Effluent,Heated,8.393,26.3,53,35.03635669
M-3-25,T3,79,10/6/2023,Montipora,3,Effluent,Heated,9.105,26.3,53,35.03635669
M-4-20,T3,79,10/6/2023,Montipora,4,Effluent,Heated,9.304,26.3,53,35.03635669
M-4-25,T3,79,10/6/2023,Montipora,4,Effluent,Heated,8.576,26.3,53,35.03635669
M-5-20,T3,79,10/6/2023,Montipora,5,Effluent,Heated,9.595,26.3,53,35.03635669
M-5-25,T3,79,10/6/2023,Montipora,5,Effluent,Heated,9.063,26.3,53,35.03635669
M-6-20,T3,79,10/6/2023,Montipora,6,Effluent,Heated,9.764,26.3,53,35.03635669
M-6-25,T3,79,10/6/2023,Montipora,6,Effluent,Heated,10.289,26.3,53,35.03635669
M-7-20,T3,79,10/6/2023,Montipora,7,Effluent,Heated,10.529,25.7,53.2,35.18020143
M-7-25,T3,79,10/6/2023,Montipora,7,Effluent,Heated,9.206,25.7,53.2,35.18020143
M-8-20,T3,79,10/6/2023,Montipora,8,Effluent,Heated,9.756,25.7,53.2,35.18020143
M-8-25,T3,79,10/6/2023,Montipora,8,Effluent,Heated,11.383,25.7,53.2,35.18020143
M-9-20,T3,79,10/6/2023,Montipora,9,Effluent,Heated,10.939,25.7,53.2,35.18020143
M-9-25,T3,79,10/6/2023,Montipora,9,Effluent,Heated,11.514,25.7,53.2,35.18020143
plug 1,T3,79,10/6/2023,Montipora,plug,plug,plug,5.835,26,53.1,35.10827311
plug 2,T3,79,10/6/2023,Montipora,plug,plug,plug,6.026,26,53.1,35.10827311
plug 3,T3,79,10/6/2023,Montipora,plug,plug,plug,5.795,26,53.1,35.10827311
plug 4,T3,79,10/6/2023,Montipora,plug,plug,plug,5.986,26,53.1,35.10827311
plug 5,T3,79,10/6/2023,Montipora,plug,plug,plug,5.945,26,53.1,35.10827311
plug 6,T3,79,10/6/2023,Montipora,plug,plug,plug,5.505,26,53.1,35.10827311
plug 7,T3,79,10/6/2023,Montipora,plug,plug,plug,5.839,26,53.1,35.10827311
plug 8,T3,79,10/6/2023,Montipora,plug,plug,plug,6.228,26,53.1,35.10827311
plug 9,T3,79,10/6/2023,Montipora,plug,plug,plug,6.338,26,53.1,35.10827311
plug 10,T3,79,10/6/2023,Montipora,plug,plug,plug,6.079,26,53.1,35.10827311
P-1-11,T3,80,10/7/2023,Porites,1,Guano,Ambient,10.203,24.5,52.7,34.82067898
P-2-11,T3,80,10/7/2023,Porites,2,Guano,Ambient,13.15,24.5,52.7,34.82067898
P-3-11,T3,80,10/7/2023,Porites,3,Guano,Ambient,11.452,24.5,52.7,34.82067898
P-4-11,T3,80,10/7/2023,Porites,4,Guano,Ambient,10.604,25.1,53,35.03635669
P-5-11,T3,80,10/7/2023,Porites,5,Guano,Ambient,11.328,25.1,53,35.03635669
P-6-11,T3,80,10/7/2023,Porites,6,Guano,Ambient,12.12,25.1,53,35.03635669
P-7-11,T3,80,10/7/2023,Porites,7,Guano,Ambient,13.12,25.1,53,35.03635669
P-8-11,T3,80,10/7/2023,Porites,8,Guano,Ambient,13.62,25.1,53,35.03635669
P-9-11,T3,80,10/7/2023,Porites,9,Guano,Ambient,13.421,25.1,53,35.03635669
P-1-15,T3,80,10/7/2023,Porites,1,Guano,Heated,11.225,24.5,52.7,34.82067898
P-2-15,T3,80,10/7/2023,Porites,2,Guano,Heated,13.063,24.5,52.7,34.82067898
P-4-15,T3,80,10/7/2023,Porites,4,Guano,Heated,12.106,25.1,53,35.03635669
P-5-15,T3,80,10/7/2023,Porites,5,Guano,Heated,11.23,25.1,53,35.03635669
P-6-15,T3,80,10/7/2023,Porites,6,Guano,Heated,11.021,25.1,53,35.03635669
P-1-1,T3,80,10/7/2023,Porites,1,Control,Ambient,10.491,24.5,52.7,34.82067898
P-2-1,T3,80,10/7/2023,Porites,2,Control,Ambient,12.388,24.5,52.7,34.82067898
P-3-1,T3,80,10/7/2023,Porites,3,Control,Ambient,10.803,24.5,52.7,34.82067898
P-4-1,T3,80,10/7/2023,Porites,4,Control,Ambient,12.786,24.5,52.7,34.82067898
P-5-1,T3,80,10/7/2023,Porites,5,Control,Ambient,13.831,24.5,52.7,34.82067898
P-6-1,T3,80,10/7/2023,Porites,6,Control,Ambient,13.714,24.5,52.7,34.82067898
P-7-1,T3,80,10/7/2023,Porites,7,Control,Ambient,12.152,25.1,53,35.03635669
P-8-1,T3,80,10/7/2023,Porites,8,Control,Ambient,12.371,25.1,53,35.03635669
P-9-1,T3,80,10/7/2023,Porites,9,Control,Ambient,15.124,25.1,53,35.03635669
P-1-5,T3,80,10/7/2023,Porites,1,Control,Heated,8.103,24.5,52.7,34.82067898
P-2-5,T3,80,10/7/2023,Porites,2,Control,Heated,13.098,24.5,52.7,34.82067898
P-4-5,T3,80,10/7/2023,Porites,4,Control,Heated,11.989,24.5,52.7,34.82067898
P-5-5,T3,80,10/7/2023,Porites,5,Control,Heated,15.996,24.5,52.7,34.82067898
P-6-5,T3,80,10/7/2023,Porites,6,Control,Heated,14.899,24.5,52.7,34.82067898
P-7-5,T3,80,10/7/2023,Porites,7,Control,Heated,10.278,25.1,53,35.03635669
P-8-5,T3,80,10/7/2023,Porites,8,Control,Heated,16.262,25.1,53,35.03635669
P-9-5,T3,80,10/7/2023,Porites,9,Control,Heated,14.037,25.1,53,35.03635669
P-1-6,T3,80,10/7/2023,Porites,1,Inorganic,Ambient,9.75,24.5,52.7,34.82067898
P-2-6,T3,80,10/7/2023,Porites,2,Inorganic,Ambient,14.6,24.5,52.7,34.82067898
P-4-6,T3,80,10/7/2023,Porites,4,Inorganic,Ambient,14.574,24.5,52.7,34.82067898
P-5-6,T3,80,10/7/2023,Porites,5,Inorganic,Ambient,11.647,24.5,52.7,34.82067898
P-6-6,T3,80,10/7/2023,Porites,6,Inorganic,Ambient,13.536,24.5,52.7,34.82067898
P-7-6,T3,80,10/7/2023,Porites,7,Inorganic,Ambient,10.344,25.1,53,35.03635669
P-8-6,T3,80,10/7/2023,Porites,8,Inorganic,Ambient,11.743,25.1,53,35.03635669
P-9-6,T3,80,10/7/2023,Porites,9,Inorganic,Ambient,11.817,25.1,53,35.03635669
P-1-10,T3,80,10/7/2023,Porites,1,Inorganic,Heated,8.508,24.5,52.7,34.82067898
P-2-10,T3,80,10/7/2023,Porites,2,Inorganic,Heated,11.958,24.5,52.7,34.82067898
P-3-10,T3,80,10/7/2023,Porites,3,Inorganic,Heated,13.59,24.5,52.7,34.82067898
P-4-10,T3,80,10/7/2023,Porites,4,Inorganic,Heated,11.052,24.5,52.7,34.82067898
P-5-10,T3,80,10/7/2023,Porites,5,Inorganic,Heated,10.11,24.5,52.7,34.82067898
P-6-10,T3,80,10/7/2023,Porites,6,Inorganic,Heated,13.022,24.5,52.7,34.82067898
P-7-10,T3,80,10/7/2023,Porites,7,Inorganic,Heated,10.277,25.1,53,35.03635669
P-8-10,T3,80,10/7/2023,Porites,8,Inorganic,Heated,13.457,25.1,53,35.03635669
P-9-10,T3,80,10/7/2023,Porites,9,Inorganic,Heated,12.898,25.1,53,35.03635669
P-1-16,T3,80,10/7/2023,Porites,1,Effluent,Ambient,9.636,25.1,53,35.03635669
P-2-16,T3,80,10/7/2023,Porites,2,Effluent,Ambient,11.815,25.1,53,35.03635669
P-3-16,T3,80,10/7/2023,Porites,3,Effluent,Ambient,10.211,25.1,53,35.03635669
P-4-16,T3,80,10/7/2023,Porites,4,Effluent,Ambient,11.062,25.1,53,35.03635669
P-5-16,T3,80,10/7/2023,Porites,5,Effluent,Ambient,12.394,25.1,53,35.03635669
P-6-16,T3,80,10/7/2023,Porites,6,Effluent,Ambient,15.236,25.1,53,35.03635669
P-7-16,T3,80,10/7/2023,Porites,7,Effluent,Ambient,13.235,24.5,52.7,34.82067898
P-8-16,T3,80,10/7/2023,Porites,8,Effluent,Ambient,15.686,24.5,52.7,34.82067898
P-9-16,T3,80,10/7/2023,Porites,9,Effluent,Ambient,9.942,24.5,52.7,34.82067898
P-2-20,T3,80,10/7/2023,Porites,2,Effluent,Heated,14.217,25.1,53,35.03635669
P-4-20,T3,80,10/7/2023,Porites,4,Effluent,Heated,14.306,25.1,53,35.03635669
P-5-20,T3,80,10/7/2023,Porites,5,Effluent,Heated,10.971,25.1,53,35.03635669
P-7-20,T3,80,10/7/2023,Porites,7,Effluent,Heated,11.469,24.5,52.7,34.82067898
P-8-20,T3,80,10/7/2023,Porites,8,Effluent,Heated,12.934,24.5,52.7,34.82067898
P-9-20,T3,80,10/7/2023,Porites,9,Effluent,Heated,11.749,24.5,52.7,34.82067898
plug 1,T3,80,10/7/2023,Porites,plug,plug,plug,6.178,25,53,35.03635669
plug 2,T3,80,10/7/2023,Porites,plug,plug,plug,6.519,25,53,35.03635669
plug 3,T3,80,10/7/2023,Porites,plug,plug,plug,6.574,25,53,35.03635669
plug 4,T3,80,10/7/2023,Porites,plug,plug,plug,6.097,25,53,35.03635669
plug 5,T3,80,10/7/2023,Porites,plug,plug,plug,6.163,25,53,35.03635669
plug 6,T3,80,10/7/2023,Porites,plug,plug,plug,5.898,25,53,35.03635669
plug 7,T3,80,10/7/2023,Porites,plug,plug,plug,6.01,25,53,35.03635669
plug 8,T3,80,10/7/2023,Porites,plug,plug,plug,5.575,25,53,35.03635669
plug 9,T3,80,10/7/2023,Porites,plug,plug,plug,5.901,25,53,35.03635669
plug 10,T3,80,10/7/2023,Porites,plug,plug,plug,6.045,25,53,35.03635669
P-1-12,T3,81,10/8/2023,Porites,1,Guano,Ambient,10.37,26.4,53.5,35.39605752
P-2-12,T3,81,10/8/2023,Porites,2,Guano,Ambient,12.49,26.4,53.5,35.39605752
P-3-12,T3,81,10/8/2023,Porites,3,Guano,Ambient,12.997,26.4,53.5,35.39605752
P-4-12,T3,81,10/8/2023,Porites,4,Guano,Ambient,12.838,26.8,52.9,34.96445218
P-5-12,T3,81,10/8/2023,Porites,5,Guano,Ambient,12.65,26.8,52.9,34.96445218
P-6-12,T3,81,10/8/2023,Porites,6,Guano,Ambient,9.45,26.8,52.9,34.96445218
P-7-12,T3,81,10/8/2023,Porites,7,Guano,Ambient,9.957,26.8,52.9,34.96445218
P-8-12,T3,81,10/8/2023,Porites,8,Guano,Ambient,14.72,26.8,52.9,34.96445218
P-9-12,T3,81,10/8/2023,Porites,9,Guano,Ambient,15.655,26.8,52.9,34.96445218
P-1-24,T3,81,10/8/2023,Porites,1,Guano,Heated,10.797,26.4,53.5,35.39605752
P-2-24,T3,81,10/8/2023,Porites,2,Guano,Heated,11.976,26.4,53.5,35.39605752
P-3-15,T3,81,10/8/2023,Porites,3,Guano,Heated,NA,,,0
P-3-24,T3,81,10/8/2023,Porites,3,Guano,Heated,NA,,,0
P-4-24,T3,81,10/8/2023,Porites,4,Guano,Heated,12.183,26.8,52.9,34.96445218
P-5-24,T3,81,10/8/2023,Porites,5,Guano,Heated,NA,,,0
P-6-24,T3,81,10/8/2023,Porites,6,Guano,Heated,NA,,,0
P-7-15,T3,81,10/8/2023,Porites,7,Guano,Heated,NA,,,0
P-7-24,T3,81,10/8/2023,Porites,7,Guano,Heated,NA,,,0
P-8-15,T3,81,10/8/2023,Porites,8,Guano,Heated,NA,,,0
P-8-24,T3,81,10/8/2023,Porites,8,Guano,Heated,12.74,26.8,52.9,34.96445218
P-9-15,T3,81,10/8/2023,Porites,9,Guano,Heated,NA,,,0
P-9-24,T3,81,10/8/2023,Porites,9,Guano,Heated,NA,,,0
P-1-2,T3,81,10/8/2023,Porites,1,Control,Ambient,8.695,26.4,53.5,35.39605752
P-2-2,T3,81,10/8/2023,Porites,2,Control,Ambient,11.719,26.4,53.5,35.39605752
P-3-2,T3,81,10/8/2023,Porites,3,Control,Ambient,11.294,26.4,53.5,35.39605752
P-4-2,T3,81,10/8/2023,Porites,4,Control,Ambient,13.133,26.4,53.5,35.39605752
P-5-2,T3,81,10/8/2023,Porites,5,Control,Ambient,14.343,26.4,53.5,35.39605752
P-6-2,T3,81,10/8/2023,Porites,6,Control,Ambient,10.938,26.4,53.5,35.39605752
P-7-2,T3,81,10/8/2023,Porites,7,Control,Ambient,11.824,26.8,52.9,34.96445218
P-8-2,T3,81,10/8/2023,Porites,8,Control,Ambient,12.148,26.8,52.9,34.96445218
P-9-2,T3,81,10/8/2023,Porites,9,Control,Ambient,10.949,26.8,52.9,34.96445218
P-1-22,T3,81,10/8/2023,Porites,1,Control,Heated,10.312,26.4,53.5,35.39605752
P-2-22,T3,81,10/8/2023,Porites,2,Control,Heated,12.496,26.4,53.5,35.39605752
P-3-5,T3,81,10/8/2023,Porites,3,Control,Heated,NA,,,0
P-3-22,T3,81,10/8/2023,Porites,3,Control,Heated,NA,,,0
P-4-22,T3,81,10/8/2023,Porites,4,Control,Heated,12.769,26.4,53.5,35.39605752
P-5-22,T3,81,10/8/2023,Porites,5,Control,Heated,12.059,26.4,53.5,35.39605752
P-6-22,T3,81,10/8/2023,Porites,6,Control,Heated,9.028,26.4,53.5,35.39605752
P-7-22,T3,81,10/8/2023,Porites,7,Control,Heated,10.132,26.8,52.9,34.96445218
P-8-22,T3,81,10/8/2023,Porites,8,Control,Heated,12.958,26.8,52.9,34.96445218
P-9-22,T3,81,10/8/2023,Porites,9,Control,Heated,9.554,26.8,52.9,34.96445218
P-1-7,T3,81,10/8/2023,Porites,1,Inorganic,Ambient,8.35,26.4,53.5,35.39605752
P-2-7,T3,81,10/8/2023,Porites,2,Inorganic,Ambient,11.366,26.4,53.5,35.39605752
P-3-6,T3,81,10/8/2023,Porites,3,Inorganic,Ambient,10.818,26.5,52.9,34.96445218
P-3-7,T3,81,10/8/2023,Porites,3,Inorganic,Ambient,11.124,26.4,53.5,35.39605752
P-4-7,T3,81,10/8/2023,Porites,4,Inorganic,Ambient,10.916,26.4,53.5,35.39605752
P-5-7,T3,81,10/8/2023,Porites,5,Inorganic,Ambient,11.27,26.4,53.5,35.39605752
P-6-7,T3,81,10/8/2023,Porites,6,Inorganic,Ambient,11.546,26.4,53.5,35.39605752
P-7-7,T3,81,10/8/2023,Porites,7,Inorganic,Ambient,11.829,26.8,52.9,34.96445218
P-8-7,T3,81,10/8/2023,Porites,8,Inorganic,Ambient,11.99,26.8,52.9,34.96445218
P-9-7,T3,81,10/8/2023,Porites,9,Inorganic,Ambient,10.908,26.8,52.9,34.96445218
P-1-23,T3,81,10/8/2023,Porites,1,Inorganic,Heated,9.571,26.4,53.5,35.39605752
P-2-23,T3,81,10/8/2023,Porites,2,Inorganic,Heated,10.431,26.4,53.5,35.39605752
P-3-23,T3,81,10/8/2023,Porites,3,Inorganic,Heated,12.093,26.4,53.5,35.39605752
P-4-23,T3,81,10/8/2023,Porites,4,Inorganic,Heated,12.536,26.4,53.5,35.39605752
P-5-23,T3,81,10/8/2023,Porites,5,Inorganic,Heated,12.502,26.4,53.5,35.39605752
P-6-23,T3,81,10/8/2023,Porites,6,Inorganic,Heated,10.59,26.4,53.5,35.39605752
P-7-23,T3,81,10/8/2023,Porites,7,Inorganic,Heated,10.597,26.8,52.9,34.96445218
P-8-23,T3,81,10/8/2023,Porites,8,Inorganic,Heated,11.396,26.8,52.9,34.96445218
P-9-23,T3,81,10/8/2023,Porites,9,Inorganic,Heated,NA,,,0
P-1-17,T3,81,10/8/2023,Porites,1,Effluent,Ambient,9.632,26.8,52.9,34.96445218
P-2-17,T3,81,10/8/2023,Porites,2,Effluent,Ambient,12.225,26.8,52.9,34.96445218
P-3-17,T3,81,10/8/2023,Porites,3,Effluent,Ambient,10.616,26.8,52.9,34.96445218
P-4-17,T3,81,10/8/2023,Porites,4,Effluent,Ambient,13.102,26.8,52.9,34.96445218
P-5-17,T3,81,10/8/2023,Porites,5,Effluent,Ambient,12.398,26.8,52.9,34.96445218
P-6-17,T3,81,10/8/2023,Porites,6,Effluent,Ambient,12.147,26.8,52.9,34.96445218
P-7-17,T3,81,10/8/2023,Porites,7,Effluent,Ambient,10.214,26.4,53.5,35.39605752
P-8-17,T3,81,10/8/2023,Porites,8,Effluent,Ambient,12.433,26.4,53.5,35.39605752
P-9-17,T3,81,10/8/2023,Porites,9,Effluent,Ambient,9.419,26.4,53.5,35.39605752
P-1-20,T3,81,10/8/2023,Porites,1,Effluent,Heated,NA,,,0
P-1-25,T3,81,10/8/2023,Porites,1,Effluent,Heated,NA,,,0
P-2-25,T3,81,10/8/2023,Porites,2,Effluent,Heated,14.024,,,0
P-3-20,T3,81,10/8/2023,Porites,3,Effluent,Heated,NA,,,0
P-3-25,T3,81,10/8/2023,Porites,3,Effluent,Heated,NA,,,0
P-4-25,T3,81,10/8/2023,Porites,4,Effluent,Heated,13.852,26.8,52.9,34.96445218
P-5-25,T3,81,10/8/2023,Porites,5,Effluent,Heated,11.588,26.8,52.9,34.96445218
P-6-20,T3,81,10/8/2023,Porites,6,Effluent,Heated,NA,,,0
P-6-25,T3,81,10/8/2023,Porites,6,Effluent,Heated,11.157,26.8,52.9,34.96445218
P-7-25,T3,81,10/8/2023,Porites,7,Effluent,Heated,NA,,,0
P-8-25,T3,81,10/8/2023,Porites,8,Effluent,Heated,11.945,26.8,52.9,34.96445218
P-9-25,T3,81,10/8/2023,Porites,9,Effluent,Heated,10.804,26.8,52.9,34.96445218
plug 1,T3,81,10/8/2023,Porites,plug,plug,plug,5.929,26.5,52.9,34.96445218
plug 2,T3,81,10/8/2023,Porites,plug,plug,plug,5.615,26.5,52.9,34.96445218
plug 3,T3,81,10/8/2023,Porites,plug,plug,plug,6.217,26.5,52.9,34.96445218
plug 4,T3,81,10/8/2023,Porites,plug,plug,plug,6.082,26.5,52.9,34.96445218
plug 5,T3,81,10/8/2023,Porites,plug,plug,plug,5.968,26.5,52.9,34.96445218
plug 6,T3,81,10/8/2023,Porites,plug,plug,plug,6.146,26.5,52.9,34.96445218
plug 7,T3,81,10/8/2023,Porites,plug,plug,plug,6.64,26.5,52.9,34.96445218
