Frag_ID,Timepoint,Treatment,Temperature,T-T,Coral_weight.mg,Coral_plus_wax.mg,Wax_weight.mg,Wax_weight.g,Surface_area.cm2
M-1-21,T0,Control,Ambient,C-AMB,13599.57,14145.45,545.88,0.54588,18.38644068
M-2-21,T0,Control,Ambient,C-AMB,13403.11,13800.13,397.02,0.39702,14.18135593
M-3-21,T0,Control,Ambient,C-AMB,13345.32,13965.08,619.76,0.61976,20.47344633
M-4-21,T0,Control,Ambient,C-AMB,13758.59,14396.2,637.61,0.63761,20.97768362
M-5-21,T0,Control,Ambient,C-AMB,13973.63,14454.84,481.21,0.48121,16.55960452
M-6-21,T0,Control,Ambient,C-AMB,14561.36,15097.66,536.3,0.5363,18.11581921
M-7-21,T0,Control,Ambient,C-AMB,14294.77,15198.09,903.32,0.90332,28.48361582
M-8-21,T0,Control,Ambient,C-AMB,13294.54,13694.12,399.58,0.39958,14.25367232
M-9-21,T0,Control,Ambient,C-AMB,13676.99,14461.86,784.87,0.78487,25.13757062
M-1-3,T1,Control,Ambient,C-AMB,13236.93,13636.32,399.39,0.39939,14.24830508
M-2-3,T1,Control,Ambient,C-AMB,14808.88,15662.38,853.5,0.8535,27.07627119
M-3-3,T1,Control,Ambient,C-AMB,12209.86,12484.6,274.74,0.27474,10.72711864
M-4-3,T1,Control,Ambient,C-AMB,13988.96,14489.06,500.1,0.5001,17.09322034
M-5-3,T1,Control,Ambient,C-AMB,12879.71,13158.4,278.69,0.27869,10.83870056
M-6-3,T1,Control,Ambient,C-AMB,17169.9,18116.37,946.47,0.94647,29.70254237
M-7-3,T1,Control,Ambient,C-AMB,13419.56,13969.08,549.52,0.54952,18.48926554
M-8-3,T1,Control,Ambient,C-AMB,14583.57,15243.83,660.26,0.66026,21.61751412
M-9-3,T1,Control,Ambient,C-AMB,15399.78,15881.58,481.8,0.4818,16.57627119
M-1-18,T1,Effluent,Ambient,E-AMB,12759.32,13174.36,415.04,0.41504,14.69039548
M-2-18,T1,Effluent,Ambient,E-AMB,13280.6,13848.36,567.76,0.56776,19.00451977
M-3-18,T1,Effluent,Ambient,E-AMB,13668.68,14191.67,522.99,0.52299,17.73983051
M-4-18,T1,Effluent,Ambient,E-AMB,14565.19,15398.88,833.69,0.83369,26.51666667
M-5-18,T1,Effluent,Ambient,E-AMB,13245.86,13619.42,373.56,0.37356,13.51864407
M-6-18,T1,Effluent,Ambient,E-AMB,15284.08,16440.19,1156.11,1.15611,35.62457627
M-7-18,T1,Effluent,Ambient,E-AMB,15710.43,16618.35,907.92,0.90792,28.61355932
M-8-18,T1,Effluent,Ambient,E-AMB,15012.44,15565.06,552.62,0.55262,18.57683616
M-9-18,T1,Effluent,Ambient,E-AMB,14692.32,15125.42,433.1,0.4331,15.20056497
M-1-13,T1,Guano,Ambient,G-AMB,14150.24,14920.93,770.69,0.77069,24.73700565
M-2-13,T1,Guano,Ambient,G-AMB,13412.91,13845.59,432.68,0.43268,15.18870056
M-3-13,T1,Guano,Ambient,G-AMB,13745,14305.05,560.05,0.56005,18.78672316
M-4-13,T1,Guano,Ambient,G-AMB,14462.55,15174.21,711.66,0.71166,23.06949153
M-5-13,T1,Guano,Ambient,G-AMB,12939.52,13290.64,351.12,0.35112,12.88474576
M-6-13,T1,Guano,Ambient,G-AMB,16170.75,17365.67,1194.92,1.19492,36.72090395
M-7-13,T1,Guano,Ambient,G-AMB,14438.5,15435.5,997,0.997,31.1299435
M-8-13,T1,Guano,Ambient,G-AMB,17713,18879.56,1166.56,1.16656,35.91977401
M-9-13,T1,Guano,Ambient,G-AMB,14598.16,15353.31,755.15,0.75515,24.2980226
M-1-8,T1,Inorganic,Ambient,I-AMB,13179.8,13518.72,338.92,0.33892,12.54011299
M-2-8,T1,Inorganic,Ambient,I-AMB,14279.27,15003.44,724.17,0.72417,23.42288136
M-3-8,T1,Inorganic,Ambient,I-AMB,13451.61,13792.05,340.44,0.34044,12.58305085
M-4-8,T1,Inorganic,Ambient,I-AMB,14495.88,15150.36,654.48,0.65448,21.45423729
M-5-8,T1,Inorganic,Ambient,I-AMB,13763.74,14331.2,567.46,0.56746,18.9960452
M-6-8,T1,Inorganic,Ambient,I-AMB,15600.33,16644.24,1043.91,1.04391,32.45508475
M-7-8,T1,Inorganic,Ambient,I-AMB,14372.52,14894.46,521.94,0.52194,17.71016949
M-8-8,T1,Inorganic,Ambient,I-AMB,16409.47,17588.93,1179.46,1.17946,36.28418079
M-9-8,T1,Inorganic,Ambient,I-AMB,15009.38,15672.28,662.9,0.6629,21.6920904
M-1-4,T2,Control,Heateded,C-HEAT,15277.19,16196.25,919.06,0.91906,28.92824859
M-2-4,T2,Control,Heated,C-HEAT,13942.62,14523.52,580.9,0.5809,19.37570621
M-3-4,T2,Control,Heated,C-HEAT,14305.39,14894.96,589.57,0.58957,19.62062147
M-4-4,T2,Control,Heated,C-HEAT,15036.8,15813.94,777.14,0.77714,24.91920904
M-5-4,T2,Control,Heated,C-HEAT,13873.12,14297.31,424.19,0.42419,14.94887006
M-6-4,T2,Control,Heated,C-HEAT,15787.83,16614.2,826.37,0.82637,26.30988701
M-7-30,T2,Control,Heated,C-HEAT,18830.35,19811.81,981.46,0.98146,30.69096045
M-8-4,T2,Control,Heated,C-HEAT,15198.74,15894.24,695.5,0.6955,22.61299435
M-9-4,T2,Control,Heated,C-HEAT,15075.77,15778.92,703.15,0.70315,22.82909605
M-1-19,T2,Effluent,Heated,E-HEAT,12842.12,13284.68,442.56,0.44256,15.46779661
M-2-19,T2,Effluent,Heated,E-HEAT,13643.92,14102.93,459.01,0.45901,15.93248588
M-3-19,T2,Effluent,Heated,E-HEAT,13916.87,14264.48,347.61,0.34761,12.78559322
M-4-19,T2,Effluent,Heated,E-HEAT,15473.52,16406.58,933.06,0.93306,29.32372881
M-5-19,T2,Effluent,Heated,E-HEAT,15684.15,16291.68,607.53,0.60753,20.1279661
M-6-19,T2,Effluent,Heated,E-HEAT,15633.02,16223.12,590.1,0.5901,19.63559322
M-7-19,T2,Effluent,Heated,E-HEAT,15462.25,16175.51,713.26,0.71326,23.11468927
M-8-19,T2,Effluent,Heated,E-HEAT,14918.12,15621.2,703.08,0.70308,22.82711864
M-9-30,T2,Effluent,Heated,E-HEAT,14809.63,15787.48,977.85,0.97785,30.58898305
M-1-14,T2,Guano,Heated,G-HEAT,13537.08,14012.03,474.95,0.47495,16.38276836
M-2-14,T2,Guano,Heated,G-HEAT,14501.58,15363.63,862.05,0.86205,27.31779661
M-3-14,T2,Guano,Heated,G-HEAT,13927.44,14410.18,482.74,0.48274,16.60282486
M-4-14,T2,Guano,Heated,G-HEAT,14227.24,14748.64,521.4,0.5214,17.69491525
M-5-14,T2,Guano,Heated,G-HEAT,14079.84,14433.27,353.43,0.35343,12.95
M-6-14,T2,Guano,Heated,G-HEAT,17342.14,18578.18,1236.04,1.23604,37.88248588
M-7-14,T2,Guano,Heated,G-HEAT,14711.6,15435.59,723.99,0.72399,23.41779661
M-8-30,T2,Guano,Heated,G-HEAT,21543.97,23073.36,1529.39,1.52939,46.16920904
M-9-14,T2,Guano,Heated,G-HEAT,12836.42,13129.9,293.48,0.29348,11.25649718
M-1-9,T2,Inorganic,Heated,I-HEAT,14282.15,14748.24,466.09,0.46609,16.13248588
M-2-9,T2,Inorganic,Heated,I-HEAT,14208.29,14920.28,711.99,0.71199,23.07881356
M-3-9,T2,Inorganic,Heated,I-HEAT,13271.42,13720.84,449.42,0.44942,15.66158192
M-4-9,T2,Inorganic,Heated,I-HEAT,14295.12,14914.43,619.31,0.61931,20.46073446
M-5-9,T2,Inorganic,Heated,I-HEAT,16488.85,17126.8,637.95,0.63795,20.98728814
M-6-9,T2,Inorganic,Heated,I-HEAT,14497.73,15495.28,997.55,0.99755,31.14548023
M-7-9,T2,Inorganic,Heated,I-HEAT,15891.37,16769.41,878.04,0.87804,27.76949153
M-8-9,T2,Inorganic,Heated,I-HEAT,17570.38,18340.82,770.44,0.77044,24.7299435
M-9-9,T2,Inorganic,Heated,I-HEAT,12251.55,12494.82,243.27,0.24327,9.838135593
M-1-26,T2,Control,Ambient,C-AMB,18198.56,19492.03,1293.47,1.29347,39.50480226
M-2-26,T2,Control,Ambient,C-AMB,15755.65,16467.65,712,0.712,23.07909605
M-3-26,T2,Control,Ambient,C-AMB,17072.91,18230.97,1158.06,1.15806,35.67966102
M-4-26,T2,Control,Ambient,C-AMB,13503.13,13902.07,398.94,0.39894,14.23559322
M-5-26,T2,Control,Ambient,C-AMB,14907.21,15696.33,789.12,0.78912,25.25762712
M-6-26,T2,Control,Ambient,C-AMB,15809.34,16772.72,963.38,0.96338,30.18022599
M-7-26,T2,Control,Ambient,C-AMB,19943.78,20929.61,985.83,0.98583,30.81440678
M-8-26,T2,Control,Ambient,C-AMB,15287.26,15881.28,594.02,0.59402,19.74632768
M-9-26,T2,Control,Ambient,C-AMB,14264.35,14793.04,528.69,0.52869,17.90084746
M-1-30,T2,Effluent,Ambient,E-AMB,15797.02,17042.13,1245.11,1.24511,38.13870056
M-2-29,T2,Effluent,Ambient,E-AMB,12810.78,13367.79,557.01,0.55701,18.70084746
M-3-29,T2,Effluent,Ambient,E-AMB,14311.65,14950.42,638.77,0.63877,21.01045198
M-4-29,T2,Effluent,Ambient,E-AMB,13787.73,14255.23,467.5,0.4675,16.17231638
M-5-29,T2,Effluent,Ambient,E-AMB,13611.04,14540.85,929.81,0.92981,29.2319209
M-6-29,T2,Effluent,Ambient,E-AMB,14494.57,15343.07,848.5,0.8485,26.93502825
M-7-29,T2,Effluent,Ambient,E-AMB,18643.34,19844.08,1200.74,1.20074,36.88531073
M-8-29,T2,Effluent,Ambient,E-AMB,13460.98,13967.73,506.75,0.50675,17.28107345
M-9-29,T2,Effluent,Ambient,E-AMB,14470.93,15335.56,864.63,0.86463,27.39067797
M-1-28,T2,Guano,Ambient,G-AMB,15781.91,16686.78,904.87,0.90487,28.52740113
M-2-28,T2,Guano,Ambient,G-AMB,14579.49,15233.69,654.2,0.6542,21.44632768
M-3-28,T2,Guano,Ambient,G-AMB,16223.15,17096.52,873.37,0.87337,27.63757062
M-4-28,T2,Guano,Ambient,G-AMB,14539.94,15286.12,746.18,0.74618,24.04463277
M-5-28,T2,Guano,Ambient,G-AMB,14999.23,15892.44,893.21,0.89321,28.1980226
M-6-28,T2,Guano,Ambient,G-AMB,15118.93,16340.54,1221.61,1.22161,37.47485876
M-7-28,T2,Guano,Ambient,G-AMB,12500.94,13068.11,567.17,0.56717,18.98785311
M-8-28,T2,Guano,Ambient,G-AMB,13618.52,14127.56,509.04,0.50904,17.34576271
M-9-28,T2,Guano,Ambient,G-AMB,13966.98,14449.98,483,0.483,16.61016949
M-1-27,T2,Inorganic,Ambient,I-AMB,15479.55,16265.26,785.71,0.78571,25.16129944
M-2-27,T2,Inorganic,Ambient,I-AMB,14004.64,14658.14,653.5,0.6535,21.42655367
M-3-27,T2,Inorganic,Ambient,I-AMB,18083.85,18624.21,540.36,0.54036,18.23050847
M-4-27,T2,Inorganic,Ambient,I-AMB,14444.39,14995.27,550.88,0.55088,18.52768362
M-5-27,T2,Inorganic,Ambient,I-AMB,12871.11,13273.94,402.83,0.40283,14.34548023
M-6-27,T2,Inorganic,Ambient,I-AMB,15102.02,16205.55,1103.53,1.10353,34.13926554
M-7-27,T2,Inorganic,Ambient,I-AMB,14355.22,14981.08,625.86,0.62586,20.64576271
M-8-27,T2,Inorganic,Ambient,I-AMB,13377.54,13831.26,453.72,0.45372,15.78305085
M-9-27,T2,Inorganic,Ambient,I-AMB,16617.14,17218.82,601.68,0.60168,19.96271186
M-1-11,T3,Guano,Ambient,G-AMB,16908.11,18220.93,1312.82,1.31282,40.05141243
M-2-11,T3,Guano,Ambient,G-AMB,17774.81,19017.14,1242.33,1.24233,38.06016949
M-3-11,T3,Guano,Ambient,G-AMB,15771.18,16521.42,750.24,0.75024,24.15932203
M-4-11,T3,Guano,Ambient,G-AMB,17737.28,18792.62,1055.34,1.05534,32.7779661
M-5-11,T3,Guano,Ambient,G-AMB,16710.57,17687.44,976.87,0.97687,30.56129944
M-6-11,T3,Guano,Ambient,G-AMB,16157.53,17086.65,929.12,0.92912,29.21242938
M-7-11,T3,Guano,Ambient,G-AMB,17683.54,18639.33,955.79,0.95579,29.96581921
M-8-11,T3,Guano,Ambient,G-AMB,20317.83,21486.85,1169.02,1.16902,35.98926554
M-9-11,T3,Guano,Ambient,G-AMB,14762.86,15409.77,646.91,0.64691,21.24039548
M-1-1,T3,Control,Ambient,C-AMB,17465.72,18610.12,1144.4,1.1444,35.29378531
M-2-1,T3,Control,Ambient,C-AMB,17466.33,18721.41,1255.08,1.25508,38.42033898
M-3-1,T3,Control,Ambient,C-AMB,16603.37,17463.31,859.94,0.85994,27.25819209
M-4-1,T3,Control,Ambient,C-AMB,14903.95,15475.43,571.48,0.57148,19.10960452
M-5-1,T3,Control,Ambient,C-AMB,15779.07,16619.84,840.77,0.84077,26.71666667
M-6-1,T3,Control,Ambient,C-AMB,15817.88,16685.64,867.76,0.86776,27.47909605
M-7-1,T3,Control,Ambient,C-AMB,15026.32,15561.49,535.17,0.53517,18.08389831
M-8-1,T3,Control,Ambient,C-AMB,19444.16,20501.44,1057.28,1.05728,32.83276836
M-9-1,T3,Control,Ambient,C-AMB,17892.53,18773.12,880.59,0.88059,27.84152542
M-1-6,T3,Inorganic,Ambient,I-AMB,16931.02,17919.22,988.2,0.9882,30.88135593
M-2-6,T3,Inorganic,Ambient,I-AMB,17540.15,18908.57,1368.42,1.36842,41.6220339
M-3-6,T3,Inorganic,Ambient,I-AMB,18374.62,19454.74,1080.12,1.08012,33.4779661
M-4-6,T3,Inorganic,Ambient,I-AMB,16655.04,17659.8,1004.76,1.00476,31.34915254
M-5-6,T3,Inorganic,Ambient,I-AMB,17772.23,18928.06,1155.83,1.15583,35.61666667
M-6-6,T3,Inorganic,Ambient,I-AMB,17548.41,18839.93,1291.52,1.29152,39.44971751
M-7-6,T3,Inorganic,Ambient,I-AMB,19510.05,20704.54,1194.49,1.19449,36.70875706
M-8-6,T3,Inorganic,Ambient,I-AMB,19935.03,21075.82,1140.79,1.14079,35.19180791
M-9-6,T3,Inorganic,Ambient,I-AMB,19928.63,21882.1,1953.47,1.95347,58.14887006
M-1-16,T3,Effluent,Ambient,E-AMB,19584.79,20966.1,1381.31,1.38131,41.98615819
M-2-16,T3,Effluent,Ambient,E-AMB,15706.58,16645.51,938.93,0.93893,29.48954802
M-3-16,T3,Effluent,Ambient,E-AMB,14926.48,15831.49,905.01,0.90501,28.53135593
M-4-16,T3,Effluent,Ambient,E-AMB,18922.9,20002.76,1079.86,1.07986,33.47062147
M-5-16,T3,Effluent,Ambient,E-AMB,15099.49,15850.45,750.96,0.75096,24.17966102
M-6-16,T3,Effluent,Ambient,E-AMB,16687.96,17729.15,1041.19,1.04119,32.37824859
M-7-16,T3,Effluent,Ambient,E-AMB,16585.78,17154.27,568.49,0.56849,19.02514124
M-8-16,T3,Effluent,Ambient,E-AMB,31844.91,33351.92,1507.01,1.50701,45.53700565
M-9-16,T3,Effluent,Ambient,E-AMB,17851.97,19030.5,1178.53,1.17853,36.2579096
M-1-15,T3,Guano,Heated,G-HEAT,16795.6,17764.13,968.53,0.96853,30.32570621
M-2-15,T3,Guano,Heated,G-HEAT,16111.98,17054.81,942.83,0.94283,29.59971751
M-3-15,T3,Guano,Heated,G-HEAT,14767.39,15328.63,561.24,0.56124,18.82033898
M-4-15,T3,Guano,Heated,G-HEAT,17262.45,18454.75,1192.3,1.1923,36.64689266
M-5-15,T3,Guano,Heated,G-HEAT,14799.42,15439.47,640.05,0.64005,21.04661017
M-6-15,T4,Guano,Heated,G-HEAT,14931.71,15537.91,606.2,0.6062,20.09039548
M-7-15,T5,Guano,Heated,G-HEAT,16994.89,17977.52,982.63,0.98263,30.7240113
M-8-15,T3,Guano,Heated,G-HEAT,23939,24964.84,1025.84,1.02584,31.94463277
M-9-15,T3,Guano,Heated,G-HEAT,13079.11,13503.34,424.23,0.42423,14.95
M-1-5,T3,Control,Heated,C-HEAT,16612.34,17856.39,1244.05,1.24405,38.10875706
M-2-5,T3,Control,Heated,C-HEAT,15120.08,15439.52,319.44,0.31944,11.98983051
M-3-5,T3,Control,Heated,C-HEAT,15749.86,16621.36,871.5,0.8715,27.58474576
M-4-5,T3,Control,Heated,C-HEAT,15266.38,16006.84,740.46,0.74046,23.88305085
M-5-5,T3,Control,Heated,C-HEAT,16681.16,17677.54,996.38,0.99638,31.11242938
M-6-5,T3,Control,Heated,C-HEAT,17755.51,19930.7,2175.19,2.17519,64.41214689
M-7-5,T3,Control,Heated,C-HEAT,18756.35,20000.75,1244.4,1.2444,38.11864407
M-8-5,T3,Control,Heated,C-HEAT,18747.58,20011.26,1263.68,1.26368,38.66327684
M-9-5,T3,Control,Heated,C-HEAT,17826.15,19366.23,1540.08,1.54008,46.47118644
M-1-10,T3,Inorganic,Heated,I-HEAT,14750.25,15587.57,837.32,0.83732,26.61920904
M-2-10,T3,Inorganic,Heated,I-HEAT,15954.65,17179.56,1224.91,1.22491,37.5680791
M-3-10,T3,Inorganic,Heated,I-HEAT,15437.75,16112.87,675.12,0.67512,22.03728814
M-4-10,T3,Inorganic,Heated,I-HEAT,14840.6,15644.82,804.22,0.80422,25.68418079
M-5-10,T3,Inorganic,Heated,I-HEAT,15122.88,15778.72,655.84,0.65584,21.49265537
M-6-10,T3,Inorganic,Heated,I-HEAT,18232.12,19662.94,1430.82,1.43082,43.38474576
M-7-10,T3,Inorganic,Heated,I-HEAT,17330.71,18706.15,1375.44,1.37544,41.82033898
M-8-10,T3,Inorganic,Heated,I-HEAT,19426.22,20972.16,1545.94,1.54594,46.63672316
M-9-10,T3,Inorganic,Heated,I-HEAT,14790.94,15671.25,880.31,0.88031,27.83361582
M-1-20,T3,Effluent,Heated,E-HEAT,15041.4,15833.93,792.53,0.79253,25.3539548
M-2-20,T3,Effluent,Heated,E-HEAT,16324.55,17566.08,1241.53,1.24153,38.03757062
M-3-20,T3,Effluent,Heated,E-HEAT,14859.43,15433.09,573.66,0.57366,19.17118644
M-4-20,T3,Effluent,Heated,E-HEAT,16353.53,17385.69,1032.16,1.03216,32.12316384
M-5-20,T3,Effluent,Heated,E-HEAT,15697.38,16394.25,696.87,0.69687,22.65169492
M-6-20,T3,Effluent,Heated,E-HEAT,19068.44,20010.85,942.41,0.94241,29.58785311
M-7-20,T3,Effluent,Heated,E-HEAT,20452.04,21647.12,1195.08,1.19508,36.72542373
M-8-20,T3,Effluent,Heated,E-HEAT,19630.25,20433.74,803.49,0.80349,25.66355932
M-9-20,T3,Effluent,Heated,E-HEAT,22384.5,23938.05,1553.55,1.55355,46.85169492
M-1-2,T3,Control,Ambient,C-AMB,15570.99,16375.49,804.5,0.8045,25.6920904
M-2-2,T3,Control,Ambient,C-AMB,16416.46,17568.05,1151.59,1.15159,35.49689266
M-3-2,T3,Control,Ambient,C-AMB,14770.8,15389.68,618.88,0.61888,20.44858757
M-4-2,T3,Control,Ambient,C-AMB,15758.85,16698.68,939.83,0.93983,29.51497175
M-5-2,T3,Control,Ambient,C-AMB,16574.47,17304.07,729.6,0.7296,23.57627119
M-6-2,T3,Control,Ambient,C-AMB,18067.17,19992.36,1925.19,1.92519,57.35
M-7-2,T3,Control,Ambient,C-AMB,15403.64,16425.8,1022.16,1.02216,31.84067797
M-8-2,T3,Control,Ambient,C-AMB,18331.79,19491.28,1159.49,1.15949,35.7200565
M-9-2,T3,Control,Ambient,C-AMB,16210.36,17001.38,791.02,0.79102,25.31129944
M-1-17,T3,Effluent,Ambient,E-AMB,17117,18089.83,972.83,0.97283,30.44717514
M-2-17,T3,Effluent,Ambient,E-AMB,17861.5,19254.32,1392.82,1.39282,42.31129944
M-3-17,T3,Effluent,Ambient,E-AMB,15194.06,15761.89,567.83,0.56783,19.00649718
M-4-17,T3,Effluent,Ambient,E-AMB,15591.69,16348.66,756.97,0.75697,24.34943503
M-5-17,T3,Effluent,Ambient,E-AMB,20571.88,21421.47,849.59,0.84959,26.96581921
M-6-17,T3,Effluent,Ambient,E-AMB,19774.39,21524.24,1749.85,1.74985,52.39689266
M-7-17,T3,Effluent,Ambient,E-AMB,17113.72,18462.19,1348.47,1.34847,41.05847458
M-8-17,T3,Effluent,Ambient,E-AMB,19698.29,21118.36,1420.07,1.42007,43.08107345
M-9-17,T3,Effluent,Ambient,E-AMB,17496.96,19036.76,1539.8,1.5398,46.46327684
M-1-12,T3,Guano,Ambient,G-AMB,17427.67,18529.17,1101.5,1.1015,34.0819209
M-2-12,T3,Guano,Ambient,G-AMB,15109.77,15896.96,787.19,0.78719,25.20310734
M-3-12,T3,Guano,Ambient,G-AMB,15295.53,15831.34,535.81,0.53581,18.1019774
M-4-12,T3,Guano,Ambient,G-AMB,15291.78,16036.17,744.39,0.74439,23.9940678
M-5-12,T3,Guano,Ambient,G-AMB,17506.79,18195.17,688.38,0.68838,22.41186441
M-6-12,T3,Guano,Ambient,G-AMB,19095.63,20527.6,1431.97,1.43197,43.41723164
M-7-12,T3,Guano,Ambient,G-AMB,19233.61,20406.03,1172.42,1.17242,36.08531073
M-8-12,T3,Guano,Ambient,G-AMB,18981.56,19947.47,965.91,0.96591,30.25169492
M-9-12,T3,Guano,Ambient,G-AMB,17493.39,19029.33,1535.94,1.53594,46.35423729
M-1-7,T3,Inorganic,Ambient,I-AMB,15878.25,16773.12,894.87,0.89487,28.24491525
M-2-7,T3,Inorganic,Ambient,I-AMB,13974.89,14663.6,688.71,0.68871,22.42118644
M-3-7,T3,Inorganic,Ambient,I-AMB,14306.15,14979.15,673,0.673,21.97740113
M-4-7,T3,Inorganic,Ambient,I-AMB,14395.42,15021.66,626.24,0.62624,20.65649718
M-5-7,T3,Inorganic,Ambient,I-AMB,18912.39,20212.43,1300.04,1.30004,39.69039548
M-6-7,T3,Inorganic,Ambient,I-AMB,17883.95,19419.14,1535.19,1.53519,46.33305085
M-7-7,T3,Inorganic,Ambient,I-AMB,15884.35,16643.74,759.39,0.75939,24.41779661
M-8-7,T3,Inorganic,Ambient,I-AMB,21055.24,22497.37,1442.13,1.44213,43.70423729
M-9-7,T3,Inorganic,Ambient,I-AMB,15180.01,16094.51,914.5,0.9145,28.79943503
M-1-22,T3,Control,Heated,C-HEAT,14414.83,15081.49,666.66,0.66666,21.79830508
M-2-22,T3,Control,Heated,C-HEAT,16217.79,17578.53,1360.74,1.36074,41.40508475
M-3-22,T3,Control,Heated,C-HEAT,16482.53,17487.15,1004.62,1.00462,31.34519774
M-4-22,T3,Control,Heated,C-HEAT,14746.27,15570.97,824.7,0.8247,26.26271186
M-5-22,T3,Control,Heated,C-HEAT,16035.48,16651.88,616.4,0.6164,20.37853107
M-6-22,T3,Control,Heated,C-HEAT,18377.61,20022.96,1645.35,1.64535,49.44491525
M-7-22,T3,Control,Heated,C-HEAT,19018.73,19987.24,968.51,0.96851,30.32514124
M-8-22,T3,Control,Heated,C-HEAT,17370.68,18365.48,994.8,0.9948,31.06779661
M-9-22,T3,Control,Heated,C-HEAT,17945.91,19433.03,1487.12,1.48712,44.97514124
M-1-25,T3,Effluent,Heated,E-HEAT,15735.82,16601.32,865.5,0.8655,27.41525424
M-2-25,T3,Effluent,Heated,E-HEAT,14732.42,15714.72,982.3,0.9823,30.71468927
M-3-25,T3,Effluent,Heated,E-HEAT,15430.45,16159.44,728.99,0.72899,23.55903955
M-4-25,T3,Effluent,Heated,E-HEAT,15870.56,16759.14,888.58,0.88858,28.06723164
M-5-25,T3,Effluent,Heated,E-HEAT,15618.03,16176.6,558.57,0.55857,18.74491525
M-6-25,T3,Effluent,Heated,E-HEAT,17302.4,18645.14,1342.74,1.34274,40.89661017
M-7-25,T3,Effluent,Heated,E-HEAT,16457.82,17173.97,716.15,0.71615,23.19632768
M-8-25,T3,Effluent,Heated,E-HEAT,21232.36,22117.14,884.78,0.88478,27.95988701
M-9-25,T3,Effluent,Heated,E-HEAT,19448.41,20300.03,851.62,0.85162,27.02316384
M-1-24,T3,Guano,Heated,G-HEAT,13855.07,14412.01,556.94,0.55694,18.69887006
M-2-24,T3,Guano,Heated,G-HEAT,15274.41,15987.28,712.87,0.71287,23.10367232
M-3-24,T3,Guano,Heated,G-HEAT,15683.98,16462.5,778.52,0.77852,24.95819209
M-4-24,T3,Guano,Heated,G-HEAT,15721.92,16472.16,750.24,0.75024,24.15932203
M-5-24,T3,Guano,Heated,G-HEAT,14797.16,15165.9,368.74,0.36874,13.38248588
M-6-24,T3,Guano,Heated,G-HEAT,22603.47,23982.65,1379.18,1.37918,41.9259887
M-7-24,T3,Guano,Heated,G-HEAT,17175.05,18346.07,1171.02,1.17102,36.04576271
M-8-24,T3,Guano,Heated,G-HEAT,16375.88,17198.42,822.54,0.82254,26.20169492
M-9-24,T3,Guano,Heated,G-HEAT,19406.45,20564.75,1158.3,1.1583,35.68644068
M-1-23,T3,Inorganic,Heated,I-HEAT,14303.09,15032.63,729.54,0.72954,23.57457627
M-2-23,T3,Inorganic,Heated,I-HEAT,15606.12,16525.64,919.52,0.91952,28.94124294
M-3-23,T3,Inorganic,Heated,I-HEAT,15651.29,16337.16,685.87,0.68587,22.34096045
M-4-23,T3,Inorganic,Heated,I-HEAT,18005.76,18932.54,926.78,0.92678,29.14632768
M-5-23,T3,Inorganic,Heated,I-HEAT,22644.62,23455.78,811.16,0.81116,25.88022599
M-6-23,T3,Inorganic,Heated,I-HEAT,18512.86,19594.91,1082.05,1.08205,33.53248588
M-7-23,T3,Inorganic,Heated,I-HEAT,14835.94,15647.68,811.74,0.81174,25.89661017
M-8-23,T3,Inorganic,Heated,I-HEAT,17603.7,18538.52,934.82,0.93482,29.37344633
M-9-23,T3,Inorganic,Heated,I-HEAT,17587.79,18709.44,1121.65,1.12165,34.65112994
P-1-21,T0,Control,Ambient,C-AMB,14366.55,14723,356.45,0.35645,15.1627451
P-2-21,T0,Control,Ambient,C-AMB,15918.47,16295.98,377.51,0.37751,15.98862745
P-3-21,T0,Control,Ambient,C-AMB,16733.22,17109.62,376.4,0.3764,15.94509804
P-4-21,T0,Control,Ambient,C-AMB,15284.78,15592.51,307.73,0.30773,13.25215686
P-5-21,T0,Control,Ambient,C-AMB,16576.57,16906.93,330.36,0.33036,14.13960784
P-6-21,T0,Control,Ambient,C-AMB,19613.24,20346.86,733.62,0.73362,29.95372549
P-7-21,T0,Control,Ambient,C-AMB,15930.76,16326.64,395.88,0.39588,16.70901961
P-8-21,T0,Control,Ambient,C-AMB,16876.54,17356.4,479.86,0.47986,20.00235294
P-9-21,T0,Control,Ambient,C-AMB,15144.57,15575.18,430.61,0.43061,18.07098039
P-1-13,T1,Guano,Ambient,G-AMB,14491.84,14929.04,437.2,0.4372,18.32941176
P-1-18,T1,Effluent,Ambient,E-AMB,14552.27,15046.71,494.44,0.49444,20.57411765
P-1-3,T1,Control,Ambient,C-AMB,16351.83,16865.71,513.88,0.51388,21.33647059
P-1-8,T1,Inorganic,Ambient,I-AMB,17737.78,18397.17,659.39,0.65939,27.0427451
P-2-13,T1,Guano,Ambient,G-AMB,16297.31,16670.46,373.15,0.37315,15.81764706
P-2-18,T1,Effluent,Ambient,E-AMB,14124.17,14472.43,348.26,0.34826,14.84156863
P-2-3,T1,Control,Ambient,C-AMB,18256.97,18847.01,590.04,0.59004,24.32313725
P-2-8,T1,Inorganic,Ambient,I-AMB,18414.89,19058.55,643.66,0.64366,26.42588235
P-3-13,T1,Guano,Ambient,G-AMB,18576.42,19147.09,570.67,0.57067,23.56352941
P-3-18,T1,Effluent,Ambient,E-AMB,15753.79,16263.67,509.88,0.50988,21.17960784
P-3-3,T1,Control,Ambient,C-AMB,16569.51,17046.42,476.91,0.47691,19.88666667
P-3-8,T1,Inorganic,Ambient,I-AMB,14750.78,15084.45,333.67,0.33367,14.26941176
P-4-13,T1,Guano,Ambient,G-AMB,18705.2,19238.22,533.02,0.53302,22.08705882
P-4-18,T1,Effluent,Ambient,E-AMB,18533.99,19294.21,760.22,0.76022,30.99686275
P-4-3,T1,Control,Ambient,C-AMB,18302.03,18877.06,575.03,0.57503,23.7345098
P-4-8,T1,Inorganic,Ambient,I-AMB,15937.25,16432.62,495.37,0.49537,20.61058824
P-5-13,T1,Guano,Ambient,G-AMB,20576.98,21388.62,811.64,0.81164,33.01333333
P-5-18,T1,Effluent,Ambient,E-AMB,16257.17,16861.48,604.31,0.60431,24.8827451
P-5-3,T1,Control,Ambient,C-AMB,16646.19,17134.17,487.98,0.48798,20.32078431
P-5-8,T1,Inorganic,Ambient,I-AMB,17801.3,18380.01,578.71,0.57871,23.87882353
P-6-13,T1,Guano,Ambient,G-AMB,19196.2,19841.77,645.57,0.64557,26.50078431
P-6-18,T1,Effluent,Ambient,E-AMB,18717.55,19386.29,668.74,0.66874,27.40941176
P-6-3,T1,Control,Ambient,C-AMB,23571.2,24482.81,911.61,0.91161,36.93372549
P-6-8,T1,Inorganic,Ambient,I-AMB,19054.55,19775.52,720.97,0.72097,29.45764706
P-7-13,T1,Guano,Ambient,G-AMB,14886.61,15132.63,246.02,0.24602,10.83215686
P-7-18,T1,Effluent,Ambient,E-AMB,17004.58,17750.06,745.48,0.74548,30.41882353
P-7-3,T1,Control,Ambient,C-AMB,14994.33,15322.24,327.91,0.32791,14.04352941
P-7-8,T1,Inorganic,Ambient,I-AMB,13765.32,14013.52,248.2,0.2482,10.91764706
P-8-13,T1,Guano,Ambient,G-AMB,18869.5,19349.46,479.96,0.47996,20.00627451
P-8-18,T1,Effluent,Ambient,E-AMB,22788,23854.57,1066.57,1.06657,43.01058824
P-8-3,T1,Control,Ambient,C-AMB,16997.62,17615.83,618.21,0.61821,25.42784314
P-8-8,T1,Inorganic,Ambient,I-AMB,21870.29,22765.05,894.76,0.89476,36.27294118
P-9-13,T1,Guano,Ambient,G-AMB,19278.42,19940.69,662.27,0.66227,27.15568627
P-9-18,T1,Effluent,Ambient,E-AMB,18243.81,18970.48,726.67,0.72667,29.68117647
P-9-3,T1,Control,Ambient,C-AMB,18033.3,18674.42,641.12,0.64112,26.32627451
P-9-8,T1,Inorganic,Ambient,I-AMB,16235.37,16786.52,551.15,0.55115,22.79803922
P-1-14,T2,Guano,Heated,G-HEAT,17413.43,18272.35,858.92,0.85892,34.86745098
P-1-19,T2,Effluent,Heated,E-HEAT,16070.52,16739.22,668.7,0.6687,27.40784314
P-1-26,T2,Control,Ambient,C-AMB,22015.68,23125.21,1109.53,1.10953,44.69529412
P-1-27,T2,Inorganic,Ambient,I-AMB,18673.38,19449.89,776.51,0.77651,31.63568627
P-1-28,T2,Guano,Ambient,G-AMB,17141.7,17740.01,598.31,0.59831,24.64745098
P-1-29,T2,Effluent,Ambient,E-AMB,20932.86,22055.24,1122.38,1.12238,45.19921569
P-1-4,T2,Control,Heated,C-HEAT,14696.87,15275.79,578.92,0.57892,23.88705882
P-1-9,T2,Inorganic,Heated,I-HEAT,15761.69,16256.25,494.56,0.49456,20.57882353
P-2-14,T2,Guano,Heated,G-HEAT,16418.11,16863.49,445.38,0.44538,18.65019608
P-2-19,T2,Effluent,Heated,E-HEAT,17054.74,17558.49,503.75,0.50375,20.93921569
P-2-26,T2,Control,Ambient,C-AMB,17899.85,18439.55,539.7,0.5397,22.34901961
P-2-27,T2,Inorganic,Ambient,I-AMB,21257.4,21992.91,735.51,0.73551,30.02784314
P-2-28,T2,Guano,Ambient,G-AMB,22664.57,23682.23,1017.66,1.01766,41.09254902
P-2-29,T2,Effluent,Ambient,E-AMB,28121.24,29343.32,1222.08,1.22208,49.10901961
P-2-4,T2,Control,Heated,C-HEAT,24750.52,25612.43,861.91,0.86191,34.98470588
P-2-9,T2,Inorganic,Heated,I-HEAT,18660.61,19273.79,613.18,0.61318,25.23058824
P-3-14,T2,Guano,Heated,G-HEAT,17929.02,18525.18,596.16,0.59616,24.56313725
P-3-19,T2,Effluent,Heated,E-HEAT,16663.4,17385.12,721.72,0.72172,29.48705882
P-3-26,T2,Control,Ambient,C-AMB,17169.13,17776.3,607.17,0.60717,24.99490196
P-3-27,T2,Inorganic,Ambient,I-AMB,15324.8,15792.89,468.09,0.46809,19.54078431
P-3-28,T2,Guano,Ambient,G-AMB,23708.35,24814.47,1106.12,1.10612,44.56156863
P-3-29,T2,Effluent,Ambient,E-AMB,13990.39,14306.92,316.53,0.31653,13.5972549
P-3-4,T2,Control,Heated,C-HEAT,20131.53,20948.83,817.3,0.8173,33.23529412
P-3-9,T2,Inorganic,Heated,I-HEAT,16125.59,16597.14,471.55,0.47155,19.67647059
P-4-14,T2,Guano,Heated,G-HEAT,16548.28,17020.78,472.5,0.4725,19.71372549
P-4-19,T2,Effluent,Heated,E-HEAT,16154.05,16552.47,398.42,0.39842,16.80862745
P-4-26,T2,Control,Ambient,C-AMB,18151.89,18880.17,728.28,0.72828,29.74431373
P-4-27,T2,Inorganic,Ambient,I-AMB,18616.7,19068.86,452.16,0.45216,18.91607843
P-4-28,T2,Guano,Ambient,G-AMB,27369.56,28557.87,1188.31,1.18831,47.78470588
P-4-29,T2,Effluent,Ambient,E-AMB,24116.36,24917.45,801.09,0.80109,32.59960784
P-4-4,T2,Control,Heated,C-HEAT,17432.07,18014.14,582.07,0.58207,24.01058824
P-4-9,T2,Inorganic,Heated,I-HEAT,18331.32,18924.15,592.83,0.59283,24.43254902
P-5-14,T2,Guano,Heated,G-HEAT,19343.07,19813.6,470.53,0.47053,19.63647059
P-5-19,T2,Effluent,Heated,E-HEAT,21176.38,22066.72,890.34,0.89034,36.09960784
P-5-26,T2,Control,Ambient,C-AMB,17321.99,17863.42,541.43,0.54143,22.41686275
P-5-27,T2,Inorganic,Ambient,I-AMB,19455.72,20177.46,721.74,0.72174,29.48784314
P-5-28,T2,Guano,Ambient,G-AMB,17441.05,18021.44,580.39,0.58039,23.94470588
P-5-29,T2,Effluent,Ambient,E-AMB,21785.53,22609.68,824.15,0.82415,33.50392157
P-5-4,T2,Control,Heated,C-HEAT,17384.04,18065.95,681.91,0.68191,27.92588235
P-5-9,T2,Inorganic,Heated,I-HEAT,17326.84,17749.36,422.52,0.42252,17.75372549
P-6-14,T2,Guano,Heated,G-HEAT,28983.25,30431.1,1447.85,1.44785,57.9627451
P-6-19,T2,Effluent,Heated,E-HEAT,20336.56,20953.95,617.39,0.61739,25.39568627
P-6-26,T2,Control,Ambient,C-AMB,25479.14,26618.6,1139.46,1.13946,45.86901961
P-6-27,T2,Inorganic,Ambient,I-AMB,25859.22,26688.34,829.12,0.82912,33.69882353
P-6-28,T2,Guano,Ambient,G-AMB,17450.27,17958.12,507.85,0.50785,21.1
P-6-29,T2,Effluent,Ambient,E-AMB,23506.69,24553.26,1046.57,1.04657,42.22627451
P-6-4,T2,Control,Heated,C-HEAT,21143.35,22000.46,857.11,0.85711,34.79647059
P-6-9,T2,Inorganic,Heated,I-HEAT,19514.84,20064.01,549.17,0.54917,22.72039216
P-7-14,T2,Guano,Heated,G-HEAT,20218.91,20770.67,551.76,0.55176,22.82196078
P-7-19,T2,Effluent,Heated,E-HEAT,14952.84,15320.23,367.39,0.36739,15.59176471
P-7-26,T2,Control,Ambient,C-AMB,15910.16,16320.08,409.92,0.40992,17.25960784
P-7-27,T2,Inorganic,Ambient,I-AMB,14440.47,14760.89,320.42,0.32042,13.74980392
P-7-28,T2,Guano,Ambient,G-AMB,15818.22,16145.3,327.08,0.32708,14.01098039
P-7-29,T2,Effluent,Ambient,E-AMB,15028.89,15326.03,297.14,0.29714,12.83686275
P-7-4,T2,Control,Heated,C-HEAT,14271.27,14646.4,375.13,0.37513,15.89529412
P-7-9,T2,Inorganic,Heated,I-HEAT,16251.22,16742.63,491.41,0.49141,20.45529412
P-8-14,T2,Guano,Heated,G-HEAT,16253.86,16716.58,462.72,0.46272,19.33019608
P-8-19,T2,Effluent,Heated,E-HEAT,20560.32,21403.29,842.97,0.84297,34.24196078
P-8-26,T2,Control,Ambient,C-AMB,14777.14,15047.07,269.93,0.26993,11.76980392
P-8-27,T2,Inorganic,Ambient,I-AMB,18157.51,18667.85,510.34,0.51034,21.19764706
P-8-28,T2,Guano,Ambient,G-AMB,18457.84,19152.59,694.75,0.69475,28.42941176
P-8-29,T2,Effluent,Ambient,E-AMB,21515.43,22277.05,761.62,0.76162,31.05176471
P-8-4,T2,Control,Heated,C-HEAT,23607.14,24706.2,1099.06,1.09906,44.28470588
P-8-9,T2,Inorganic,Heated,I-HEAT,33560.03,34922.31,1362.28,1.36228,54.60705882
P-9-14,T2,Guano,Heated,G-HEAT,19801.05,20644.21,843.16,0.84316,34.24941176
P-9-19,T2,Effluent,Heated,E-HEAT,16918.85,17604.42,685.57,0.68557,28.06941176
P-9-26,T2,Control,Ambient,C-AMB,15411.86,15876.34,464.48,0.46448,19.39921569
P-9-27,T2,Inorganic,Ambient,I-AMB,15209.8,15550.59,340.79,0.34079,14.54862745
P-9-28,T2,Guano,Ambient,G-AMB,15965.28,16553.39,588.11,0.58811,24.24745098
P-9-29,T2,Effluent,Ambient,E-AMB,16503.24,16988.76,485.52,0.48552,20.22431373
P-9-4,T2,Control,Heated,C-HEAT,15686.33,16182.45,496.12,0.49612,20.64
P-9-9,T2,Inorganic,Heated,I-HEAT,17813.08,18448.42,635.34,0.63534,26.09960784
P-1-1,T3,Control,Ambient,C-AMB,17487.12,18215.02,727.9,0.7279,20.18536585
P-1-10,T3,Inorganic,Heated,I-HEAT,14814.97,15510.2,695.23,0.69523,19.38853659
P-1-11,T3,Guano,Ambient,G-AMB,16555.77,17212.16,656.39,0.65639,18.44121951
P-1-15,T3,Guano,Heated,G-HEAT,19041.66,20278.04,1236.38,1.23638,32.58731707
P-1-16,T3,Effluent,Ambient,E-AMB,17525.82,18178.63,652.81,0.65281,18.35390244
P-1-20,T3,Effluent,Heated,E-HEAT,15766.72,16429.92,663.2,0.6632,18.60731707
P-1-5,T3,Control,Heated,C-HEAT,13927.64,14465.68,538.04,0.53804,15.55463415
P-1-6,T3,Inorganic,Ambient,I-AMB,15361.71,15912.29,550.58,0.55058,15.8604878
P-2-1,T3,Control,Ambient,C-AMB,22137.85,22670.61,532.76,0.53276,15.42585366
P-2-10,T3,Inorganic,Heated,I-HEAT,21566.53,22660.23,1093.7,1.0937,29.10731707
P-2-11,T3,Guano,Ambient,G-AMB,22416.2,23085.87,669.67,0.66967,18.76512195
P-2-15,T3,Guano,Heated,G-HEAT,22826.16,23872.76,1046.6,1.0466,27.95853659
P-2-16,T3,Effluent,Ambient,E-AMB,20390.39,20597.34,206.95,0.20695,7.479268293
P-2-20,T3,Effluent,Heated,E-HEAT,26550.12,27490.8,940.68,0.94068,25.37512195
P-2-5,T3,Control,Heated,C-HEAT,21989.92,22602.35,612.43,0.61243,17.36902439
P-2-6,T3,Inorganic,Ambient,I-AMB,23456.56,24585.98,1129.42,1.12942,29.97853659
P-3-1,T3,Control,Ambient,C-AMB,18598.97,19372.49,773.52,0.77352,21.29804878
P-3-10,T3,Inorganic,Heated,I-HEAT,22414.37,23557.31,1142.94,1.14294,30.30829268
P-3-11,T3,Guano,Ambient,G-AMB,19660.97,20406.15,745.18,0.74518,20.60682927
P-3-15,T3,Guano,Heated,G-HEAT,22402.68,23666.24,1263.56,1.26356,33.2502439
P-3-16,T3,Effluent,Ambient,E-AMB,17350.75,18163.55,812.8,0.8128,22.25609756
P-3-20,T3,Effluent,Heated,E-HEAT,22705.5,23990.2,1284.7,1.2847,33.76585366
P-3-5,T3,Control,Heated,C-HEAT,17315.09,18023.379,708.289,0.708289,19.70704878
P-3-6,T3,Inorganic,Ambient,I-AMB,17740.08,18513.57,773.49,0.77349,21.29731707
P-4-1,T3,Control,Ambient,C-AMB,20727.01,21606.18,879.17,0.87917,23.87487805
P-4-10,T3,Inorganic,Heated,I-HEAT,18980.29,19677.55,697.26,0.69726,19.43804878
P-4-11,T3,Guano,Ambient,G-AMB,18612.69,19203.81,591.12,0.59112,16.84926829
P-4-15,T3,Guano,Heateded,G-HEAT,20214.22,21008.09,793.87,0.79387,21.79439024
P-4-16,T3,Effluent,Ambient,E-AMB,21008.64,20070.87,-937.77,-0.93777,-20.44073171
P-4-20,T3,Effluent,Heated,E-HEAT,25911.95,24913.14,-998.81,-0.99881,-21.9295122
P-4-5,T3,Control,Heated,C-HEAT,21483.62,22537.78,1054.16,1.05416,28.14292683
P-4-6,T3,Inorganic,Ambient,I-AMB,25509.13,26118.16,609.03,0.60903,17.28609756
P-5-1,T3,Control,Ambient,C-AMB,23784.13,24790.48,1006.35,1.00635,26.97682927
P-5-10,T3,Inorganic,Heated,I-HEAT,17764.79,18525.44,760.65,0.76065,20.98414634
P-5-11,T3,Guano,Ambient,G-AMB,20024.83,20754.25,729.42,0.72942,20.22243902
P-5-15,T3,Guano,Heated,G-HEAT,19316.18,20250.43,934.25,0.93425,25.21829268
P-5-16,T3,Effluent,Ambient,E-AMB,21055.96,21775.97,720.01,0.72001,19.99292683
P-5-20,T3,Effluent,Heated,E-HEAT,19045.69,19770.68,724.99,0.72499,20.11439024
P-5-5,T3,Control,Heated,C-HEAT,29067.38,29559.57,492.19,0.49219,14.43634146
P-5-6,T3,Inorganic,Ambient,I-AMB,20894.64,21553.06,658.42,0.65842,18.49073171
P-6-1,T3,Control,Ambient,C-AMB,24864.29,25475.8,611.51,0.61151,17.34658537
P-6-10,T3,Inorganic,Heated,I-HEAT,22444.14,23176.82,732.68,0.73268,20.30195122
P-6-11,T3,Guano,Ambient,G-AMB,23267.77,24198.75,930.98,0.93098,25.13853659
P-6-15,T4,Guano,Heated,G-HEAT,19689.56,20333.8,644.24,0.64424,18.14487805
P-6-16,T3,Effluent,Ambient,E-AMB,26760.79,27776.88,1016.09,1.01609,27.21439024
P-6-20,T3,Effluent,Heated,E-HEAT,25280.05,26576.35,1296.3,1.2963,34.04878049
P-6-5,T4,Control,Heated,C-HEAT,24685.98,25808.62,1122.64,1.12264,29.81317073
P-6-6,T3,Inorganic,Ambient,I-AMB,27297.48,27449.97,152.49,0.15249,6.15097561
P-7-1,T3,Control,Ambient,C-AMB,20091.05,20857.33,766.28,0.76628,21.12146341
P-7-10,T3,Inorganic,Heated,I-HEAT,18286.58,18963.26,676.68,0.67668,18.93609756
P-7-11,T3,Guano,Ambient,G-AMB,22323.22,23501.86,1178.64,1.17864,31.17902439
P-7-15,T5,Guano,Heated,G-HEAT,19501.28,20349.12,847.84,0.84784,23.11073171
P-7-16,T3,Effluent,Ambient,E-AMB,22069.2,22932.38,863.18,0.86318,23.48487805
P-7-20,T3,Effluent,Heated,E-HEAT,19723.23,20479.99,756.76,0.75676,20.88926829
P-7-5,T3,Control,Heated,C-HEAT,17668.57,18345.94,677.37,0.67737,18.95292683
P-7-6,T3,Inorganic,Ambient,I-AMB,18387.14,19056.91,669.77,0.66977,18.76756098
P-8-1,T3,Control,Ambient,C-AMB,22787.65,22870.08,82.43,0.08243,4.442195122
P-8-10,T3,Inorganic,Heated,I-HEAT,23760.72,24936.83,1176.11,1.17611,31.11731707
P-8-11,T3,Guano,Ambient,G-AMB,23600.18,24406.68,806.5,0.8065,22.10243902
P-8-15,T3,Guano,Heated,G-HEAT,23758.54,25014.71,1256.17,1.25617,33.07
P-8-16,T3,Effluent,Ambient,E-AMB,27014.18,27427.54,413.36,0.41336,12.51365854
P-8-20,T3,Effluent,Heated,E-HEAT,22455.48,23358.83,903.35,0.90335,24.46463415
P-8-5,T3,Control,Heated,C-HEAT,31662.94,32476.01,813.07,0.81307,22.26268293
P-8-6,T3,Inorganic,Ambient,I-AMB,17231.25,17612.79,381.54,0.38154,11.73756098
P-9-1,T3,Control,Ambient,C-AMB,26819.63,25701.85,-1117.78,-1.11778,-24.83121951
P-9-10,T3,Inorganic,Heated,I-HEAT,24294.59,25326.04,1031.45,1.03145,27.58902439
P-9-11,T3,Guano,Ambient,G-AMB,23293.91,23872.07,578.16,0.57816,16.53317073
P-9-15,T3,Guano,Heated,G-HEAT,18951.27,19924.59,973.32,0.97332,26.17121951
P-9-16,T3,Effluent,Ambient,E-AMB,17199.44,17815.54,616.1,0.6161,17.45853659
P-9-20,T3,Effluent,Heated,E-HEAT,,22218.75,22218.75,22.21875,544.352439
P-9-5,T3,Control,Heated,C-HEAT,24428.3,25081.47,653.17,0.65317,18.36268293
P-9-6,T3,Inorganic,Ambient,I-AMB,19409.71,20353.91,944.2,0.9442,25.46097561
P-1-12,T3,Guano,Ambient,G-AMB,18356.29,19062.25,705.96,0.70596,19.6502439
P-1-17,T3,Effluent,Ambient,E-AMB,17521.56,17968.01,446.45,0.44645,13.32073171
P-1-2,T3,Control,Ambient,C-AMB,15785.25,16192.78,407.53,0.40753,12.37146341
P-1-22,T3,Control,Heated,C-HEAT,17559.42,18171.75,612.33,0.61233,17.36658537
P-1-23,T3,Inorganic,Heated,I-HEAT,18951.28,19792.91,841.63,0.84163,22.95926829
P-1-24,T3,Guano,Heated,G-HEAT,19065.05,20243.29,1178.24,1.17824,31.16926829
P-1-25,T3,Effluent,Heated,E-HEAT,15328.35,15911.48,583.13,0.58313,16.65439024
P-1-7,T3,Inorganic,Ambient,I-AMB,15208.86,15762.04,553.18,0.55318,15.92390244
P-2-12,T3,Guano,Ambient,G-AMB,22749.38,23429.46,680.08,0.68008,19.01902439
P-2-17,T3,Effluent,Ambient,E-AMB,22590.96,22632.94,41.98,0.04198,3.455609756
P-2-2,T3,Control,Ambient,C-AMB,21333.43,21756.33,422.9,0.4229,12.74634146
P-2-22,T3,Control,Heated,C-HEAT,21208.48,21947.21,738.73,0.73873,20.4495122
P-2-23,T3,Inorganic,Heated,I-HEAT,18368.84,19040.33,671.49,0.67149,18.8095122
P-2-24,T3,Guano,Heated,G-HEAT,20625.75,21600.82,975.07,0.97507,26.21390244
P-2-25,T3,Effluent,Heated,E-HEAT,28254.26,29610.8,1356.54,1.35654,35.51804878
P-2-7,T3,Inorganic,Ambient,I-AMB,20020.97,20635.43,614.46,0.61446,17.41853659
P-3-12,T3,Guano,Ambient,G-AMB,22472.14,23463.87,991.73,0.99173,26.6202439
P-3-17,T3,Effluent,Ambient,E-AMB,18614.75,19071.55,456.8,0.4568,13.57317073
P-3-2,T3,Control,Ambient,C-AMB,20497.37,21194.23,696.86,0.69686,19.42829268
P-3-22,T3,Control,Heated,C-HEAT,17667.06,18458.73,791.67,0.79167,21.74073171
P-3-23,T3,Inorganic,Heated,I-HEAT,20831.83,21594.19,762.36,0.76236,21.02585366
P-3-24,T3,Guano,Heated,G-HEAT,19956.16,21069.12,1112.96,1.11296,29.57707317
P-3-25,T3,Effluent,Heated,E-HEAT,19861.9,20793.26,931.36,0.93136,25.14780488
P-3-7,T3,Inorganic,Ambient,I-AMB,18783.41,19611.66,828.25,0.82825,22.63292683
P-4-12,T3,Guano,Ambient,G-AMB,22799.87,23706.17,906.3,0.9063,24.53658537
P-4-17,T3,Effluent,Ambient,E-AMB,22931.94,23469.33,537.39,0.53739,15.53878049
P-4-2,T3,Control,Ambient,C-AMB,23817.13,24477.83,660.7,0.6607,18.54634146
P-4-22,T3,Control,Heated,C-HEAT,22675.58,23484.54,808.96,0.80896,22.16243902
P-4-23,T3,Inorganic,Heated,I-HEAT,23649.95,24805.23,1155.28,1.15528,30.60926829
P-4-24,T3,Guano,Heated,G-HEAT,22781.55,23612.03,830.48,0.83048,22.68731707
P-4-25,T3,Effluent,Heated,E-HEAT,26615.51,27852.81,1237.3,1.2373,32.6097561
P-4-7,T3,Inorganic,Ambient,I-AMB,19381.32,19834.06,452.74,0.45274,13.47414634
P-5-12,T3,Guano,Ambient,G-AMB,21147.19,21755.86,608.67,0.60867,17.27731707
P-5-17,T3,Effluent,Ambient,E-AMB,23656.06,24588.82,932.76,0.93276,25.18195122
P-5-2,T3,Control,Ambient,C-AMB,25534.96,26350.5,815.54,0.81554,22.32292683
P-5-22,T3,Control,Heated,C-HEAT,23366.45,24066.15,699.7,0.6997,19.49756098
P-5-23,T3,Inorganic,Heated,I-HEAT,19217.03,19872.22,655.19,0.65519,18.41195122
P-5-24,T3,Guano,Heated,G-HEAT,21022.49,21949.35,926.86,0.92686,25.03804878
P-5-25,T3,Effluent,Heated,E-HEAT,21780.8,22699.01,918.21,0.91821,24.82707317
P-5-7,T3,Inorganic,Ambient,I-AMB,22261.55,23020.77,759.22,0.75922,20.94926829
P-6-12,T3,Guano,Ambient,G-AMB,20565.3,21053.12,487.82,0.48782,14.3297561
P-6-17,T3,Effluent,Ambient,E-AMB,22928.11,23722.93,794.82,0.79482,21.81756098
P-6-2,T3,Control,Ambient,C-AMB,20254.68,20496.01,241.33,0.24133,8.317804878
P-6-22,T3,Control,Heated,C-HEAT,17505.33,18017.78,512.45,0.51245,14.9304878
P-6-23,T3,Inorganic,Heated,I-HEAT,20610.02,21407.61,797.59,0.79759,21.88512195
P-6-24,T3,Guano,Heated,G-HEAT,20446.31,21413.62,967.31,0.96731,26.02463415
P-6-25,T3,Effluent,Heated,E-HEAT,21465.42,22285.22,819.8,0.8198,22.42682927
P-6-7,T3,Inorganic,Ambient,I-AMB,20533.74,21111.86,578.12,0.57812,16.53219512
P-7-12,T3,Guano,Ambient,G-AMB,18206.66,18832.63,625.97,0.62597,17.69926829
P-7-17,T3,Effluent,Ambient,E-AMB,17494.11,18180,685.89,0.68589,19.16073171
P-7-2,T3,Control,Ambient,C-AMB,23835.2,24743.08,907.88,0.90788,24.57512195
P-7-22,T3,Control,Heated,C-HEAT,19425.95,19959.33,533.38,0.53338,15.44097561
P-7-23,T3,Inorganic,Heated,I-HEAT,20110.38,20844.59,734.21,0.73421,20.33926829
P-7-24,T3,Guano,Heated,G-HEAT,16785.3,17371.88,586.58,0.58658,16.73853659
P-7-25,T3,Effluent,Heated,E-HEAT,15089.88,15432.92,343.04,0.34304,10.79853659
P-7-7,T3,Inorganic,Ambient,I-AMB,26030.38,27045.8,1015.42,1.01542,27.19804878
P-8-12,T3,Guano,Ambient,G-AMB,25870.26,26724.03,853.77,0.85377,23.25536585
P-8-17,T3,Effluent,Ambient,E-AMB,24346.95,24801.03,454.08,0.45408,13.50682927
P-8-2,T3,Control,Ambient,C-AMB,21184.48,21618.94,434.46,0.43446,13.02829268
P-8-22,T3,Control,Heated,C-HEAT,25134.72,26364.2,1229.48,1.22948,32.41902439
P-8-23,T3,Inorganic,Heated,I-HEAT,23504.21,24492.76,988.55,0.98855,26.54268293
P-8-24,T3,Guano,Heated,G-HEAT,26836.53,27866.78,1030.25,1.03025,27.5597561
P-8-25,T3,Effluent,Heated,E-HEAT,20794.85,21503.75,708.9,0.7089,19.72195122
P-8-7,T3,Inorganic,Ambient,I-AMB,20514.6,21263.69,749.09,0.74909,20.70219512
P-9-12,T3,Guano,Ambient,G-AMB,27519.5,28157.31,637.81,0.63781,17.98804878
P-9-17,T3,Effluent,Ambient,E-AMB,16376.02,16909.31,533.29,0.53329,15.43878049
P-9-2,T3,Control,Ambient,C-AMB,19213.09,19408.51,195.42,0.19542,7.19804878
P-9-22,T3,Control,Heated,C-HEAT,16089.12,16536.98,447.86,0.44786,13.35512195
P-9-23,T3,Inorganic,Heated,I-HEAT,15195.98,15658.97,462.99,0.46299,13.72414634
P-9-24,T3,Guano,Heated,G-HEAT,15934.78,16888.05,953.27,0.95327,25.68219512
P-9-25,T3,Effluent,Heated,E-HEAT,20682.14,21432.23,750.09,0.75009,20.72658537
P-9-7,T3,Inorganic,Ambient,I-AMB,19353.86,19700.03,346.17,0.34617,10.87487805
