"","Frag_ID","Species","Genotype","Timepoint","Treatment","Temperature","Trt_temp","Squares_counted.1mm2","Total.blastate.ml","rep1","rep2","rep3","rep4","Mean.cells","Stdev","StError","CV","Cells.mm2","Cells.ml","Total.cells","Surface_area.cm2","AFDW_gdw","Symb_density.cells..cm2","Symb_density.cells..gdw","Log_Symb_density.cells..gdw","Facet"
"1","M-1-26","Montipora","1","T2","Control","Ambient","c-a",1,25,136,128,114,133,127.75,9.7,4.87,7.63,127.75,1277500,31937500,39.50480226,0.1475,808446.016000891,216525423.728814,8.33550889716461,"Montipora - Bleaching Period"
"2","M-1-27","Montipora","1","T2","Inorganic","Ambient","i-a",3,25,112,127,107,130,119,11.2,5.61,9.43,39.67,396667,9916667,25.16129944,0.105,394123.802057498,94444447.6190476,7.9751764308731,"Montipora - Bleaching Period"
"3","M-1-28","Montipora","1","T2","Guano","Ambient","g-a",3,25,121,127,146,129,130.75,10.7,5.36,8.2,43.58,435833,10895833,28.52740113,0.085,381942.713615848,128186270.588235,8.10784151249114,"Montipora - Bleaching Period"
"4","M-1-30","Montipora","1","T2","Effluent","Ambient","e-a",3,25,194,208,182,204,197,11.6,5.8,5.89,65.67,656667,16416667,38.13870056,0.1525,430446.416866595,107650275.409836,8.03201514524932,"Montipora - Bleaching Period"
"5","M-1-4","Montipora","1","T2","Control","Heated","c-h",4,25,98,75,69,85,81.75,12.7,6.34,15.52,20.44,204375,5109375,28.92824859,0.0925,176622.341449535,55236486.4864865,7.74222604593737,"Montipora - Bleaching Period"
"6","M-1-9","Montipora","1","T2","Inorganic","Heated","i-h",4,25,62,51,55,78,61.5,11.9,5.95,19.35,15.38,153750,3843750,16.13248588,0.0625,238261.482364924,61500000,7.78887511577542,"Montipora - Bleaching Period"
"7","M-1-14","Montipora","1","T2","Guano","Heated","g-h",4,25,33,17,27,29,26.5,6.8,3.4,25.69,6.63,66250,1656250,16.38276836,0.0575,101097.077344015,28804347.826087,7.45945804659125,"Montipora - Bleaching Period"
"8","M-1-19","Montipora","1","T2","Effluent","Heated","e-h",4,25,50,51,43,35,44.75,7.4,3.71,16.56,11.19,111875,2796875,15.46779661,0.0625,180819.22529236,44750000,7.65079303965193,"Montipora - Bleaching Period"
"9","M-3-26","Montipora","3","T2","Control","Ambient","c-a",1,25,129,118,119,105,117.75,9.8,4.92,8.36,117.75,1177500,29437500,35.67966102,0.1525,825049.878795065,193032786.885246,8.28563108079017,"Montipora - Bleaching Period"
"10","M-3-27","Montipora","3","T2","Inorganic","Ambient","i-a",1,25,160,147,199,208,178.5,29.6,14.79,16.57,178.5,1785000,44625000,18.23050847,0.1875,2447819.82210944,2.38e+08,8.37657695705651,"Montipora - Bleaching Period"
"11","M-3-28","Montipora","3","T2","Guano","Ambient","g-a",1,25,99,77,82,88,86.5,9.5,4.73,10.95,86.5,865000,21625000,27.63757062,0.0975,782449.380132963,221794871.794872,8.34595150043831,"Montipora - Bleaching Period"
"12","M-3-29","Montipora","3","T2","Effluent","Ambient","e-a",1,25,86,55,56,67,66,14.4,7.2,21.82,66,660000,16500000,21.01045198,0.095,785323.419777284,173684210.526316,8.23976033892506,"Montipora - Bleaching Period"
"13","M-3-4","Montipora","3","T2","Control","Heated","c-h",4,25,107,96,106,96,101.25,6.1,3.04,6,25.31,253125,6328125,19.62062147,0.0775,322524.187609232,81653225.8064516,7.91197334672447,"Montipora - Bleaching Period"
"14","M-3-9","Montipora","3","T2","Inorganic","Heated","i-h",4,25,120,105,89,89,100.75,14.9,7.44,14.77,25.19,251875,6296875,15.66158192,0.065,402058.682971152,96875000,7.98621171551437,"Montipora - Bleaching Period"
"15","M-3-14","Montipora","3","T2","Guano","Heated","g-h",4,25,130,134,93,109,116.5,19.1,9.56,16.41,29.13,291250,7281250,16.60282486,0.04,438554.888183046,182031250,8.26014595137815,"Montipora - Bleaching Period"
"16","M-3-19","Montipora","3","T2","Effluent","Heated","e-h",4,25,83,80,81,96,85,7.4,3.72,8.75,21.25,212500,5312500,12.78559322,0.0625,415506.727657334,8.5e+07,7.92941892571429,"Montipora - Bleaching Period"
"17","M-4-26","Montipora","4","T2","Control","Ambient","c-a",3,25,34,44,41,44,40.75,4.7,2.36,11.58,13.58,135833,3395833,14.23559322,0.055,238545.239915193,61742418.1818182,7.79058363490399,"Montipora - Bleaching Period"
"18","M-4-27","Montipora","4","T2","Inorganic","Ambient","i-a",3,25,92,87,83,84,86.5,4,2.02,4.67,28.83,288333,7208333,18.52768362,0.075,389057.431454564,96111106.6666667,7.98277357794251,"Montipora - Bleaching Period"
"19","M-4-28","Montipora","4","T2","Guano","Ambient","g-a",3,25,123,99,92,116,107.5,14.4,7.22,13.43,35.83,358333,8958333,24.04463277,0.08,372571.005167404,111979162.5,8.04913721505226,"Montipora - Bleaching Period"
"20","M-4-29","Montipora","4","T2","Effluent","Ambient","e-a",3,25,72,77,63,70,70.5,5.8,2.9,8.23,23.5,235000,5875000,16.17231638,0.0625,363275.109264218,9.4e+07,7.9731278535997,"Montipora - Bleaching Period"
"21","M-4-4","Montipora","4","T2","Control","Heated","c-h",4,25,78,79,98,86,85.25,9.2,4.61,10.81,21.31,213125,5328125,24.91920904,0.075,213815.975918311,71041666.6666667,7.85151314161691,"Montipora - Bleaching Period"
"22","M-4-9","Montipora","4","T2","Inorganic","Heated","i-h",4,25,66,72,49,58,61.25,10,4.99,16.29,15.31,153125,3828125,20.46073446,0.07,187096.167416856,54687500,7.73788807036639,"Montipora - Bleaching Period"
"23","M-4-14","Montipora","4","T2","Guano","Heated","g-h",4,25,84,66,57,58,66.25,12.5,6.25,18.87,16.56,165625,4140625,17.69491525,0.055,234000.83817864,75284090.9090909,7.87670321045868,"Montipora - Bleaching Period"
"24","M-4-19","Montipora","4","T2","Effluent","Heated","e-h",4,25,70,58,68,68,66,5.4,2.71,8.21,16.5,165000,4125000,29.32372881,0.0875,140671.059493406,47142857.1428571,7.67341589986363,"Montipora - Bleaching Period"
"25","M-7-26","Montipora","7","T2","Control","Ambient","c-a",1,25,82,97,84,69,83,11.5,5.73,13.81,83,830000,20750000,30.81440678,0.1575,673386.320500829,131746031.746032,8.11973754292249,"Montipora - Bleaching Period"
"26","M-7-27","Montipora","7","T2","Inorganic","Ambient","i-a",3,25,62,74,57,66,64.75,7.2,3.59,11.09,21.58,215833,5395833,20.64576271,0.095,261353.047392455,56798242.1052632,7.75433489458781,"Montipora - Bleaching Period"
"27","M-7-28","Montipora","7","T2","Guano","Ambient","g-a",3,25,78,59,62,58,64.25,9.3,4.66,14.51,21.42,214167,5354167,18.98785311,0.0575,281978.534855013,93115947.826087,7.96902406830386,"Montipora - Bleaching Period"
"28","M-7-29","Montipora","7","T2","Effluent","Ambient","e-a",2,25,73,46,52,64,58.75,12.1,6.05,20.58,29.38,293750,7343750,36.88531073,0.1025,199096.872295754,71646341.4634146,7.85519401856006,"Montipora - Bleaching Period"
"29","M-7-30","Montipora","7","T2","Control","Heated","c-h",4,25,24,22,23,17,21.5,3.1,1.55,14.46,5.38,53750,1343750,30.69096045,0.1175,43783.2501915071,11436170.212766,7.05828061065193,"Montipora - Bleaching Period"
"30","M-7-9","Montipora","7","T2","Inorganic","Heated","i-h",4,25,12,9,10,11,10.5,1.3,0.65,12.3,2.63,26250,656250,27.76949153,0.0525,23632.0495566524,12500000,7.09691001300806,"Montipora - Bleaching Period"
"31","M-7-14","Montipora","7","T2","Guano","Heated","g-h",4,25,17,14,17,17,16.25,1.5,0.75,9.23,4.06,40625,1015625,23.41779661,0.03,43369.7933633219,33854166.6666667,7.52961212793931,"Montipora - Bleaching Period"
"32","M-7-19","Montipora","7","T2","Effluent","Heated","e-h",4,25,19,13,18,12,15.5,3.5,1.76,22.66,3.88,38750,968750,23.11468927,0.0675,41910.5785366242,14351851.8518519,7.15690794268334,"Montipora - Bleaching Period"
"33","M-8-26","Montipora","8","T2","Control","Ambient","c-a",2,25,134,153,124,141,138,12.2,6.1,8.84,69,690000,17250000,19.74632768,0.115,873580.155234211,1.5e+08,8.17609125905568,"Montipora - Bleaching Period"
"34","M-8-27","Montipora","8","T2","Inorganic","Ambient","i-a",2,25,141,148,125,148,140.5,10.8,5.42,7.72,70.25,702500,17562500,15.78305085,0.0975,1112744.30824,180128205.128205,8.25558172155062,"Montipora - Bleaching Period"
"35","M-8-28","Montipora","8","T2","Guano","Ambient","g-a",2,25,116,101,90,128,108.75,16.7,8.34,15.34,54.38,543750,13593750,17.34576271,0.085,783692.837684392,159926470.588235,8.20392035292044,"Montipora - Bleaching Period"
"36","M-8-29","Montipora","8","T2","Effluent","Ambient","e-a",2,25,111,145,106,121,120.75,17.3,8.66,14.35,60.38,603750,15093750,17.28107345,0.07,873426.644685663,215625000,8.33369911241735,"Montipora - Bleaching Period"
"37","M-8-4","Montipora","8","T2","Control","Heated","c-h",2,25,103,98,75,103,94.75,13.4,6.69,14.12,47.38,473750,11843750,22.61299435,0.1075,523758.588388804,110174418.604651,8.04208076739654,"Montipora - Bleaching Period"
"38","M-8-9","Montipora","8","T2","Inorganic","Heated","i-h",2,25,164,171,141,125,150.25,21.2,10.58,14.08,75.13,751250,18781250,24.7299435,0.135,759453.817595661,139120370.37037,8.14339072518783,"Montipora - Bleaching Period"
"39","M-8-30","Montipora","8","T2","Guano","Heated","g-h",1,25,124,143,121,148,134,13.5,6.75,10.07,134,1340000,33500000,46.16920904,0.185,725591.811004956,181081081.081081,8.25787307863383,"Montipora - Bleaching Period"
"40","M-8-19","Montipora","8","T2","Effluent","Heated","e-h",2,25,121,155,117,130,130.75,17.1,8.53,13.04,65.38,653750,16343750,22.82711864,0.12,715979.544232132,136197916.666667,8.13417046449974,"Montipora - Bleaching Period"
"41","P-1-26","Porites","1","T2","Control","Ambient","c-a",1,25,100,118,81,89,97,16,8.01,16.52,97,970000,24250000,44.69529412,0.1075,542562.712192753,225581395.348837,8.35330327868666,"Porites - Bleaching Period"
"42","P-1-27","Porites","1","T2","Inorganic","Ambient","i-a",1,25,88,75,76,84,80.75,6.3,3.15,7.79,80.75,807500,20187500,31.63568627,0.225,638124.295066857,89722222.2222222,7.95290002156382,"Porites - Bleaching Period"
"43","P-1-28","Porites","1","T2","Guano","Ambient","g-a",1,30,77,67,62,61,66.75,7.3,3.66,10.97,66.75,667500,16687500,24.64745098,0.108,677047.70012692,154513888.888889,8.1889675232217,"Porites - Bleaching Period"
"44","P-1-29","Porites","1","T2","Effluent","Ambient","e-a",1,25,133,159,163,153,152,13.3,6.66,8.76,152,1520000,3.8e+07,45.19921569,0.135,840722.552812066,281481481.481481,8.4494498281218,"Porites - Bleaching Period"
"45","P-1-4","Porites","1","T2","Control","Heated","c-h",4,25,70,97,61,75,75.75,15.3,7.65,20.2,18.94,189375,4734375,23.88705882,0.0675,198198.323019828,70138888.8888889,7.84595888168739,"Porites - Bleaching Period"
"46","P-1-9","Porites","1","T2","Inorganic","Heated","i-h",4,25,35,50,42,45,43,6.3,3.14,14.59,10.75,107500,2687500,20.57882353,0.05,130595.415043146,53750000,7.73037846858764,"Porites - Bleaching Period"
"47","P-1-14","Porites","1","T2","Guano","Heated","g-h",4,25,112,142,135,126,128.75,12.9,6.47,10.05,32.19,321875,8046875,34.86745098,0.105,230784.722537237,76636904.7619048,7.88443795598737,"Porites - Bleaching Period"
"48","P-1-19","Porites","1","T2","Effluent","Heated","e-h",4,25,23,20,19,22,21,1.8,0.91,8.69,5.25,52500,1312500,27.40784314,0.0725,47887.752177204,18103448.2758621,7.257761305507,"Porites - Bleaching Period"
"49","P-3-26","Porites","3","T2","Control","Ambient","c-a",2,25,92,71,92,65,80,14.1,7.04,17.59,40,4e+05,1e+07,24.99490196,0.0775,400081.585277,129032258.064516,8.11069829749369,"Porites - Bleaching Period"
"50","P-3-27","Porites","3","T2","Inorganic","Ambient","i-a",2,25,87,97,80,94,89.5,7.6,3.8,8.48,44.75,447500,11187500,19.54078431,0.09,572520.520288164,124305555.555556,8.09449053888464,"Porites - Bleaching Period"
"51","P-3-28","Porites","3","T2","Guano","Ambient","g-a",2,25,105,107,113,101,106.5,5,2.5,4.69,53.25,532500,13312500,44.56156863,0.11,298743.971751427,121022727.272727,8.08286693562459,"Porites - Bleaching Period"
"52","P-3-29","Porites","3","T2","Effluent","Ambient","e-a",4,25,52,47,47,55,50.25,3.9,1.97,7.86,12.56,125625,3140625,13.5972549,0.0325,230974.930094162,96634615.3846154,7.98513272245773,"Porites - Bleaching Period"
"53","P-3-4","Porites","3","T2","Control","Heated","c-h",4,25,29,29,27,18,25.75,5.3,2.63,20.4,6.44,64375,1609375,33.23529412,0.075,48423.6725629435,21458333.3333333,7.33159598732959,"Porites - Bleaching Period"
"54","P-3-9","Porites","3","T2","Inorganic","Heated","i-h",4,25,29,36,38,31,33.5,4.2,2.1,12.55,8.38,83750,2093750,19.67647059,0.0575,106408.819123491,36413043.4782609,7.56125697969129,"Porites - Bleaching Period"
"55","P-3-14","Porites","3","T2","Guano","Heated","g-h",4,25,70,69,64,63,66.5,3.5,1.76,5.28,16.63,166250,4156250,24.56313725,0.0825,169206.806023933,50378787.8787879,7.70224771409725,"Porites - Bleaching Period"
"56","P-3-19","Porites","3","T2","Effluent","Heated","e-h",4,25,35,33,29,30,31.75,2.8,1.38,8.67,7.94,79375,1984375,29.48705882,0.06,67296.4710422075,33072916.6666667,7.51947249658843,"Porites - Bleaching Period"
"57","P-6-26","Porites","6","T2","Control","Ambient","c-a",2,25,155,142,160,138,148.75,10.4,5.22,7.02,74.38,743750,18593750,45.86901961,0.1075,405366.196140506,172965116.27907,8.23795852315702,"Porites - Bleaching Period"
"58","P-6-27","Porites","6","T2","Inorganic","Ambient","i-a",1,25,117,120,140,103,120,15.3,7.63,12.71,120,1200000,3e+07,33.69882353,0.1625,890238.79344906,184615384.615385,8.26626788940477,"Porites - Bleaching Period"
"59","P-6-28","Porites","6","T2","Guano","Ambient","g-a",2,25,123,92,109,117,110.25,13.5,6.73,12.2,55.13,551250,13781250,21.1,0.09,653139.81042654,153125000,8.18504610170861,"Porites - Bleaching Period"
"60","P-6-29","Porites","6","T2","Effluent","Ambient","e-a",1,25,124,113,119,145,125.25,13.9,6.96,11.11,125.25,1252500,31312500,42.22627451,0.1225,741540.672563586,255612244.897959,8.40758165451077,"Porites - Bleaching Period"
"61","P-6-4","Porites","6","T2","Control","Heated","c-h",4,25,83,93,120,113,102.25,17.2,8.6,16.81,25.56,255625,6390625,34.79647059,0.12,183657.275914546,53255208.3333333,7.72636208797583,"Porites - Bleaching Period"
"62","P-6-9","Porites","6","T2","Inorganic","Heated","i-h",4,25,49,55,64,56,56,6.2,3.08,11.01,14,140000,3500000,22.72039216,0.0975,154046.636842909,35897435.8974359,7.55506342865174,"Porites - Bleaching Period"
"63","P-6-14","Porites","6","T2","Guano","Heated","g-h",4,25,28,38,34,30,32.5,4.4,2.22,13.65,8.13,81250,2031250,57.9627451,NA,35044.0614311071,NA,NA,"Porites - Bleaching Period"
"64","P-6-19","Porites","6","T2","Effluent","Heated","e-h",4,25,41,50,48,37,44,6.1,3.03,13.76,11,110000,2750000,25.39568627,0.075,108286.106969615,36666666.6666667,7.56427143043856,"Porites - Bleaching Period"
"65","P-8-26","Porites","8","T2","Control","Ambient","c-a",2,25,89,107,110,87,98.25,11.9,5.96,12.14,49.13,491250,12281250,11.76980392,0.065,1043454.08670156,188942307.692308,8.27632921541267,"Porites - Bleaching Period"
"66","P-8-27","Porites","8","T2","Inorganic","Ambient","i-a",2,25,131,138,165,141,143.75,14.8,7.39,10.28,71.88,718750,17968750,21.19764706,0.1025,847676.628879583,175304878.048781,8.24379400097795,"Porites - Bleaching Period"
"67","P-8-28","Porites","8","T2","Guano","Ambient","g-a",1,25,111,122,115,124,118,6.1,3.03,5.13,118,1180000,29500000,28.42941176,0.15,1037657.76967311,196666666.666667,8.29373075692248,"Porites - Bleaching Period"
"68","P-8-29","Porites","8","T2","Effluent","Ambient","e-a",1,25,149,134,135,141,139.75,6.9,3.45,4.94,139.75,1397500,34937500,31.05176471,0.16,1125137.34167091,218359375,8.33917184257457,"Porites - Bleaching Period"
"69","P-8-4","Porites","8","T2","Control","Heated","c-h",4,25,97,86,118,117,104.5,15.7,7.84,15,26.13,261250,6531250,44.28470588,0.1275,147483.196968678,51225490.1960784,7.70948612302117,"Porites - Bleaching Period"
"70","P-8-9","Porites","8","T2","Inorganic","Heated","i-h",4,25,29,26,29,37,30.25,4.7,2.36,15.59,7.56,75625,1890625,54.60705882,0.155,34622.3554400178,12197580.6451613,7.08627369816227,"Porites - Bleaching Period"
"71","P-8-14","Porites","8","T2","Guano","Heated","g-h",4,25,38,51,49,38,44,7,3.49,15.85,11,110000,2750000,19.33019608,NA,142264.464810333,NA,NA,"Porites - Bleaching Period"
"72","P-8-19","Porites","8","T2","Effluent","Heated","e-h",4,25,36,36,29,39,35,4.2,2.12,12.12,8.75,87500,2187500,34.24196078,0.1,63883.6080110714,21875000,7.33994806169435,"Porites - Bleaching Period"
"73","P-9-26","Porites","9","T2","Control","Ambient","c-a",2,25,96,100,80,87,90.75,9,4.5,9.91,45.38,453750,11343750,19.39921569,0.045,584753.022043439,252083333.333333,8.40154413294086,"Porites - Bleaching Period"
"74","P-9-27","Porites","9","T2","Inorganic","Ambient","i-a",2,25,98,143,130,87,114.5,26.3,13.17,23,57.25,572500,14312500,14.54862745,0.0775,983769.77822743,184677419.354839,8.26641379717765,"Porites - Bleaching Period"
"75","P-9-28","Porites","9","T2","Guano","Ambient","g-a",1,25,81,86,65,79,77.75,9,4.5,11.57,77.75,777500,19437500,24.24745098,0.105,801630.654539012,185119047.619048,8.26745110730097,"Porites - Bleaching Period"
"76","P-9-29","Porites","9","T2","Effluent","Ambient","e-a",2,25,119,108,134,129,122.5,11.5,5.75,9.39,61.25,612500,15312500,20.22431373,0.0925,757133.231041902,165540540.540541,8.21890436896958,"Porites - Bleaching Period"
"77","P-9-4","Porites","9","T2","Control","Heated","c-h",4,25,48,32,38,39,39.25,6.6,3.3,16.82,9.81,98125,2453125,20.64,0.0525,118852.955426357,46726190.4761905,7.66956037501939,"Porites - Bleaching Period"
"78","P-9-9","Porites","9","T2","Inorganic","Heated","i-h",4,25,38,46,47,47,44.5,4.4,2.18,9.8,11.13,111250,2781250,26.09960784,0.0825,106562.903820244,33712121.2121212,7.52778607977508,"Porites - Bleaching Period"
"79","P-9-14","Porites","9","T2","Guano","Heated","g-h",4,25,49,51,35,33,42,9.3,4.65,22.17,10.5,105000,2625000,34.24941176,0.0675,76643.6521127568,38888888.8888889,7.58982553491095,"Porites - Bleaching Period"
"80","P-9-19","Porites","9","T2","Effluent","Heated","e-h",4,25,38,26,29,32,31.25,5.1,2.56,16.4,7.81,78125,1953125,28.06941176,0.0675,69581.9711755869,28935185.1851852,7.46142626619314,"Porites - Bleaching Period"
"81","M-1-2","Montipora","1","T3","Control","Ambient","c-a",1,25,84,96,81,76,84.25,8.5,4.25,10.09,84.25,842500,21062500,25.6920904,0.0825,819804.837678759,255303030.30303,8.40705596966549,"Montipora - Recovery Period"
"82","M-1-7","Montipora","1","T3","Inorganic","Ambient","i-a",2,25,130,108,119,131,122,10.8,5.4,8.85,61,610000,15250000,28.24491525,0.1025,539920.18970565,148780487.804878,8.17254597829103,"Montipora - Recovery Period"
"83","M-1-12","Montipora","1","T3","Guano","Ambient","g-a",1,25,167,166,176,133,160.5,18.9,9.44,11.76,160.5,1605000,40125000,34.0819209,0.1175,1177310.40212584,341489361.702128,8.53337717880517,"Montipora - Recovery Period"
"84","M-1-17","Montipora","1","T3","Effluent","Ambient","e-a",2,25,120,135,114,112,120.25,10.4,5.2,8.65,60.13,601250,15031250,30.44717514,0.0925,493682.909198781,162500000,8.21085336531489,"Montipora - Recovery Period"
"85","M-1-22","Montipora","1","T3","Control","Heated","c-h",3,25,103,94,68,118,95.75,21,10.49,21.91,31.92,319167,7979167,21.79830508,0.0625,366045.294380291,127666672,8.10607753739181,"Montipora - Recovery Period"
"86","M-1-23","Montipora","1","T3","Inorganic","Heated","i-h",3,25,112,82,94,76,91,15.9,7.94,17.44,30.33,303333,7583333,23.57457627,0.0575,321674.201612278,131884052.173913,8.12019228249397,"Montipora - Recovery Period"
"87","M-1-24","Montipora","1","T3","Guano","Heated","g-h",4,25,22,11,20,23,19,5.5,2.74,28.83,4.75,47500,1187500,18.69887006,0.0425,63506.5111522573,27941176.4705882,7.44624468824659,"Montipora - Recovery Period"
"88","M-1-25","Montipora","1","T3","Effluent","Heated","e-h",2,25,103,133,158,108,125.5,25.3,12.67,20.18,62.75,627500,15687500,27.41525424,0.0925,572217.928846025,169594594.594595,8.22941200608608,"Montipora - Recovery Period"
"89","M-3-2","Montipora","3","T3","Control","Ambient","c-a",2,25,170,131,129,141,142.75,18.9,9.45,13.25,71.38,713750,17843750,20.44858757,0.075,872615.281564897,237916666.666667,8.37642486653424,"Montipora - Recovery Period"
"90","M-3-7","Montipora","3","T3","Inorganic","Ambient","i-a",3,25,102,150,105,158,128.75,29.4,14.68,22.81,42.92,429167,10729167,21.97740113,0.0775,488190.88920183,138440864.516129,8.14126430265194,"Montipora - Recovery Period"
"91","M-3-12","Montipora","3","T3","Guano","Ambient","g-a",2,25,97,83,93,98,92.75,6.8,3.42,7.38,46.38,463750,11593750,18.1019774,0.0625,640468.703711894,185500000,8.26834391395106,"Montipora - Recovery Period"
"92","M-3-17","Montipora","3","T3","Effluent","Ambient","e-a",2,25,80,91,69,89,82.25,10,5.02,12.21,41.13,411250,10281250,19.00649718,0.08,540933.445159936,128515625,8.10895593263812,"Montipora - Recovery Period"
"93","M-3-22","Montipora","3","T3","Control","Heated","c-h",3,25,98,73,88,78,84.25,11.1,5.54,13.16,28.08,280833,7020833,31.34519774,0.08,223984.326346764,87760412.5,7.94329865588448,"Montipora - Recovery Period"
"94","M-3-23","Montipora","3","T3","Inorganic","Heated","i-h",2,25,106,119,85,106,104,14.1,7.04,13.53,52,520000,1.3e+07,22.34096045,0.095,581890.829138458,136842105.263158,8.13621974701799,"Montipora - Recovery Period"
"95","M-3-15","Montipora","3","T3","Guano","Heated","g-h",3,25,94,108,87,74,90.75,14.2,7.09,15.62,30.25,302500,7562500,18.82033898,0.06,401825.918653034,126041666.666667,8.10051413727688,"Montipora - Recovery Period"
"96","M-3-25","Montipora","3","T3","Effluent","Heated","e-h",2,25,88,123,132,85,107,24,11.99,22.42,53.5,535000,13375000,23.55903955,0.0775,567722.634516312,172580645.16129,8.23699208818696,"Montipora - Recovery Period"
"97","M-4-2","Montipora","4","T3","Control","Ambient","c-a",2,25,122,149,104,108,120.75,20.4,10.18,16.86,60.38,603750,15093750,29.51497175,0.0925,511393.001756812,163175675.675676,8.21265541969257,"Montipora - Recovery Period"
"98","M-4-7","Montipora","4","T3","Inorganic","Ambient","i-a",2,25,75,72,77,76,75,2.2,1.08,2.88,37.5,375000,9375000,20.65649718,0.05,453852.360267405,187500000,8.27300127206374,"Montipora - Recovery Period"
"99","M-4-12","Montipora","4","T3","Guano","Ambient","g-a",2,25,93,92,105,119,102.25,12.6,6.32,12.35,51.13,511250,12781250,23.9940678,0.09,532683.749439101,142013888.888889,8.15233082024811,"Montipora - Recovery Period"
"100","M-4-17","Montipora","4","T3","Effluent","Ambient","e-a",2,25,137,130,144,117,132,11.5,5.76,8.73,66,660000,16500000,24.34943503,0.08,677633.792310622,206250000,8.31439395722196,"Montipora - Recovery Period"
"101","M-4-5","Montipora","4","T3","Control","Heated","c-h",4,25,79,74,76,71,75,3.4,1.68,4.49,18.75,187500,4687500,23.88305085,0.065,196268.895018494,72115384.6153846,7.85802792409292,"Montipora - Recovery Period"
"102","M-4-23","Montipora","4","T3","Inorganic","Heated","i-h",2,25,117,86,105,125,108.25,17,8.48,15.67,54.13,541250,13531250,29.14632768,0.0975,464252.311596876,138782051.282051,8.14233330233492,"Montipora - Recovery Period"
"103","M-4-24","Montipora","4","T3","Guano","Heated","g-h",3,25,113,155,156,135,139.75,20.3,10.14,14.52,46.58,465833,11645833,24.15932203,0.07,482043.03852313,166369042.857143,8.22107251806597,"Montipora - Recovery Period"
"104","M-4-25","Montipora","4","T3","Effluent","Heated","e-h",3,25,95,110,109,102,104,7,3.49,6.71,34.67,346667,8666667,28.06723164,0.075,308782.394757048,115555560,8.06279084656309,"Montipora - Recovery Period"
"105","M-7-2","Montipora","7","T3","Control","Ambient","c-a",3,25,102,127,131,119,119.75,12.8,6.42,10.72,39.92,399167,9979167,31.84067797,0.1,313409.375560479,99791670,7.99909429054568,"Montipora - Recovery Period"
"106","M-7-6","Montipora","7","T3","Inorganic","Ambient","i-a",4,25,85,121,122,86,103.5,20.8,10.4,20.09,25.88,258750,6468750,36.70875706,0.08,176218.17021554,80859375,7.90773038014507,"Montipora - Recovery Period"
"107","M-7-12","Montipora","7","T3","Guano","Ambient","g-a",2,25,107,111,141,104,115.75,17.1,8.54,14.75,57.88,578750,14468750,36.08531073,0.1375,400959.551332648,105227272.727273,8.02212831453177,"Montipora - Recovery Period"
"108","M-7-16","Montipora","7","T3","Effluent","Ambient","e-a",4,25,50,64,65,76,63.75,10.7,5.33,16.72,15.94,159375,3984375,19.02514124,0.0625,209426.828938485,63750000,7.80448018910599,"Montipora - Recovery Period"
"109","M-7-22","Montipora","7","T3","Control","Heated","c-h",4,25,8,11,10,8,9.25,1.5,0.75,16.22,2.31,23125,578125,30.32514124,0.05,19064.2145876449,11562500,7.06305174574709,"Montipora - Recovery Period"
"110","M-7-7","Montipora","7","T3","Inorganic","Ambient","i-a",3,25,81,81,80,59,75.25,10.8,5.42,14.41,25.08,250833,6270833,24.41779661,0.08,256814.040191975,78385412.5,7.89423524814089,"Montipora - Recovery Period"
"111","M-7-25","Montipora","7","T3","Effluent","Heated","e-h",4,25,20,18,14,16,17,2.6,1.29,15.19,4.25,42500,1062500,23.19632768,0.075,45804.6641976046,14166666.6666667,7.15126767533065,"Montipora - Recovery Period"
"112","M-8-2","Montipora","8","T3","Control","Ambient","c-a",1,25,159,119,132,124,133.5,17.8,8.91,13.35,133.5,1335000,33375000,35.7200565,0.1325,934349.026015678,251886792.45283,8.4012053960998,"Montipora - Recovery Period"
"113","M-8-7","Montipora","8","T3","Inorganic","Ambient","i-a",1,25,127,116,119,118,120,4.8,2.42,4.03,120,1200000,3e+07,43.70423729,0.1625,686432.297192024,184615384.615385,8.26626788940477,"Montipora - Recovery Period"
"114","M-8-12","Montipora","8","T3","Guano","Ambient","g-a",1,25,142,157,152,129,145,12.4,6.18,8.52,145,1450000,36250000,30.25169492,0.14,1198279.96731629,258928571.428571,8.41317997522877,"Montipora - Recovery Period"
"115","M-8-17","Montipora","8","T3","Effluent","Ambient","e-a",1,25,133,99,143,102,119.25,22.1,11.03,18.5,119.25,1192500,29812500,43.08107345,0.14,692009.219189964,212946428.571429,8.32827036070595,"Montipora - Recovery Period"
"116","M-8-22","Montipora","8","T3","Control","Heated","c-h",2,25,95,149,102,136,120.5,26.1,13.05,21.67,60.25,602500,15062500,31.06779661,0.09,484826.786691134,167361111.111111,8.22365455047962,"Montipora - Recovery Period"
"117","M-8-23","Montipora","8","T3","Inorganic","Heated","i-h",1,25,78,87,84,73,80.5,6.2,3.12,7.76,80.5,805000,20125000,29.37344633,0.1,685142.620784192,201250000,8.30373588903991,"Montipora - Recovery Period"
"118","M-8-24","Montipora","8","T3","Guano","Heated","g-h",1,25,144,86,111,106,111.75,24.1,12.03,21.53,111.75,1117500,27937500,26.20169492,0.0975,1066247.81661262,286538461.538462,8.45718292477748,"Montipora - Recovery Period"
"119","M-8-25","Montipora","8","T3","Effluent","Heated","e-h",1,25,106,93,97,144,110,23.3,11.65,21.19,110,1100000,27500000,27.95988701,0.1075,983551.900269285,255813953.488372,8.40792422957864,"Montipora - Recovery Period"
"120","P-1-2","Porites","1","T3","Control","Ambient","c-a",4,25,94,80,85,80,84.75,6.6,3.3,7.79,21.19,211875,5296875,12.37146341,0.035,428152.662660625,151339285.714286,8.17995167986892,"Porites - Recovery Period"
"121","P-1-7","Porites","1","T3","Inorganic","Ambient","i-a",2,25,111,94,82,110,99.25,13.9,6.94,13.99,49.63,496250,12406250,15.92390244,0.06,779096.081927515,206770833.333333,8.31548927805957,"Porites - Recovery Period"
"122","P-1-12","Porites","1","T3","Guano","Ambient","g-a",1,25,84,92,69,77,80.5,9.8,4.91,12.19,80.5,805000,20125000,19.6502439,0.09,1024160.31589308,223611111.111111,8.34949337960058,"Porites - Recovery Period"
"123","P-1-17","Porites","1","T3","Effluent","Ambient","e-a",2,25,143,156,120,147,141.5,15.3,7.66,10.83,70.75,707500,17687500,13.32073171,0.08,1327817.44915122,221093750,8.34457646587642,"Porites - Recovery Period"
"124","P-1-22","Porites","1","T3","Control","Heated","c-h",2,25,115,86,107,93,100.25,13.1,6.57,13.12,50.13,501250,12531250,17.36658537,0.09,721572.475706547,139236111.111111,8.14375188486095,"Porites - Recovery Period"
"125","P-1-23","Porites","1","T3","Inorganic","Heated","i-h",4,25,52,49,32,52,46.25,9.6,4.8,20.77,11.56,115625,2890625,22.95926829,0.0875,125902.313762282,33035714.2857143,7.51898370139681,"Porites - Recovery Period"
"126","P-1-24","Porites","1","T3","Guano","Heated","g-h",2,25,103,97,127,109,109,13,6.48,11.89,54.5,545000,13625000,31.16926829,0.1675,437129.286232596,81343283.5820895,7.91032169957582,"Porites - Recovery Period"
"127","P-3-2","Porites","3","T3","Control","Ambient","c-a",2,25,96,66,76,72,77.5,13,6.5,16.77,38.75,387500,9687500,19.42829268,0.0625,498628.477528165,1.55e+08,8.19033169817029,"Porites - Recovery Period"
"128","P-3-7","Porites","3","T3","Inorganic","Ambient","i-a",2,25,132,128,127,112,124.75,8.8,4.39,7.03,62.38,623750,15593750,22.63292683,0.0775,688985.128486805,201209677.419355,8.30364886479717,"Porites - Recovery Period"
"129","P-3-12","Porites","3","T3","Guano","Ambient","g-a",1,25,84,93,107,107,97.75,11.3,5.65,11.56,97.75,977500,24437500,26.6202439,0.095,918004.361334946,257236842.105263,8.41033316945109,"Porites - Recovery Period"
"130","P-3-17","Porites","3","T3","Effluent","Ambient","e-a",2,25,97,116,79,124,104,20.1,10.07,19.37,52,520000,1.3e+07,13.57317073,0.0625,957771.788080942,2.08e+08,8.31806333496276,"Porites - Recovery Period"
"131","P-3-23","Porites","3","T3","Inorganic","Heated","i-h",4,25,31,40,31,27,32.25,5.5,2.75,17.05,8.06,80625,2015625,21.02585366,0.0725,95864.1219801965,27801724.137931,7.44407172974437,"Porites - Recovery Period"
"132","P-6-2","Porites","6","T3","Control","Ambient","c-a",1,25,75,61,57,60,63.25,8,4.01,12.67,63.25,632500,15812500,8.317804878,0.0525,1901042.43029587,301190476.190476,8.47884123511394,"Porites - Recovery Period"
"133","P-6-7","Porites","6","T3","Inorganic","Ambient","i-a",1,25,63,97,104,77,85.25,18.7,9.37,21.97,85.25,852500,21312500,16.53219512,0.075,1289151.24974644,284166666.666667,8.45357313294487,"Porites - Recovery Period"
"134","P-6-12","Porites","6","T3","Guano","Ambient","g-a",2,25,124,124,120,112,120,5.7,2.83,4.71,60,6e+05,1.5e+07,14.3297561,0.065,1046772.87563883,230769230.769231,8.36317790241283,"Porites - Recovery Period"
"135","P-6-17","Porites","6","T3","Effluent","Ambient","e-a",1,25,99,119,124,119,115.25,11.1,5.54,9.62,115.25,1152500,28812500,21.81756098,0.075,1320610.49474835,384166666.666667,8.58451967934202,"Porites - Recovery Period"
"136","P-6-23","Porites","6","T3","Inorganic","Heated","i-h",4,25,95,97,109,111,103,8.2,4.08,7.93,25.75,257500,6437500,21.88512195,0.0525,294149.606052344,122619047.619048,8.08855793864329,"Porites - Recovery Period"
"137","P-6-15","Porites","6","T3","Guano","Heated","g-h",4,25,19,25,26,22,23,3.2,1.58,13.75,5.75,57500,1437500,18.14487805,0.03,79223.458875768,47916666.6666667,7.68048659864201,"Porites - Recovery Period"
"138","P-6-25","Porites","6","T3","Effluent","Heated","e-h",2,25,73,64,72,87,74,9.6,4.78,12.91,37,370000,9250000,22.42682927,0.0475,412452.419761967,194736842.105263,8.28944812311417,"Porites - Recovery Period"
"139","P-8-2","Porites","8","T3","Control","Ambient","c-a",1,25,84,95,73,72,81,10.8,5.4,13.33,81,810000,20250000,13.02829268,0.0875,1554309.57051542,231428571.428571,8.36441697452837,"Porites - Recovery Period"
"140","P-8-7","Porites","8","T3","Inorganic","Ambient","i-a",1,25,93,84,90,99,91.5,6.2,3.12,6.83,91.5,915000,22875000,20.70219512,0.0925,1104955.28939832,247297297.297297,8.39321936999945,"Porites - Recovery Period"
"141","P-8-12","Porites","8","T3","Guano","Ambient","g-a",1,25,92,87,118,107,101,14.2,7.08,14.03,101,1010000,25250000,23.25536585,0.095,1085770.92112271,265789473.684211,8.42453777716583,"Porites - Recovery Period"
"142","P-8-17","Porites","8","T3","Effluent","Ambient","e-a",1,25,76,80,86,103,86.25,11.9,5.95,13.8,86.25,862500,21562500,13.50682927,0.085,1596414.64099146,253676470.588235,8.40428018670306,"Porites - Recovery Period"
"143","P-8-22","Porites","8","T3","Control","Heated","c-h",4,25,91,133,93,114,107.75,19.8,9.89,18.37,26.94,269375,6734375,32.41902439,0.075,207729.107421175,89791666.6666667,7.95323603278514,"Porites - Recovery Period"
"144","P-8-23","Porites","8","T3","Inorganic","Heated","i-h",4,25,32,23,33,35,30.75,5.3,2.66,17.28,7.69,76875,1921875,26.54268293,0.04,72406.9607080975,48046875,7.68166514612755,"Porites - Recovery Period"
"145","P-8-25","Porites","8","T3","Effluent","Heated","e-h",4,25,15,13,10,15,13.25,2.4,1.18,17.83,3.31,33125,828125,19.72195122,0.035,41990.013602721,23660714.2857143,7.37402785126663,"Porites - Recovery Period"
"146","P-9-2","Porites","9","T3","Control","Ambient","c-a",2,25,130,96,146,130,125.5,21.1,10.53,16.78,62.75,627500,15687500,7.19804878,0.065,2179410.0706275,241346153.846154,8.38264038218226,"Porites - Recovery Period"
"147","P-9-7","Porites","9","T3","Inorganic","Ambient","i-a",1,25,90,79,90,115,93.5,15.2,7.62,16.3,93.5,935000,23375000,10.87487805,0.0875,2149449.39083708,267142857.142857,8.42674356652224,"Porites - Recovery Period"
"148","P-9-12","Porites","9","T3","Guano","Ambient","g-a",2,25,115,89,92,94,97.5,11.8,5.92,12.15,48.75,487500,12187500,17.98804878,0.07,677533.186009072,174107142.857143,8.24081658869234,"Porites - Recovery Period"
"149","P-9-17","Porites","9","T3","Effluent","Ambient","e-a",2,25,113,89,72,88,90.5,16.9,8.45,18.68,45.25,452500,11312500,15.43878049,0.0525,732732.74448894,215476190.47619,8.3333992888073,"Porites - Recovery Period"
"150","P-9-22","Porites","9","T3","Control","Heated","c-h",4,25,69,55,71,40,58.75,14.4,7.19,24.48,14.69,146875,3671875,13.35512195,0.0725,274941.330655539,50646551.7241379,7.70454988171686,"Porites - Recovery Period"
"151","P-9-10","Porites","9","T3","Inorganic","Heated","i-h",4,25,32,35,39,35,35.25,2.9,1.44,8.15,8.81,88125,2203125,27.58902439,0.09,79855.1253156509,24479166.6666667,7.38879662923217,"Porites - Recovery Period"
"152","P-9-25","Porites","9","T3","Effluent","Heated","e-h",4,25,72,85,84,60,75.25,11.8,5.88,15.63,18.81,188125,4703125,20.72658537,0.0475,226912.678381041,99013157.8947368,7.99569291198509,"Porites - Recovery Period"
