Genotype,Species,Frag_ID,Temperature,PAM_value
1,Montipora,M-1-6,27,0.423
1,Montipora,M-1-9,27,0.43
1,Montipora,M-1-10,27,0.431
1,Montipora,M-1-3,30,0.439
1,Montipora,M-1-8,30,0.433
1,Montipora,M-1-12,30,0.426
1,Montipora,M-1-2,33,0.371
1,Montipora,M-1-4,33,0.4
1,Montipora,M-1-7,33,0.371
1,Montipora,M-1-1,36,0.216
1,Montipora,M-1-5,36,0.227
1,Montipora,M-1-11,36,0.224
2,Montipora,M-2-5,27,0.427
2,Montipora,M-2-7,27,0.425
2,Montipora,M-2-10,27,0.404
2,Montipora,M-2-9,30,0.398
2,Montipora,M-2-11,30,0.418
2,Montipora,M-2-12,30,0.404
2,Montipora,M-2-4,33,0.417
2,Montipora,M-2-6,33,0.385
2,Montipora,M-2-2,36,0.153
2,Montipora,M-2-3,36,0.164
2,Montipora,M-2-8,36,0.132
3,Montipora,M-3-2,27,0.465
3,Montipora,M-3-10,27,0.129
3,Montipora,M-3-12,27,0.085
3,Montipora,M-3-7,30,0.461
3,Montipora,M-3-8,30,0.473
3,Montipora,M-3-11,30,0.291
3,Montipora,M-3-3,33,0.418
3,Montipora,M-3-5,33,0.349
3,Montipora,M-3-9,33,0.37
3,Montipora,M-3-1,36,0.102
3,Montipora,M-3-4,36,0.123
3,Montipora,M-3-6,36,0.162
4,Montipora,M-4-4,27,0.459
4,Montipora,M-4-8,27,0.273
4,Montipora,M-4-9,27,NA
4,Montipora,M-4-2,30,0.379
4,Montipora,M-4-7,30,0.42
4,Montipora,M-4-12,30,0.466
4,Montipora,M-4-6,33,0.37
4,Montipora,M-4-10,33,0.363
4,Montipora,M-4-11,33,0.393
4,Montipora,M-4-1,36,0.263
4,Montipora,M-4-3,36,0.189
4,Montipora,M-4-5,36,0.223
5,Montipora,M-5-4,27,0.412
5,Montipora,M-5-5,27,0.399
5,Montipora,M-5-9,27,0.417
5,Montipora,M-5-2,30,0.429
5,Montipora,M-5-3,30,0.416
5,Montipora,M-5-10,30,0.414
5,Montipora,M-5-1,33,0.379
5,Montipora,M-5-6,33,0.374
5,Montipora,M-5-11,33,0.389
5,Montipora,M-5-7,36,0.195
5,Montipora,M-5-8,36,0.163
5,Montipora,M-5-12,36,0.181
6,Montipora,M-6-2,27,0.414
6,Montipora,M-6-5,27,0.427
6,Montipora,M-6-8,27,0.423
6,Montipora,M-6-4,30,0.402
6,Montipora,M-6-9,30,0.404
6,Montipora,M-6-12,30,0.421
6,Montipora,M-6-3,33,0.404
6,Montipora,M-6-6,33,0.388
6,Montipora,M-6-7,33,0.377
6,Montipora,M-6-1,36,0.195
6,Montipora,M-6-10,36,0.204
6,Montipora,M-6-11,36,0.182
7,Montipora,M-7-4,27,0.434
7,Montipora,M-7-8,27,0.439
7,Montipora,M-7-9,27,0.446
7,Montipora,M-7-1,30,0.413
7,Montipora,M-7-2,30,0.424
7,Montipora,M-7-5,30,0.423
7,Montipora,M-7-3,33,0.403
7,Montipora,M-7-6,33,0.406
7,Montipora,M-7-10,36,0.19
7,Montipora,M-7-11,36,0.162
7,Montipora,M-7-12,36,0.166
8,Montipora,M-8-2,27,0.471
8,Montipora,M-8-8,27,0.461
8,Montipora,M-8-11,27,0.174
8,Montipora,M-8-3,30,0.49
8,Montipora,M-8-4,30,0.48
8,Montipora,M-8-10,30,0.466
8,Montipora,M-8-1,33,0.447
8,Montipora,M-8-5,33,0.462
8,Montipora,M-8-12,33,0.429
8,Montipora,M-8-6,36,0.164
8,Montipora,M-8-7,36,0.151
8,Montipora,M-8-9,36,0.161
9,Montipora,M-9-1,27,0.439
9,Montipora,M-9-4,27,0.458
9,Montipora,M-9-6,27,0.447
9,Montipora,M-9-5,30,0.451
9,Montipora,M-9-9,30,0.43
9,Montipora,M-9-11,30,0.426
9,Montipora,M-9-2,33,0.423
9,Montipora,M-9-8,33,0.425
9,Montipora,M-9-7,36,0.163
9,Montipora,M-9-10,36,0.206
9,Montipora,M-9-12,36,0.187
10,Montipora,M-10-5,27,0.256
10,Montipora,M-10-6,27,0.189
10,Montipora,M-10-7,27,0.316
10,Montipora,M-10-1,30,0.462
10,Montipora,M-10-8,30,0.474
10,Montipora,M-10-11,30,0.501
10,Montipora,M-10-3,33,0.454
10,Montipora,M-10-9,33,0.463
10,Montipora,M-10-12,33,0.445
10,Montipora,M-10-2,36,0.103
10,Montipora,M-10-4,36,0.138
10,Montipora,M-10-10,36,0.088
11,Montipora,M-11-6,27,0.432
11,Montipora,M-11-7,27,0.435
11,Montipora,M-11-9,27,0.425
11,Montipora,M-11-2,30,0.442
11,Montipora,M-11-5,30,0.414
11,Montipora,M-11-8,30,0.424
11,Montipora,M-11-3,33,0.419
11,Montipora,M-11-4,33,0.397
11,Montipora,M-11-10,33,0.399
11,Montipora,M-11-1,36,0.173
11,Montipora,M-11-11,36,0.154
11,Montipora,M-11-12,36,0.158
12,Montipora,M-12-2,27,0.389
12,Montipora,M-12-5,27,0.481
12,Montipora,M-12-7,27,0.432
12,Montipora,M-12-10,30,0.481
12,Montipora,M-12-11,30,0.486
12,Montipora,M-12-12,30,0.466
12,Montipora,M-12-1,33,0.381
12,Montipora,M-12-4,33,0.439
12,Montipora,M-12-6,33,0.385
12,Montipora,M-12-3,36,0.133
12,Montipora,M-12-8,36,0.137
12,Montipora,M-12-9,36,0.169
13,Montipora,M-13-2,27,0.481
13,Montipora,M-13-3,27,0.492
13,Montipora,M-13-6,27,0.483
13,Montipora,M-13-4,30,0.484
13,Montipora,M-13-7,30,0.391
13,Montipora,M-13-12,30,0.453
13,Montipora,M-13-9,33,0.456
13,Montipora,M-13-10,33,0.467
13,Montipora,M-13-11,33,0.454
13,Montipora,M-13-1,36,0.199
13,Montipora,M-13-5,36,0.201
13,Montipora,M-13-8,36,0.188
14,Montipora,M-14-5,27,0.446
14,Montipora,M-14-7,27,0.458
14,Montipora,M-14-10,27,0.434
14,Montipora,M-14-3,30,0.388
14,Montipora,M-14-9,30,0.434
14,Montipora,M-14-12,30,0.436
14,Montipora,M-14-1,33,0.418
14,Montipora,M-14-6,33,0.437
14,Montipora,M-14-4,36,0.18
14,Montipora,M-14-8,36,0.162
14,Montipora,M-14-11,36,0.21
15,Montipora,M-15-9,27,0.429
15,Montipora,M-15-10,27,0.414
15,Montipora,M-15-11,27,0.436
15,Montipora,M-15-1,30,0.462
15,Montipora,M-15-2,30,0.439
15,Montipora,M-15-5,30,0.45
15,Montipora,M-15-3,33,0.418
15,Montipora,M-15-7,33,0.424
15,Montipora,M-15-12,33,0.438
15,Montipora,M-15-4,36,0.086
15,Montipora,M-15-6,36,0.083
15,Montipora,M-15-8,36,0.133
16,Montipora,M-16-3,27,0.434
16,Montipora,M-16-9,27,0.34
16,Montipora,M-16-10,27,0.469
16,Montipora,M-16-4,30,0.439
16,Montipora,M-16-5,30,0.325
16,Montipora,M-16-6,30,0.099
16,Montipora,M-16-1,33,0.462
16,Montipora,M-16-7,33,0.433
16,Montipora,M-16-12,33,0.39
16,Montipora,M-16-2,36,0.203
16,Montipora,M-16-8,36,0.164
16,Montipora,M-16-11,36,0.213
17,Montipora,M-17-1,27,0.449
17,Montipora,M-17-6,27,0.431
17,Montipora,M-17-9,27,0.458
17,Montipora,M-17-4,30,0.414
17,Montipora,M-17-7,30,0.426
17,Montipora,M-17-10,30,0.442
17,Montipora,M-17-2,33,0.422
17,Montipora,M-17-3,33,0.441
17,Montipora,M-17-11,33,0.435
17,Montipora,M-17-5,36,0.186
17,Montipora,M-17-8,36,0.185
17,Montipora,M-17-12,36,0.191
18,Montipora,M-18-2,27,0.476
18,Montipora,M-18-4,27,0.483
18,Montipora,M-18-10,27,0.475
18,Montipora,M-18-9,30,0.468
18,Montipora,M-18-11,30,0.475
18,Montipora,M-18-12,30,0.48
18,Montipora,M-18-1,33,0.435
18,Montipora,M-18-5,33,0.442
18,Montipora,M-18-6,36,0.139
18,Montipora,M-18-7,36,0.157
18,Montipora,M-18-8,36,0.187
19,Montipora,M-19-5,27,0.437
19,Montipora,M-19-10,27,0.444
19,Montipora,M-19-12,27,0.437
19,Montipora,M-19-2,30,0.441
19,Montipora,M-19-7,30,0.442
19,Montipora,M-19-9,30,0.438
19,Montipora,M-19-3,33,0.407
19,Montipora,M-19-4,33,0.398
19,Montipora,M-19-11,33,0.432
19,Montipora,M-19-1,36,0.143
19,Montipora,M-19-6,36,0.179
19,Montipora,M-19-8,36,0.164
20,Montipora,M-20-3,27,0.467
20,Montipora,M-20-10,27,0.486
20,Montipora,M-20-12,27,0.485
20,Montipora,M-20-1,30,0.46
20,Montipora,M-20-2,30,0.452
20,Montipora,M-20-7,30,0.023
20,Montipora,M-20-5,33,0.441
20,Montipora,M-20-9,33,0.456
20,Montipora,M-20-6,36,0.096
20,Montipora,M-20-8,36,0.167
20,Montipora,M-20-11,36,0.058
1,Porites,P-1-6,27,0.503
1,Porites,P-1-8,27,0.51
1,Porites,P-1-12,27,0.511
1,Porites,P-1-4,30,0.516
1,Porites,P-1-7,30,0.5
1,Porites,P-1-2,33,0.471
1,Porites,P-1-10,33,0.484
1,Porites,P-1-11,33,0.492
1,Porites,P-1-1,36,0.172
1,Porites,P-1-5,36,0.135
1,Porites,P-1-9,36,0.155
2,Porites,P-2-3,27,0.454
2,Porites,P-2-8,27,0.494
2,Porites,P-2-12,27,0.477
2,Porites,P-2-1,30,0.509
2,Porites,P-2-9,30,0.501
2,Porites,P-2-10,30,0.515
2,Porites,P-2-4,33,0.434
2,Porites,P-2-7,33,0.416
2,Porites,P-2-11,33,0.478
2,Porites,P-2-2,36,0.215
2,Porites,P-2-5,36,0.203
2,Porites,P-2-6,36,0.189
3,Porites,P-3-2,27,0.524
3,Porites,P-3-7,27,0.512
3,Porites,P-3-9,27,0.511
3,Porites,P-3-10,30,0.518
3,Porites,P-3-11,30,0.52
3,Porites,P-3-12,30,0.514
3,Porites,P-3-1,33,0.442
3,Porites,P-3-5,33,0.507
3,Porites,P-3-8,33,0.459
3,Porites,P-3-3,36,0.143
3,Porites,P-3-4,36,0.146
3,Porites,P-3-6,36,0.257
4,Porites,P-4-1,27,0.493
4,Porites,P-4-2,27,0.426
4,Porites,P-4-7,27,0.421
4,Porites,P-4-3,30,0.507
4,Porites,P-4-5,30,0.489
4,Porites,P-4-11,30,0.497
4,Porites,P-4-6,33,0.475
4,Porites,P-4-8,33,0.443
4,Porites,P-4-9,33,0.423
4,Porites,P-4-4,36,0.11
4,Porites,P-4-10,36,0.123
4,Porites,P-4-12,36,0.167
5,Porites,P-5-3,27,0.509
5,Porites,P-5-7,27,0.503
5,Porites,P-5-9,27,0.498
5,Porites,P-5-1,30,0.48
5,Porites,P-5-6,30,0.503
5,Porites,P-5-12,30,0.489
5,Porites,P-5-2,33,0.452
5,Porites,P-5-4,33,0.457
5,Porites,P-5-5,33,0.473
5,Porites,P-5-8,36,0.14
5,Porites,P-5-10,36,0.229
5,Porites,P-5-11,36,0.182
6,Porites,P-6-4,27,0.512
6,Porites,P-6-6,27,0.483
6,Porites,P-6-12,27,0.479
6,Porites,P-6-7,30,0.502
6,Porites,P-6-8,30,0.505
6,Porites,P-6-9,30,0.477
6,Porites,P-6-2,33,0.448
6,Porites,P-6-10,33,0.458
6,Porites,P-6-11,33,0.456
6,Porites,P-6-1,36,0.192
6,Porites,P-6-3,36,0.141
6,Porites,P-6-5,36,0.222
7,Porites,P-7-2,27,0.488
7,Porites,P-7-9,27,0.485
7,Porites,P-7-10,27,0.478
7,Porites,P-7-1,30,0.505
7,Porites,P-7-6,30,0.493
7,Porites,P-7-11,30,0.463
7,Porites,P-7-5,33,0.425
7,Porites,P-7-8,33,0.423
7,Porites,P-7-12,33,0.447
7,Porites,P-7-3,36,0.227
7,Porites,P-7-4,36,0.233
7,Porites,P-7-7,36,0.245
8,Porites,P-8-1,27,0.471
8,Porites,P-8-7,27,0.414
8,Porites,P-8-12,27,0.496
8,Porites,P-8-5,30,0.461
8,Porites,P-8-3,33,0.386
8,Porites,P-8-6,33,0.397
8,Porites,P-8-10,33,0.47
8,Porites,P-8-2,36,0.083
8,Porites,P-8-4,36,0.072
8,Porites,P-8-11,36,0.119
9,Porites,P-9-1,27,0.493
9,Porites,P-9-4,27,0.466
9,Porites,P-9-7,27,0.493
9,Porites,P-9-3,30,0.5
9,Porites,P-9-6,30,0.505
9,Porites,P-9-9,30,0.512
9,Porites,P-9-5,33,0.441
9,Porites,P-9-8,33,0.434
9,Porites,P-9-12,33,0.414
9,Porites,P-9-2,36,0.164
9,Porites,P-9-10,36,0.215
9,Porites,P-9-11,36,0.19
10,Porites,P-10-3,27,0.505
10,Porites,P-10-9,27,0.501
10,Porites,P-10-10,27,0.501
10,Porites,P-10-4,30,0.535
10,Porites,P-10-6,30,0.484
10,Porites,P-10-8,30,0.487
10,Porites,P-10-1,33,0.464
10,Porites,P-10-5,33,0.485
10,Porites,P-10-7,33,0.473
10,Porites,P-10-2,36,0.261
10,Porites,P-10-11,36,0.261
10,Porites,P-10-12,36,0.269
11,Porites,P-11-2,27,0.492
11,Porites,P-11-4,27,0.508
11,Porites,P-11-12,27,0.49
11,Porites,P-11-1,30,0.486
11,Porites,P-11-7,30,0.483
11,Porites,P-11-10,30,0.501
11,Porites,P-11-6,33,0.441
11,Porites,P-11-8,33,0.454
11,Porites,P-11-11,33,0.427
11,Porites,P-11-3,36,0.221
11,Porites,P-11-5,36,0.211
11,Porites,P-11-9,36,0.208
12,Porites,P-12-4,27,0.483
12,Porites,P-12-5,27,0.5
12,Porites,P-12-11,27,0.466
12,Porites,P-12-8,30,0.481
12,Porites,P-12-9,30,0.482
12,Porites,P-12-10,30,0.489
12,Porites,P-12-2,33,0.46
12,Porites,P-12-3,33,0.47
12,Porites,P-12-6,33,0.452
12,Porites,P-12-1,36,0.216
12,Porites,P-12-7,36,0.258
12,Porites,P-12-12,36,0.209
13,Porites,P-13-2,27,0.499
13,Porites,P-13-5,27,0.459
13,Porites,P-13-11,27,0.506
13,Porites,P-13-3,30,0.51
13,Porites,P-13-7,30,0.509
13,Porites,P-13-4,33,0.488
13,Porites,P-13-8,33,0.494
13,Porites,P-13-9,33,0.477
13,Porites,P-13-1,36,0.131
13,Porites,P-13-6,36,0.217
13,Porites,P-13-10,36,0.138
14,Porites,P-14-2,27,0.524
14,Porites,P-14-10,27,0.476
14,Porites,P-14-12,27,0.499
14,Porites,P-14-7,30,0.543
14,Porites,P-14-9,30,0.453
14,Porites,P-14-1,33,0.504
14,Porites,P-14-4,33,0.493
14,Porites,P-14-6,33,0.495
14,Porites,P-14-3,36,0.185
14,Porites,P-14-5,36,0.108
14,Porites,P-14-8,36,0.13
15,Porites,P-15-1,27,0.523
15,Porites,P-15-2,27,0.521
15,Porites,P-15-10,27,0.523
15,Porites,P-15-6,30,0.532
15,Porites,P-15-11,30,0.529
15,Porites,P-15-3,33,0.499
15,Porites,P-15-4,33,0.503
15,Porites,P-15-9,33,0.495
15,Porites,P-15-5,36,0.17
15,Porites,P-15-7,36,0.13
15,Porites,P-15-8,36,0.158
16,Porites,P-16-3,27,0.504
16,Porites,P-16-4,27,0.521
16,Porites,P-16-6,27,0.519
16,Porites,P-16-8,30,0.533
16,Porites,P-16-9,30,0.526
16,Porites,P-16-11,30,0.508
16,Porites,P-16-1,33,0.495
16,Porites,P-16-7,33,0.464
16,Porites,P-16-12,33,0.479
16,Porites,P-16-2,36,0.118
16,Porites,P-16-5,36,0.18
16,Porites,P-16-10,36,0.168
17,Porites,P-17-1,27,0.504
17,Porites,P-17-4,27,0.454
17,Porites,P-17-10,27,0.487
17,Porites,P-17-5,30,0.512
17,Porites,P-17-11,30,0.496
17,Porites,P-17-12,30,0.502
17,Porites,P-17-3,33,0.489
17,Porites,P-17-6,33,0.472
17,Porites,P-17-9,33,0.471
17,Porites,P-17-2,36,0.229
17,Porites,P-17-7,36,0.143
17,Porites,P-17-8,36,0.174
18,Porites,P-18-6,27,0.494
18,Porites,P-18-9,27,0.495
18,Porites,P-18-11,27,0.497
18,Porites,P-18-4,30,0.481
18,Porites,P-18-5,30,0.49
18,Porites,P-18-8,30,0.482
18,Porites,P-18-1,33,0.467
18,Porites,P-18-7,33,0.474
18,Porites,P-18-10,33,0.463
18,Porites,P-18-2,36,0.177
18,Porites,P-18-3,36,0.225
18,Porites,P-18-12,36,0.212
19,Porites,P-19-7,27,0.496
19,Porites,P-19-9,27,0.499
19,Porites,P-19-10,27,0.489
19,Porites,P-19-1,30,0.51
19,Porites,P-19-5,30,0.512
19,Porites,P-19-12,30,0.527
19,Porites,P-19-6,33,0.485
19,Porites,P-19-8,33,0.494
19,Porites,P-19-11,33,0.489
19,Porites,P-19-2,36,0.133
19,Porites,P-19-3,36,0.147
19,Porites,P-19-4,36,0.141
20,Porites,P-20-4,27,0.508
20,Porites,P-20-5,27,0.514
20,Porites,P-20-10,27,0.494
20,Porites,P-20-6,30,0.472
20,Porites,P-20-8,30,0.496
20,Porites,P-20-9,30,0.514
20,Porites,P-20-1,33,0.486
20,Porites,P-20-11,33,0.386
20,Porites,P-20-12,33,0.453
20,Porites,P-20-2,36,0.191
20,Porites,P-20-3,36,0.22
20,Porites,P-20-7,36,0.22
