Frag_ID,Species,Genotype,Timepoint,Treatment,Temperature,Slurry Aliquot (ml),Vol,pan,pan_drymass,drymass,pan_burned_mass,AFDW_g.ml,AFDW_gdw
M-1-21,Montipora,1,T0,Control,Ambient,1,25,0.4194,0.4272,0.0078,0.4233,0.0039,0.0975
M-2-21,Montipora,2,T0,Control,Ambient,1,25,0.4195,0.4242,0.0047,0.422,0.0025,0.055
M-3-21,Montipora,3,T0,Control,Ambient,1,25,0.4206,0.4268,0.0062,0.4238,0.0032,0.075
M-4-21,Montipora,4,T0,Control,Ambient,1,25,0.4181,0.4224,0.0043,0.4216,0.0035,0.02
M-5-21,Montipora,5,T0,Control,Ambient,1,25,0.4154,0.4221,0.0067,0.4186,0.0032,0.0875
M-6-21,Montipora,6,T0,Control,Ambient,1,25,0.417,0.4249,0.0079,0.4208,0.0038,0.1025
M-7-21,Montipora,7,T0,Control,Ambient,1,25,0.421,0.4307,0.0097,0.4264,0.0054,0.1075
M-8-21,Montipora,8,T0,Control,Ambient,1,25,0.4176,0.4223,0.0047,0.4197,0.0021,0.065
M-9-21,Montipora,9,T0,Control,Ambient,1,25,0.4167,0.4253,0.0086,0.4212,0.0045,0.1025
M-1-3,Montipora,1,T1,Control,Ambient,1,25,0.4184,0.4229,0.0045,0.4207,0.0023,0.055
M-2-3,Montipora,2,T1,Control,Ambient,1,25,0.42,0.4305,0.0105,0.4251,0.0051,0.135
M-3-3,Montipora,3,T1,Control,Ambient,1,25,0.4257,0.4304,0.0047,0.428,0.0023,0.06
M-4-3,Montipora,4,T1,Control,Ambient,1,25,0.4264,0.432,0.0056,0.4291,0.0027,0.0725
M-5-3,Montipora,5,T1,Control,Ambient,1,25,0.418,0.4218,0.0038,0.4196,0.0016,0.055
M-6-3,Montipora,6,T1,Control,Ambient,1,25,0.4152,0.4245,0.0093,0.4193,0.0041,0.13
M-7-3,Montipora,7,T1,Control,Ambient,1,25,0.42,0.4277,0.0077,0.4239,0.0039,0.095
M-8-3,Montipora,8,T1,Control,Ambient,1,25,0.415,0.423,0.008,0.4185,0.0035,0.1125
M-9-3,Montipora,9,T1,Control,Ambient,1,25,0.4197,0.426,0.0063,0.4227,0.003,0.0825
M-1-18,Montipora,1,T1,Effluent,Ambient,1,25,0.4215,0.4263,0.0048,0.4241,0.0026,0.055
M-2-18,Montipora,2,T1,Effluent,Ambient,1,25,0.4229,0.4298,0.0069,0.4263,0.0034,0.0875
M-3-18,Montipora,3,T1,Effluent,Ambient,1,25,0.4237,0.4296,0.0059,0.4267,0.003,0.0725
M-4-18,Montipora,4,T1,Effluent,Ambient,1,25,0.4179,0.4258,0.0079,0.4221,0.0042,0.0925
M-5-18,Montipora,5,T1,Effluent,Ambient,1,25,0.427,0.4319,0.0049,0.4293,0.0023,0.065
M-6-18,Montipora,6,T1,Effluent,Ambient,1,25,0.4251,0.4382,0.0131,0.4331,0.008,0.1275
M-7-18,Montipora,7,T1,Effluent,Ambient,1,25,0.423,0.433,0.01,0.428,0.005,0.125
M-8-18,Montipora,8,T1,Effluent,Ambient,1,25,0.4235,0.432,0.0085,0.4279,0.0044,0.1025
M-9-18,Montipora,9,T1,Effluent,Ambient,1,25,0.4163,0.4219,0.0056,0.4187,0.0024,0.08
M-1-13,Montipora,1,T1,Guano,Ambient,1,25,0.4171,0.4228,0.0057,0.4201,0.003,0.0675
M-2-13,Montipora,2,T1,Guano,Ambient,1,25,0.4232,0.4275,0.0043,0.4252,0.002,0.0575
M-3-13,Montipora,3,T1,Guano,Ambient,1,25,0.4221,0.4289,0.0068,0.4255,0.0034,0.085
M-4-13,Montipora,4,T1,Guano,Ambient,1,25,0.4169,0.4247,0.0078,0.4209,0.004,0.095
M-5-13,Montipora,5,T1,Guano,Ambient,1,25,0.4215,0.4249,0.0034,0.4229,0.0014,0.05
M-6-13,Montipora,6,T1,Guano,Ambient,1,25,0.4249,0.4358,0.0109,0.4301,0.0052,0.1425
M-7-13,Montipora,7,T1,Guano,Ambient,1,25,0.4222,0.4301,0.0079,0.4264,0.0042,0.0925
M-8-13,Montipora,8,T1,Guano,Ambient,1,25,0.4206,0.4304,0.0098,0.4253,0.0047,0.1275
M-9-13,Montipora,9,T1,Guano,Ambient,1,25,0.4182,0.426,0.0078,0.4215,0.0033,0.1125
M-1-8,Montipora,1,T1,Inorganic,Ambient,1,25,0.4213,0.4244,0.0031,0.4231,0.0018,0.0325
M-2-8,Montipora,2,T1,Inorganic,Ambient,1,25,0.4195,0.4272,0.0077,0.4236,0.0041,0.09
M-3-8,Montipora,3,T1,Inorganic,Ambient,1,25,0.4241,0.4287,0.0046,0.4264,0.0023,0.0575
M-4-8,Montipora,4,T1,Inorganic,Ambient,1,25,0.4205,0.4283,0.0078,0.4247,0.0042,0.09
M-5-8,Montipora,5,T1,Inorganic,Ambient,1,25,0.4215,0.4291,0.0076,0.4265,0.005,0.065
M-6-8,Montipora,6,T1,Inorganic,Ambient,1,25,0.4228,0.4307,0.0079,0.4267,0.0039,0.1
M-7-8,Montipora,7,T1,Inorganic,Ambient,1,25,0.4237,0.4303,0.0066,0.4275,0.0038,0.07
M-8-8,Montipora,8,T1,Inorganic,Ambient,1,25,0.413,0.4239,0.0109,0.4187,0.0057,0.13
M-9-8,Montipora,9,T1,Inorganic,Ambient,1,25,0.429,0.437,0.008,0.4332,0.0042,0.095
M-1-26,Montipora,1,T2,Control,Ambient,1,25,0.4178,0.4306,0.0128,0.4247,0.0069,0.1475
M-2-26,Montipora,2,T2,Control,Ambient,1,25,0.4246,0.4354,0.0108,0.43,0.0054,0.135
M-3-26,Montipora,3,T2,Control,Ambient,1,25,0.4212,0.4329,0.0117,0.4268,0.0056,0.1525
M-4-26,Montipora,4,T2,Control,Ambient,1,25,0.419,0.4232,0.0042,0.421,0.002,0.055
M-5-26,Montipora,5,T2,Control,Ambient,1,25,0.4231,0.4323,0.0092,0.4271,0.004,0.13
M-6-26,Montipora,6,T2,Control,Ambient,1,25,0.4208,0.4324,0.0116,0.4256,0.0048,0.17
M-7-26,Montipora,7,T2,Control,Ambient,1,25,0.4177,0.4303,0.0126,0.424,0.0063,0.1575
M-8-26,Montipora,8,T2,Control,Ambient,1,25,0.419,0.4279,0.0089,0.4233,0.0043,0.115
M-9-26,Montipora,9,T2,Control,Ambient,1,25,0.4234,0.4301,0.0067,0.4266,0.0032,0.0875
M-1-30,Montipora,1,T2,Effluent,Ambient,1,25,0.4198,0.4313,0.0115,0.4252,0.0054,0.1525
M-2-29,Montipora,2,T2,Effluent,Ambient,1,25,0.4239,0.4309,0.007,0.4271,0.0032,0.095
M-3-29,Montipora,3,T2,Effluent,Ambient,1,25,0.4215,0.4284,0.0069,0.4246,0.0031,0.095
M-4-29,Montipora,4,T2,Effluent,Ambient,1,25,0.4267,0.4314,0.0047,0.4289,0.0022,0.0625
M-5-29,Montipora,5,T2,Effluent,Ambient,1,25,0.4236,0.4315,0.0079,0.427,0.0034,0.1125
M-6-29,Montipora,6,T2,Effluent,Ambient,1,25,0.4217,0.4301,0.0084,0.4256,0.0039,0.1125
M-7-29,Montipora,7,T2,Effluent,Ambient,1,25,0.4222,0.4321,0.0099,0.428,0.0058,0.1025
M-8-29,Montipora,8,T2,Effluent,Ambient,1,25,0.4157,0.421,0.0053,0.4182,0.0025,0.07
M-9-29,Montipora,9,T2,Effluent,Ambient,1,25,0.4214,0.4285,0.0071,0.4249,0.0035,0.09
M-1-28,Montipora,1,T2,Guano,Ambient,1,25,0.4207,0.4284,0.0077,0.425,0.0043,0.085
M-2-28,Montipora,2,T2,Guano,Ambient,1,25,0.4253,0.4321,0.0068,0.4285,0.0032,0.09
M-3-28,Montipora,3,T2,Guano,Ambient,1,25,0.421,0.4292,0.0082,0.4253,0.0043,0.0975
M-4-28,Montipora,4,T2,Guano,Ambient,1,25,0.4187,0.425,0.0063,0.4218,0.0031,0.08
M-5-28,Montipora,5,T2,Guano,Ambient,1,25,0.421,0.4276,0.0066,0.4241,0.0031,0.0875
M-6-28,Montipora,6,T2,Guano,Ambient,1,25,0.4199,0.429,0.0091,0.4241,0.0042,0.1225
M-7-28,Montipora,7,T2,Guano,Ambient,1,25,0.4267,0.4319,0.0052,0.4296,0.0029,0.0575
M-8-28,Montipora,8,T2,Guano,Ambient,1,25,0.4194,0.4252,0.0058,0.4218,0.0024,0.085
M-9-28,Montipora,9,T2,Guano,Ambient,1,25,0.4264,0.4319,0.0055,0.4289,0.0025,0.075
M-1-27,Montipora,1,T2,Inorganic,Ambient,1,25,0.4213,0.4301,0.0088,0.4259,0.0046,0.105
M-2-27,Montipora,2,T2,Inorganic,Ambient,1,25,0.4224,0.4309,0.0085,0.4263,0.0039,0.115
M-3-27,Montipora,3,T2,Inorganic,Ambient,1,25,0.4269,0.4416,0.0147,0.4341,0.0072,0.1875
M-4-27,Montipora,4,T2,Inorganic,Ambient,1,25,0.4215,0.4271,0.0056,0.4241,0.0026,0.075
M-5-27,Montipora,5,T2,Inorganic,Ambient,1,25,0.4241,0.4282,0.0041,0.431,0.0069,-0.07
M-6-27,Montipora,6,T2,Inorganic,Ambient,1,25,0.4261,0.4371,0.011,0.4258,-0.0003,0.2825
M-7-27,Montipora,7,T2,Inorganic,Ambient,1,25,0.4264,0.434,0.0076,0.4302,0.0038,0.095
M-8-27,Montipora,8,T2,Inorganic,Ambient,1,25,0.425,0.4315,0.0065,0.4276,0.0026,0.0975
M-9-27,Montipora,9,T2,Inorganic,Ambient,1,25,0.4234,0.4359,0.0125,0.4291,0.0057,0.17
M-1-4,Montipora,1,T2,Control,Heated,1,25,0.4257,0.4336,0.0079,0.4299,0.0042,0.0925
M-2-4,Montipora,2,T2,Control,Heated,1,25,0.417,0.4239,0.0069,0.4205,0.0035,0.085
M-3-4,Montipora,3,T2,Control,Heated,1,25,0.4083,0.4147,0.0064,0.4116,0.0033,0.0775
M-4-4,Montipora,4,T2,Control,Heated,1,25,0.4247,0.4314,0.0067,0.4284,0.0037,0.075
M-5-4,Montipora,5,T2,Control,Heated,1,25,0.4226,0.4275,0.0049,0.4252,0.0026,0.0575
M-6-4,Montipora,6,T2,Control,Heated,1,25,0.4215,0.4304,0.0089,0.4262,0.0047,0.105
M-7-30,Montipora,7,T2,Control,Heated,1,25,0.4175,0.4282,0.0107,0.4235,0.006,0.1175
M-8-4,Montipora,8,T2,Control,Heated,1,25,0.4148,0.4228,0.008,0.4185,0.0037,0.1075
M-9-4,Montipora,9,T2,Control,Heated,1,25,0.4163,0.4241,0.0078,0.4203,0.004,0.095
M-1-19,Montipora,1,T2,Effluent,Heated,1,25,0.4212,0.4265,0.0053,0.424,0.0028,0.0625
M-2-19,Montipora,2,T2,Effluent,Heated,1,25,0.41,0.4166,0.0066,0.4132,0.0032,0.085
M-3-19,Montipora,3,T2,Effluent,Heated,1,25,0.4222,0.4272,0.005,0.4247,0.0025,0.0625
M-4-19,Montipora,4,T2,Effluent,Heated,1,25,0.4113,0.4187,0.0074,0.4152,0.0039,0.0875
M-5-19,Montipora,5,T2,Effluent,Heated,1,25,0.4165,0.4233,0.0068,0.4199,0.0034,0.085
M-6-19,Montipora,6,T2,Effluent,Heated,1,25,0.4163,0.4245,0.0082,0.4201,0.0038,0.11
M-7-19,Montipora,7,T2,Effluent,Heated,1,25,0.4159,0.4226,0.0067,0.4199,0.004,0.0675
M-8-19,Montipora,8,T2,Effluent,Heated,1,25,0.4186,0.4277,0.0091,0.4229,0.0043,0.12
M-9-30,Montipora,9,T2,Effluent,Heated,1,25,0.4167,0.4263,0.0096,0.4213,0.0046,0.125
M-1-14,Montipora,1,T2,Guano,Heated,1,25,0.4163,0.4212,0.0049,0.4189,0.0026,0.0575
M-2-14,Montipora,2,T2,Guano,Heated,1,25,0.4138,0.4211,0.0073,0.4175,0.0037,0.09
M-3-14,Montipora,3,T2,Guano,Heated,1,25,0.4172,0.4217,0.0045,0.4201,0.0029,0.04
M-4-14,Montipora,4,T2,Guano,Heated,1,25,0.4234,0.4283,0.0049,0.4261,0.0027,0.055
M-5-14,Montipora,5,T2,Guano,Heated,1,25,0.4188,0.4224,0.0036,0.4207,0.0019,0.0425
M-6-14,Montipora,6,T2,Guano,Heated,1,25,0.4261,0.435,0.0089,0.4307,0.0046,0.1075
M-7-14,Montipora,7,T2,Guano,Heated,1,25,0.4263,0.4305,0.0042,0.4293,0.003,0.03
M-8-30,Montipora,8,T2,Guano,Heated,1,25,0.4246,0.4387,0.0141,0.4313,0.0067,0.185
M-9-14,Montipora,9,T2,Guano,Heated,1,25,0.4218,0.425,0.0032,0.4233,0.0015,0.0425
M-1-9,Montipora,1,T2,Inorganic,Heated,1,25,0.4187,0.4239,0.0052,0.4214,0.0027,0.0625
M-2-9,Montipora,2,T2,Inorganic,Heated,1,25,0.4123,0.4199,0.0076,0.4159,0.0036,0.1
M-3-9,Montipora,3,T2,Inorganic,Heated,1,25,0.4187,0.4238,0.0051,0.4212,0.0025,0.065
M-4-9,Montipora,4,T2,Inorganic,Heated,1,25,0.4208,0.4263,0.0055,0.4235,0.0027,0.07
M-5-9,Montipora,5,T2,Inorganic,Heated,1,25,0.4187,0.4255,0.0068,0.4222,0.0035,0.0825
M-6-9,Montipora,6,T2,Inorganic,Heated,1,25,0.4153,0.4218,0.0065,0.4199,0.0046,0.0475
M-7-9,Montipora,7,T2,Inorganic,Heated,1,25,0.4133,0.4186,0.0053,0.4165,0.0032,0.0525
M-8-9,Montipora,8,T2,Inorganic,Heated,1,25,0.4221,0.4319,0.0098,0.4265,0.0044,0.135
M-9-9,Montipora,9,T2,Inorganic,Heated,1,25,0.4216,0.4241,0.0025,0.4227,0.0011,0.035
M-1-2,Montipora,1,T3,Control,Ambient,1,25,0.4208,0.4288,0.008,0.4255,0.0047,0.0825
M-2-2,Montipora,2,T3,Control,Ambient,1,25,0.4265,0.4325,0.006,0.4296,0.0031,0.0725
M-3-2,Montipora,3,T3,Control,Ambient,1,25,0.4231,0.4299,0.0068,0.4269,0.0038,0.075
M-4-2,Montipora,4,T3,Control,Ambient,1,25,0.4255,0.4339,0.0084,0.4302,0.0047,0.0925
M-5-2,Montipora,5,T3,Control,Ambient,1,25,0.428,0.4358,0.0078,0.4321,0.0041,0.0925
M-6-2,Montipora,6,T3,Control,Ambient,1,25,0.4267,0.4412,0.0145,0.4345,0.0078,0.1675
M-7-2,Montipora,7,T3,Control,Ambient,1,25,0.4274,0.4364,0.009,0.4324,0.005,0.1
M-8-2,Montipora,8,T3,Control,Ambient,1,25,0.4236,0.4343,0.0107,0.429,0.0054,0.1325
M-9-2,Montipora,9,T3,Control,Ambient,1,25,0.4262,0.4346,0.0084,0.4308,0.0046,0.095
M-1-17,Montipora,1,T3,Effluent,Ambient,1,25,0.4267,0.4347,0.008,0.431,0.0043,0.0925
M-2-17,Montipora,2,T3,Effluent,Ambient,1,25,0.4244,0.4346,0.0102,0.4295,0.0051,0.1275
M-3-17,Montipora,3,T3,Effluent,Ambient,1,25,0.4197,0.4261,0.0064,0.4229,0.0032,0.08
M-4-17,Montipora,4,T3,Effluent,Ambient,1,25,0.418,0.425,0.007,0.4218,0.0038,0.08
M-5-17,Montipora,5,T3,Effluent,Ambient,1,25,0.4256,0.4354,0.0098,0.431,0.0054,0.11
M-6-17,Montipora,6,T3,Effluent,Ambient,1,25,0.4229,0.4344,0.0115,0.4287,0.0058,0.1425
M-7-16,Montipora,7,T3,Effluent,Ambient,1,25,0.4295,0.4352,0.0057,0.4327,0.0032,0.0625
M-8-17,Montipora,8,T3,Effluent,Ambient,1,25,0.4191,0.43,0.0109,0.4244,0.0053,0.14
M-9-17,Montipora,9,T3,Effluent,Ambient,1,25,0.4235,0.434,0.0105,0.429,0.0055,0.125
M-1-12,Montipora,1,T3,Guano,Ambient,1,25,0.4209,0.4309,0.01,0.4262,0.0053,0.1175
M-2-12,Montipora,2,T3,Guano,Ambient,1,25,0.4206,0.4292,0.0086,0.4249,0.0043,0.1075
M-3-12,Montipora,3,T3,Guano,Ambient,1,25,0.4197,0.4248,0.0051,0.4223,0.0026,0.0625
M-4-12,Montipora,4,T3,Guano,Ambient,1,25,0.4232,0.4307,0.0075,0.4271,0.0039,0.09
M-5-12,Montipora,5,T3,Guano,Ambient,1,25,0.4232,0.4302,0.007,0.4265,0.0033,0.0925
M-6-12,Montipora,6,T3,Guano,Ambient,1,25,0.423,0.436,0.013,0.4294,0.0064,0.165
M-7-12,Montipora,7,T3,Guano,Ambient,1,25,0.4198,0.4319,0.0121,0.4264,0.0066,0.1375
M-8-12,Montipora,8,T3,Guano,Ambient,1,25,0.4204,0.431,0.0106,0.4254,0.005,0.14
M-9-12,Montipora,9,T3,Guano,Ambient,1,25,0.4214,0.4332,0.0118,0.4272,0.0058,0.15
M-1-7,Montipora,1,T3,Inorganic,Ambient,1,25,0.4159,0.4245,0.0086,0.4204,0.0045,0.1025
M-2-7,Montipora,2,T3,Inorganic,Ambient,1,25,0.4242,0.4302,0.006,0.427,0.0028,0.08
M-3-7,Montipora,3,T3,Inorganic,Ambient,1,25,0.4218,0.4279,0.0061,0.4248,0.003,0.0775
M-4-7,Montipora,4,T3,Inorganic,Ambient,1,25,0.4126,0.4161,0.0035,0.4141,0.0015,0.05
M-5-7,Montipora,5,T3,Inorganic,Ambient,1,25,0.419,0.4288,0.0098,0.4242,0.0052,0.115
M-6-7,Montipora,6,T3,Inorganic,Ambient,1,25,0.4261,0.4381,0.012,0.4321,0.006,0.15
M-7-6,Montipora,7,T3,Inorganic,Ambient,1,25,0.4203,0.4287,0.0084,0.4255,0.0052,0.08
M-8-7,Montipora,8,T3,Inorganic,Ambient,1,25,0.4153,0.4273,0.012,0.4208,0.0055,0.1625
M-9-7,Montipora,9,T3,Inorganic,Ambient,1,25,0.4173,0.4256,0.0083,0.4214,0.0041,0.105
M-1-22,Montipora,1,T3,Control,Heated,1,25,0.4201,0.4263,0.0062,0.4238,0.0037,0.0625
M-2-22,Montipora,2,T3,Control,Heated,1,25,0.4244,0.4333,0.0089,0.4294,0.005,0.0975
M-3-22,Montipora,3,T3,Control,Heated,1,25,0.4216,0.4293,0.0077,0.4261,0.0045,0.08
M-4-5,Montipora,4,T3,Control,Heated,1,25,0.419,0.4253,0.0063,0.4227,0.0037,0.065
M-5-22,Montipora,5,T3,Control,Heated,1,25,0.4148,0.4196,0.0048,0.4173,0.0025,0.0575
M-7-22,Montipora,7,T3,Control,Heated,1,25,0.424,0.4304,0.0064,0.4284,0.0044,0.05
M-8-22,Montipora,8,T3,Control,Heated,1,25,0.4193,0.4269,0.0076,0.4233,0.004,0.09
M-9-22,Montipora,9,T3,Control,Heated,1,25,0.4202,0.4297,0.0095,0.4255,0.0053,0.105
M-1-25,Montipora,1,T3,Effluent,Heated,1,25,0.4189,0.4273,0.0084,0.4236,0.0047,0.0925
M-2-25,Montipora,2,T3,Effluent,Heated,1,25,0.4219,0.4289,0.007,0.4258,0.0039,0.0775
M-3-25,Montipora,3,T3,Effluent,Heated,1,25,0.4247,0.4318,0.0071,0.4287,0.004,0.0775
M-4-25,Montipora,4,T3,Effluent,Heated,1,25,0.4172,0.4245,0.0073,0.4215,0.0043,0.075
M-5-25,Montipora,5,T3,Effluent,Heated,1,25,0.4204,0.4263,0.0059,0.4235,0.0031,0.07
M-6-25,Montipora,6,T3,Effluent,Heated,1,25,0.4185,0.4284,0.0099,0.4244,0.0059,0.1
M-7-25,Montipora,7,T3,Effluent,Heated,1,25,0.4217,0.4286,0.0069,0.4256,0.0039,0.075
M-8-25,Montipora,8,T3,Effluent,Heated,1,25,0.4239,0.4325,0.0086,0.4282,0.0043,0.1075
M-9-25,Montipora,9,T3,Effluent,Heated,1,25,0.4223,0.4311,0.0088,0.4269,0.0046,0.105
M-1-24,Montipora,1,T3,Guano,Heated,1,25,0.4233,0.4276,0.0043,0.4259,0.0026,0.0425
M-2-24,Montipora,2,T3,Guano,Heated,1,25,0.4184,0.4241,0.0057,0.4215,0.0031,0.065
M-3-15,Montipora,3,T3,Guano,Heated,1,25,0.4203,0.426,0.0057,0.4236,0.0033,0.06
M-4-24,Montipora,4,T3,Guano,Heated,1,25,0.4239,0.4298,0.0059,0.427,0.0031,0.07
M-5-24,Montipora,5,T3,Guano,Heated,1,25,0.4205,0.425,0.0045,0.4228,0.0023,0.055
M-8-24,Montipora,8,T3,Guano,Heated,1,25,0.4219,0.4291,0.0072,0.4252,0.0033,0.0975
M-9-24,Montipora,9,T3,Guano,Heated,1,25,0.4204,0.4307,0.0103,0.4259,0.0055,0.12
M-1-23,Montipora,1,T3,Inorganic,Heated,1,25,0.4262,0.4309,0.0047,0.4286,0.0024,0.0575
M-2-23,Montipora,2,T3,Inorganic,Heated,1,25,0.4255,0.4313,0.0058,0.4287,0.0032,0.065
M-3-23,Montipora,3,T3,Inorganic,Heated,1,25,0.4205,0.4283,0.0078,0.4245,0.004,0.095
M-4-23,Montipora,4,T3,Inorganic,Heated,1,25,0.4237,0.4319,0.0082,0.428,0.0043,0.0975
M-5-23,Montipora,5,T3,Inorganic,Heated,1,25,0.4251,0.4306,0.0055,0.428,0.0029,0.065
M-6-23,Montipora,6,T3,Inorganic,Heated,1,25,0.4263,0.4302,0.0039,0.4287,0.0024,0.0375
M-7-7,Montipora,7,T3,Inorganic,Heated,1,25,0.4226,0.4302,0.0076,0.427,0.0044,0.08
M-8-23,Montipora,8,T3,Inorganic,Heated,1,25,0.4201,0.4279,0.0078,0.4239,0.0038,0.1
M-9-23,Montipora,9,T3,Inorganic,Heated,1,25,0.4248,0.4337,0.0089,0.4293,0.0045,0.11
P-1-21,Porites,1,T0,Control,Ambient,1,25,0.4233,0.4282,0.0049,0.4253,0.002,0.0725
P-2-21,Porites,2,T0,Control,Ambient,1,25,0.4261,0.433,0.0069,0.4287,0.0026,0.1075
P-3-21,Porites,3,T0,Control,Ambient,1,25,0.4256,0.4314,0.0058,0.428,0.0024,0.085
P-4-21,Porites,4,T0,Control,Ambient,1,25,0.4222,0.4276,0.0054,0.4243,0.0021,0.0825
P-5-21,Porites,5,T0,Control,Ambient,1,25,0.4279,0.4319,0.004,0.4295,0.0016,0.06
P-6-21,Porites,6,T0,Control,Ambient,1,25,0.4219,0.4304,0.0085,0.4257,0.0038,0.1175
P-7-21,Porites,7,T0,Control,Ambient,1,25,0.4233,0.4295,0.0062,0.4272,0.0039,0.0575
P-8-21,Porites,8,T0,Control,Ambient,1,25,0.4235,0.4324,0.0089,0.4267,0.0032,0.1425
P-9-21,Porites,9,T0,Control,Ambient,1,25,0.4204,0.427,0.0066,0.4225,0.0021,0.1125
P-1-3,Porites,1,T1,Control,Ambient,1,25,0.4211,0.4254,0.0043,0.4231,0.002,0.0575
P-2-3,Porites,2,T1,Control,Ambient,1,25,0.4241,0.4315,0.0074,0.4277,0.0036,0.095
P-3-3,Porites,3,T1,Control,Ambient,1,25,0.4142,0.4193,0.0051,0.4164,0.0022,0.0725
P-4-3,Porites,4,T1,Control,Ambient,1,25,0.4225,0.4303,0.0078,0.4255,0.003,0.12
P-5-3,Porites,5,T1,Control,Ambient,1,25,0.4205,0.4258,0.0053,0.4228,0.0023,0.075
P-6-3,Porites,6,T1,Control,Ambient,1,25,0.4187,0.427,0.0083,0.4225,0.0038,0.1125
P-7-3,Porites,7,T1,Control,Ambient,1,25,0.4217,0.4274,0.0057,0.4241,0.0024,0.0825
P-8-3,Porites,8,T1,Control,Ambient,1,25,0.4195,0.4239,0.0044,0.4214,0.0019,0.0625
P-9-3,Porites,9,T1,Control,Ambient,1,25,0.4178,0.425,0.0072,0.4206,0.0028,0.11
P-1-18,Porites,1,T1,Effluent,Ambient,1,30,0.4259,0.4295,0.0036,0.4273,0.0014,0.066
P-2-18,Porites,2,T1,Effluent,Ambient,1,25,0.423,0.428,0.005,0.4249,0.0019,0.0775
P-3-18,Porites,3,T1,Effluent,Ambient,1,30,0.4216,0.4254,0.0038,0.4231,0.0015,0.069
P-4-18,Porites,4,T1,Effluent,Ambient,1,25,0.4195,0.4267,0.0072,0.4223,0.0028,0.11
P-5-18,Porites,5,T1,Effluent,Ambient,1,25,0.418,0.4234,0.0054,0.4213,0.0033,0.0525
P-6-18,Porites,6,T1,Effluent,Ambient,1,25,0.425,0.432,0.007,0.4277,0.0027,0.1075
P-7-18,Porites,7,T1,Effluent,Ambient,1,25,0.424,0.4318,0.0078,0.4272,0.0032,0.115
P-8-18,Porites,8,T1,Effluent,Ambient,1,25,0.4237,0.4352,0.0115,0.4283,0.0046,0.1725
P-9-18,Porites,9,T1,Effluent,Ambient,1,25,0.4208,0.4266,0.0058,0.4228,0.002,0.095
P-1-13,Porites,1,T1,Guano,Ambient,1,25,0.4211,0.4253,0.0042,0.4227,0.0016,0.065
P-2-13,Porites,2,T1,Guano,Ambient,1,25,0.4254,0.4294,0.004,0.4269,0.0015,0.0625
P-3-13,Porites,3,T1,Guano,Ambient,1,25,0.4179,0.424,0.0061,0.4205,0.0026,0.0875
P-4-13,Porites,4,T1,Guano,Ambient,1,25,0.4208,0.426,0.0052,0.4227,0.0019,0.0825
P-5-13,Porites,5,T1,Guano,Ambient,1,25,0.4257,0.4327,0.007,0.4283,0.0026,0.11
P-6-13,Porites,6,T1,Guano,Ambient,1,25,0.4197,0.4272,0.0075,0.423,0.0033,0.105
P-7-13,Porites,7,T1,Guano,Ambient,1,25,0.4196,0.4254,0.0058,0.4218,0.0022,0.09
P-8-13,Porites,8,T1,Guano,Ambient,1,25,0.4223,0.43,0.0077,0.4258,0.0035,0.105
P-9-13,Porites,9,T1,Guano,Ambient,1,25,0.4249,0.4308,0.0059,0.427,0.0021,0.095
P-1-8,Porites,1,T1,Inorganic,Ambient,1,25,0.4188,0.4261,0.0073,0.4219,0.0031,0.105
P-2-8,Porites,2,T1,Inorganic,Ambient,1,25,0.4255,0.4341,0.0086,0.4296,0.0041,0.1125
P-3-8,Porites,3,T1,Inorganic,Ambient,1,25,0.4258,0.4295,0.0037,0.4274,0.0016,0.0525
P-4-8,Porites,4,T1,Inorganic,Ambient,1,25,0.431,0.4356,0.0046,0.4329,0.0019,0.0675
P-5-8,Porites,5,T1,Inorganic,Ambient,1,25,0.4152,0.4205,0.0053,0.4183,0.0031,0.055
P-6-8,Porites,6,T1,Inorganic,Ambient,1,25,0.4262,0.4302,0.004,0.4281,0.0019,0.0525
P-7-8,Porites,7,T1,Inorganic,Ambient,1,25,0.4223,0.426,0.0037,0.4242,0.0019,0.045
P-8-8,Porites,8,T1,Inorganic,Ambient,1,25,0.4217,0.4354,0.0137,0.4281,0.0064,0.1825
P-9-8,Porites,9,T1,Inorganic,Ambient,1,30,0.4256,0.4295,0.0039,0.4273,0.0017,0.066
P-1-26,Porites,1,T2,Control,Ambient,1,25,0.4189,0.4269,0.008,0.4226,0.0037,0.1075
P-2-26,Porites,2,T2,Control,Ambient,1,25,0.4219,0.4274,0.0055,0.4243,0.0024,0.0775
P-3-26,Porites,3,T2,Control,Ambient,1,25,0.4206,0.4259,0.0053,0.4228,0.0022,0.0775
P-4-26,Porites,4,T2,Control,Ambient,1,25,0.419,0.4237,0.0047,0.4212,0.0022,0.0625
P-5-26,Porites,5,T2,Control,Ambient,1,25,0.4163,0.4215,0.0052,0.4183,0.002,0.08
P-6-26,Porites,6,T2,Control,Ambient,1,25,0.4179,0.4258,0.0079,0.4215,0.0036,0.1075
P-7-26,Porites,7,T2,Control,Ambient,1,25,0.4146,0.4207,0.0061,0.4171,0.0025,0.09
P-8-26,Porites,8,T2,Control,Ambient,1,25,0.4184,0.4225,0.0041,0.4199,0.0015,0.065
P-9-26,Porites,9,T2,Control,Ambient,1,25,0.4224,0.4269,0.0045,0.4251,0.0027,0.045
P-1-29,Porites,1,T2,Effluent,Ambient,1,25,0.4217,0.4312,0.0095,0.4258,0.0041,0.135
P-2-29,Porites,2,T2,Effluent,Ambient,1,25,0.4209,0.4303,0.0094,0.4256,0.0047,0.1175
P-3-29,Porites,3,T2,Effluent,Ambient,1,25,0.4228,0.4248,0.002,0.4235,0.0007,0.0325
P-4-29,Porites,4,T2,Effluent,Ambient,1,25,0.4262,0.4333,0.0071,0.429,0.0028,0.1075
P-5-29,Porites,5,T2,Effluent,Ambient,1,25,0.4176,0.4259,0.0083,0.4214,0.0038,0.1125
P-6-29,Porites,6,T2,Effluent,Ambient,1,25,0.4157,0.4252,0.0095,0.4203,0.0046,0.1225
P-7-29,Porites,7,T2,Effluent,Ambient,1,25,0.4135,0.4195,0.006,0.4163,0.0028,0.08
P-8-29,Porites,8,T2,Effluent,Ambient,1,25,0.4199,0.4305,0.0106,0.4241,0.0042,0.16
P-9-29,Porites,9,T2,Effluent,Ambient,1,25,0.4103,0.4161,0.0058,0.4124,0.0021,0.0925
P-1-28,Porites,1,T2,Guano,Ambient,1,30,0.4234,0.4297,0.0063,0.4261,0.0027,0.108
P-2-28,Porites,2,T2,Guano,Ambient,1,25,0.4207,0.4301,0.0094,0.4248,0.0041,0.1325
P-3-28,Porites,3,T2,Guano,Ambient,1,25,0.4201,0.4283,0.0082,0.4239,0.0038,0.11
P-4-28,Porites,4,T2,Guano,Ambient,1,25,0.4185,0.4306,0.0121,0.4237,0.0052,0.1725
P-5-28,Porites,5,T2,Guano,Ambient,1,30,0.4218,0.4278,0.006,0.4246,0.0028,0.096
P-6-28,Porites,6,T2,Guano,Ambient,1,25,0.4235,0.4298,0.0063,0.4262,0.0027,0.09
P-7-28,Porites,7,T2,Guano,Ambient,1,25,0.4181,0.4232,0.0051,0.4204,0.0023,0.07
P-8-28,Porites,8,T2,Guano,Ambient,1,25,0.4161,0.426,0.0099,0.42,0.0039,0.15
P-9-28,Porites,9,T2,Guano,Ambient,1,25,0.4181,0.425,0.0069,0.4208,0.0027,0.105
P-1-27,Porites,1,T2,Inorganic,Ambient,1,25,0.4179,0.4335,0.0156,0.4245,0.0066,0.225
P-2-27,Porites,2,T2,Inorganic,Ambient,1,30,0.4225,0.4318,0.0093,0.4263,0.0038,0.165
P-3-27,Porites,3,T2,Inorganic,Ambient,1,25,0.419,0.4252,0.0062,0.4216,0.0026,0.09
P-4-27,Porites,4,T2,Inorganic,Ambient,1,25,0.4226,0.4289,0.0063,0.4251,0.0025,0.095
P-5-27,Porites,5,T2,Inorganic,Ambient,1,30,0.4205,0.4285,0.008,0.4237,0.0032,0.144
P-6-27,Porites,6,T2,Inorganic,Ambient,1,25,0.4238,0.4357,0.0119,0.4292,0.0054,0.1625
P-7-27,Porites,7,T2,Inorganic,Ambient,1,25,0.4175,0.4231,0.0056,0.4196,0.0021,0.0875
P-8-27,Porites,8,T2,Inorganic,Ambient,1,25,0.421,0.4283,0.0073,0.4242,0.0032,0.1025
P-9-27,Porites,9,T2,Inorganic,Ambient,1,25,0.4224,0.4273,0.0049,0.4242,0.0018,0.0775
P-1-4,Porites,1,T2,Control,Heated,1,25,0.4178,0.4227,0.0049,0.42,0.0022,0.0675
P-2-30,Porites,2,T2,Control,Heated,1,25,0.4249,0.4315,0.0066,0.4278,0.0029,0.0925
P-3-4,Porites,3,T2,Control,Heated,1,25,0.4194,0.4252,0.0058,0.4222,0.0028,0.075
P-4-4,Porites,4,T2,Control,Heated,1,25,0.4228,0.4287,0.0059,0.4253,0.0025,0.085
P-5-4,Porites,5,T2,Control,Heated,1,25,0.4215,0.4274,0.0059,0.4238,0.0023,0.09
P-6-4,Porites,6,T2,Control,Heated,1,25,0.4171,0.4256,0.0085,0.4208,0.0037,0.12
P-7-30,Porites,7,T2,Control,Heated,1,25,0.411,0.4163,0.0053,0.4133,0.0023,0.075
P-8-4,Porites,8,T2,Control,Heated,1,25,0.4157,0.4258,0.0101,0.4207,0.005,0.1275
P-9-4,Porites,9,T2,Control,Heated,1,25,0.4117,0.4152,0.0035,0.4131,0.0014,0.0525
P-1-19,Porites,1,T2,Effluent,Heated,1,25,0.4184,0.424,0.0056,0.4211,0.0027,0.0725
P-2-19,Porites,2,T2,Effluent,Heated,1,25,0.4159,0.4212,0.0053,0.4182,0.0023,0.075
P-3-19,Porites,3,T2,Effluent,Heated,1,25,0.4118,0.4166,0.0048,0.4142,0.0024,0.06
P-4-19,Porites,4,T2,Effluent,Heated,1,25,0.4193,0.4226,0.0033,0.4205,0.0012,0.0525
P-5-30,Porites,5,T2,Effluent,Heated,1,25,0.426,0.4339,0.0079,0.4307,0.0047,0.08
P-6-19,Porites,6,T2,Effluent,Heated,1,25,0.4118,0.4173,0.0055,0.4143,0.0025,0.075
P-7-19,Porites,7,T2,Effluent,Heated,1,25,0.411,0.4158,0.0048,0.4128,0.0018,0.075
P-8-19,Porites,8,T2,Effluent,Heated,1,25,0.4175,0.4249,0.0074,0.4209,0.0034,0.1
P-9-19,Porites,9,T2,Effluent,Heated,1,25,0.4151,0.4196,0.0045,0.4169,0.0018,0.0675
P-1-14,Porites,1,T2,Guano,Heated,1,25,0.4162,0.4242,0.008,0.42,0.0038,0.105
P-2-14,Porites,2,T2,Guano,Heated,1,25,0.419,0.4241,0.0051,0.421,0.002,0.0775
P-3-14,Porites,3,T2,Guano,Heated,1,25,0.4159,0.4222,0.0063,0.4189,0.003,0.0825
P-4-14,Porites,4,T2,Guano,Heated,1,25,0.4183,0.4224,0.0041,0.4198,0.0015,0.065
P-5-14,Porites,5,T2,Guano,Heated,1,25,0.4155,0.4209,0.0054,0.418,0.0025,0.0725
P-6-30,Porites,6,T2,Guano,Heated,1,25,0.4193,0.4299,0.0106,0.4244,0.0051,0.1375
P-7-14,Porites,7,T2,Guano,Heated,1,25,0.4201,0.4291,0.009,0.4245,0.0044,0.115
P-8-30,Porites,8,T2,Guano,Heated,1,25,0.4163,0.4217,0.0054,0.4189,0.0026,0.07
P-9-14,Porites,9,T2,Guano,Heated,1,25,0.4163,0.4262,0.0099,0.4235,0.0072,0.0675
P-1-9,Porites,1,T2,Inorganic,Heated,1,25,0.4171,0.4215,0.0044,0.4195,0.0024,0.05
P-2-9,Porites,2,T2,Inorganic,Heated,1,25,0.4159,0.4227,0.0068,0.4192,0.0033,0.0875
P-3-9,Porites,3,T2,Inorganic,Heated,1,25,0.4148,0.4198,0.005,0.4175,0.0027,0.0575
P-4-9,Porites,4,T2,Inorganic,Heated,1,25,0.4193,0.4246,0.0053,0.4216,0.0023,0.075
P-5-9,Porites,5,T2,Inorganic,Heated,1,25,0.4191,0.4235,0.0044,0.4207,0.0016,0.07
P-6-9,Porites,6,T2,Inorganic,Heated,1,25,0.4131,0.4201,0.007,0.4162,0.0031,0.0975
P-7-9,Porites,7,T2,Inorganic,Heated,1,25,0.423,0.4289,0.0059,0.4259,0.0029,0.075
P-8-9,Porites,8,T2,Inorganic,Heated,1,25,0.4242,0.4385,0.0143,0.4323,0.0081,0.155
P-9-9,Porites,9,T2,Inorganic,Heated,1,25,0.4221,0.4272,0.0051,0.4239,0.0018,0.0825
P-1-2,Porites,1,T3,Control,Ambient,1,25,0.4187,0.4213,0.0026,0.4199,0.0012,0.035
P-2-2,Porites,2,T3,Control,Ambient,1,25,0.4178,0.4232,0.0054,0.4204,0.0026,0.07
P-1-17,Porites,3,T3,Control,Ambient,1,25,0.4199,0.4258,0.0059,0.4226,0.0027,0.08
P-4-2,Porites,4,T3,Control,Ambient,1,25,0.4188,0.4239,0.0051,0.4211,0.0023,0.07
P-5-2,Porites,5,T3,Control,Ambient,1,25,0.4134,0.4205,0.0071,0.4164,0.003,0.1025
P-6-2,Porites,6,T3,Control,Ambient,1,25,0.4183,0.4222,0.0039,0.4201,0.0018,0.0525
P-7-2,Porites,7,T3,Control,Ambient,1,25,0.4179,0.4267,0.0088,0.4223,0.0044,0.11
P-8-2,Porites,8,T3,Control,Ambient,1,25,0.4244,0.431,0.0066,0.4275,0.0031,0.0875
P-9-2,Porites,9,T3,Control,Ambient,1,25,0.4164,0.4207,0.0043,0.4181,0.0017,0.065
P-3-2,Porites,1,T3,Effluent,Ambient,1,25,0.4174,0.4221,0.0047,0.4196,0.0022,0.0625
P-2-17,Porites,2,T3,Effluent,Ambient,1,25,0.4132,0.4189,0.0057,0.416,0.0028,0.0725
P-3-17,Porites,3,T3,Effluent,Ambient,1,25,0.4198,0.4243,0.0045,0.4218,0.002,0.0625
P-4-17,Porites,4,T3,Effluent,Ambient,1,25,0.4237,0.4298,0.0061,0.4262,0.0025,0.09
P-5-17,Porites,5,T3,Effluent,Ambient,1,25,0.4183,0.4239,0.0056,0.4207,0.0024,0.08
P-6-17,Porites,6,T3,Effluent,Ambient,1,25,0.4225,0.4277,0.0052,0.4247,0.0022,0.075
P-7-17,Porites,7,T3,Effluent,Ambient,1,25,0.4214,0.4258,0.0044,0.4234,0.002,0.06
P-8-17,Porites,8,T3,Effluent,Ambient,1,25,0.4215,0.4275,0.006,0.4241,0.0026,0.085
P-9-17,Porites,9,T3,Effluent,Ambient,1,25,0.4181,0.4223,0.0042,0.4202,0.0021,0.0525
P-1-12,Porites,1,T3,Guano,Ambient,1,25,0.4209,0.4284,0.0075,0.4248,0.0039,0.09
P-2-12,Porites,2,T3,Guano,Ambient,1,25,0.4219,0.4298,0.0079,0.4265,0.0046,0.0825
P-3-12,Porites,3,T3,Guano,Ambient,1,25,0.419,0.4279,0.0089,0.4241,0.0051,0.095
P-4-12,Porites,4,T3,Guano,Ambient,1,25,0.4185,0.4241,0.0056,0.421,0.0025,0.0775
P-5-12,Porites,5,T3,Guano,Ambient,1,25,0.4209,0.4282,0.0073,0.4251,0.0042,0.0775
P-6-12,Porites,6,T3,Guano,Ambient,1,25,0.418,0.4234,0.0054,0.4208,0.0028,0.065
P-7-12,Porites,7,T3,Guano,Ambient,1,25,0.4221,0.4261,0.004,0.4238,0.0017,0.0575
P-8-12,Porites,8,T3,Guano,Ambient,1,25,0.4197,0.428,0.0083,0.4242,0.0045,0.095
P-9-12,Porites,9,T3,Guano,Ambient,1,25,0.4144,0.4199,0.0055,0.4171,0.0027,0.07
P-1-7,Porites,1,T3,Inorganic,Ambient,1,25,0.4179,0.4227,0.0048,0.4203,0.0024,0.06
P-2-7,Porites,2,T3,Inorganic,Ambient,1,25,0.4149,0.412,-0.0029,0.4171,0.0022,-0.1275
P-3-7,Porites,3,T3,Inorganic,Ambient,1,25,0.4147,0.4214,0.0067,0.4183,0.0036,0.0775
P-4-7,Porites,4,T3,Inorganic,Ambient,1,25,0.4147,0.4189,0.0042,0.4163,0.0016,0.065
P-5-7,Porites,5,T3,Inorganic,Ambient,1,25,0.4135,0.4193,0.0058,0.4158,0.0023,0.0875
P-6-7,Porites,6,T3,Inorganic,Ambient,1,25,0.4143,0.4202,0.0059,0.4172,0.0029,0.075
P-7-7,Porites,7,T3,Inorganic,Ambient,1,25,0.4239,0.4337,0.0098,0.4283,0.0044,0.135
P-8-7,Porites,8,T3,Inorganic,Ambient,1,25,0.4229,0.4294,0.0065,0.4257,0.0028,0.0925
P-9-7,Porites,9,T3,Inorganic,Ambient,1,25,0.4244,0.4301,0.0057,0.4266,0.0022,0.0875
P-1-22,Porites,1,T3,Control,Heated,1,25,0.4269,0.4341,0.0072,0.4305,0.0036,0.09
P-2-22,Porites,2,T3,Control,Heated,1,25,0.4206,0.4275,0.0069,0.4251,0.0045,0.06
P-4-22,Porites,4,T3,Control,Heated,1,25,0.4155,0.4232,0.0077,0.4193,0.0038,0.0975
P-5-22,Porites,5,T3,Control,Heated,1,25,0.4205,0.4271,0.0066,0.4243,0.0038,0.07
P-6-22,Porites,6,T3,Control,Heated,1,25,0.4222,0.4268,0.0046,0.4246,0.0024,0.055
P-7-22,Porites,7,T3,Control,Heated,1,25,0.423,0.4296,0.0066,0.4262,0.0032,0.085
P-8-22,Porites,8,T3,Control,Heated,1,25,0.4217,0.4282,0.0065,0.4252,0.0035,0.075
P-9-22,Porites,9,T3,Control,Heated,1,25,0.42,0.4249,0.0049,0.422,0.002,0.0725
P-2-25,Porites,2,T3,Effluent,Heated,1,25,0.4236,0.4299,0.0063,0.427,0.0034,0.0725
P-4-25,Porites,4,T3,Effluent,Heated,1,25,0.4216,0.4295,0.0079,0.4259,0.0043,0.09
P-5-25,Porites,5,T3,Effluent,Heated,1,25,0.4199,0.4259,0.006,0.4225,0.0026,0.085
P-6-25,Porites,6,T3,Effluent,Heated,1,25,0.417,0.423,0.006,0.4211,0.0041,0.0475
P-7-20,Porites,7,T3,Effluent,Heated,1,25,0.4189,0.4256,0.0067,0.4227,0.0038,0.0725
P-8-25,Porites,8,T3,Effluent,Heated,1,25,0.4201,0.4235,0.0034,0.4221,0.002,0.035
P-9-25,Porites,9,T3,Effluent,Heated,1,25,0.4178,0.4214,0.0036,0.4195,0.0017,0.0475
P-1-24,Porites,1,T3,Guano,Heated,1,25,0.4263,0.4399,0.0136,0.4332,0.0069,0.1675
P-2-24,Porites,2,T3,Guano,Heated,1,25,0.4257,0.4385,0.0128,0.4327,0.007,0.145
P-4-24,Porites,4,T3,Guano,Heated,1,25,0.4261,0.4327,0.0066,0.4293,0.0032,0.085
P-5-15,Porites,5,T3,Guano,Heated,1,25,0.4191,0.4253,0.0062,0.4219,0.0028,0.085
P-6-15,Porites,6,T3,Guano,Heated,1,25,0.4249,0.4282,0.0033,0.427,0.0021,0.03
P-1-23,Porites,1,T3,Inorganic,Heated,1,25,0.4216,0.4298,0.0082,0.4263,0.0047,0.0875
P-2-23,Porites,2,T3,Inorganic,Heated,1,25,0.4159,0.4267,0.0108,0.4217,0.0058,0.125
P-3-23,Porites,3,T3,Inorganic,Heated,1,25,0.4189,0.4263,0.0074,0.4234,0.0045,0.0725
P-4-23,Porites,4,T3,Inorganic,Heated,1,25,0.4183,0.4233,0.005,0.4208,0.0025,0.0625
P-5-23,Porites,5,T3,Inorganic,Heated,1,25,0.4215,0.4281,0.0066,0.425,0.0035,0.0775
P-6-23,Porites,6,T3,Inorganic,Heated,1,25,0.422,0.4265,0.0045,0.4244,0.0024,0.0525
P-7-23,Porites,7,T3,Inorganic,Heated,1,25,0.4165,0.4249,0.0084,0.4206,0.0041,0.1075
P-8-23,Porites,8,T3,Inorganic,Heated,1,25,0.4199,0.4236,0.0037,0.422,0.0021,0.04
P-9-10,Porites,9,T3,Inorganic,Heated,1,25,0.4185,0.4254,0.0069,0.4218,0.0033,0.09
