"","Frag_ID","Timepoint","Exp_days","Date","Species","Genotype","Treatment","Temp_trt","Wet_weight.g","Temp","Conductivity","Salinity","Sw_dens","Skel_dens","Dry_weight.g","Delta_weight.g","Surface_area.cm2","Delta_wt_g..cm2"
"1","M-1-1","T0",1,2023-07-20,"Montipora","1","Control","Ambient",9.34,26.4,53.1,35.10827311,1.02298963340838,2.93,14.3503152785222,0,35.29378531," 0.0000000000"
"2","M-1-1","T3",79,2023-10-06,"Montipora","1","Control","Ambient",9.8095,24.3,53.3,35.25214161,1.02374293978727,2.93,15.0776280911413,0.727312812619111,35.29378531," 0.0206073904"
"3","M-1-10","T0",1,2023-07-20,"Montipora","1","Inorganic","Heated",8.349,25.1,53,35.03635669,1.02333824895522,2.93,12.8300523082269,0,26.61920904," 0.0000000000"
"4","M-1-10","T3",79,2023-10-06,"Montipora","1","Inorganic","Heated",8.4575,25.7,53.2,35.18020143,1.02326252680064,2.93,12.9962699890826,0.166217680855629,26.61920904," 0.0062442757"
"5","M-1-11","T0",1,2023-07-20,"Montipora","1","Guano","Ambient",9.389,26.4,53.1,35.10827311,1.02298963340838,2.93,14.4256006584631,0,40.05141243," 0.0000000000"
"6","M-1-11","T3",79,2023-10-06,"Montipora","1","Guano","Ambient",9.8945,27.1,52.9,34.96445218,1.02265899386428,2.93,15.1996338917578,0.774033233294775,40.05141243," 0.0193259909"
"7","M-1-12","T0",1,2023-07-20,"Montipora","1","Guano","Ambient",8.708,26.4,53.1,35.10827311,1.02298963340838,2.93,13.3792875209177,0,34.0819209," 0.0000000000"
"8","M-1-12","T3",79,2023-10-06,"Montipora","1","Guano","Ambient",9.1795,27.1,52.9,34.96445218,1.02265899386428,2.93,14.1012723542767,0.721984833359016,34.0819209," 0.0211838070"
"9","M-1-15","T0",1,2023-07-20,"Montipora","1","Guano","Heated",8.647,25.1,53,35.03635669,1.02333824895522,2.93,13.2879940482978,0,30.32570621," 0.0000000000"
"10","M-1-15","T3",79,2023-10-06,"Montipora","1","Guano","Heated",8.9385,25.7,53.2,35.18020143,1.02326252680064,2.93,13.7354016313821,0.447407583084349,30.32570621," 0.0147534102"
"11","M-1-16","T0",1,2023-07-20,"Montipora","1","Effluent","Ambient",10.252,26.4,53.1,35.10827311,1.02298963340838,2.93,15.7515452072173,0,41.98615819," 0.0000000000"
"12","M-1-16","T3",79,2023-10-06,"Montipora","1","Effluent","Ambient",11.1625,25.9,52.9,34.96445218,1.02303762439726,2.93,17.1509020935259,1.39935688630854,41.98615819," 0.0333290052"
"13","M-1-17","T0",1,2023-07-20,"Montipora","1","Effluent","Ambient",8.36,26.4,53.1,35.10827311,1.02298963340838,2.93,12.8446076797051,0,30.44717514," 0.0000000000"
"14","M-1-17","T3",79,2023-10-06,"Montipora","1","Effluent","Ambient",8.8185,25.9,52.9,34.96445218,1.02303762439726,2.93,13.5494047132594,0.704797033554264,30.44717514," 0.0231481913"
"15","M-1-2","T0",1,2023-07-20,"Montipora","1","Control","Ambient",8.604,26.4,53.1,35.10827311,1.02298963340838,2.93,13.2194981430841,0,25.6920904," 0.0000000000"
"16","M-1-2","T3",79,2023-10-06,"Montipora","1","Control","Ambient",8.8815,24.3,53.3,35.25214161,1.02374293978727,2.93,13.6512517346931,0.431753591609011,25.6920904," 0.0168049226"
"17","M-1-20","T0",1,2023-07-20,"Montipora","1","Effluent","Heated",8.473,25.1,53,35.03635669,1.02333824895522,2.93,13.0206052470484,0,25.3539548," 0.0000000000"
"18","M-1-20","T3",79,2023-10-06,"Montipora","1","Effluent","Heated",8.6745,26.3,53,35.03635669,1.02296685599674,2.93,13.3276577179178,0.307052470869415,25.3539548," 0.0121106342"
"19","M-1-22","T0",1,2023-07-20,"Montipora","1","Control","Heated",8.453,25.1,53,35.03635669,1.02333824895522,2.93,12.9898709020772,0,21.79830508," 0.0000000000"
"20","M-1-22","T3",79,2023-10-06,"Montipora","1","Control","Heated",8.4875,26.3,53,35.03635669,1.02296685599674,2.93,13.0403475567269,0.0504766546496977,21.79830508," 0.0023156229"
"21","M-1-23","T0",1,2023-07-20,"Montipora","1","Inorganic","Heated",8.165,25.1,53,35.03635669,1.02333824895522,2.93,12.5472963344919,0,23.57457627," 0.0000000000"
"22","M-1-23","T3",79,2023-10-06,"Montipora","1","Inorganic","Heated",8.1875,25.7,53.2,35.18020143,1.02326252680064,2.93,12.5813728094133,0.0340764749214557,23.57457627," 0.0014454756"
"23","M-1-24","T0",1,2023-07-20,"Montipora","1","Guano","Heated",7.305,25.1,53,35.03635669,1.02333824895522,2.93,11.2257195007303,0,18.69887006," 0.0000000000"
"24","M-1-24","T3",79,2023-10-06,"Montipora","1","Guano","Heated",7.3635,25.7,53.2,35.18020143,1.02326252680064,2.93,11.3151680833118,0.0894485825814328,18.69887006," 0.0047836357"
"25","M-1-25","T0",1,2023-07-20,"Montipora","1","Effluent","Heated",8.794,25.1,53,35.03635669,1.02333824895522,2.93,13.5138914838361,0,27.41525424," 0.0000000000"
"26","M-1-25","T3",79,2023-10-06,"Montipora","1","Effluent","Heated",8.8895,26.3,53,35.03635669,1.02296685599674,2.93,13.6579875823886,0.144096098552518,27.41525424," 0.0052560555"
"27","M-1-5","T0",1,2023-07-20,"Montipora","1","Control","Heated",10.094,25.1,53,35.03635669,1.02333824895522,2.93,15.511623906964,0,38.10875706," 0.0000000000"
"28","M-1-5","T3",79,2023-10-06,"Montipora","1","Control","Heated",10.2735,26.3,53,35.03635669,1.02296685599674,2.93,15.7843900587963,0.272766151832254,38.10875706," 0.0071575715"
"29","M-1-6","T0",1,2023-07-20,"Montipora","1","Inorganic","Ambient",8.303,26.4,53.1,35.10827311,1.02298963340838,2.93,12.7570308091617,0,30.88135593," 0.0000000000"
"30","M-1-6","T3",79,2023-10-06,"Montipora","1","Inorganic","Ambient",8.8195,27.1,52.9,34.96445218,1.02265899386428,2.93,13.5482511605799,0.79122035141828,30.88135593," 0.0256212957"
"31","M-1-7","T0",1,2023-07-20,"Montipora","1","Inorganic","Ambient",8.511,26.4,53.1,35.10827311,1.02298963340838,2.93,13.076609564829,0,28.24491525," 0.0000000000"
"32","M-1-7","T3",79,2023-10-06,"Montipora","1","Inorganic","Ambient",8.7555,27.1,52.9,34.96445218,1.02265899386428,2.93,13.4499362817005,0.373326716871551,28.24491525," 0.0132174841"
"33","M-2-1","T0",1,2023-07-20,"Montipora","2","Control","Ambient",8.862,26.4,53.1,35.10827311,1.02298963340838,2.93,13.6158987150175,0,38.42033898," 0.0000000000"
"34","M-2-1","T3",79,2023-10-06,"Montipora","2","Control","Ambient",9.6645,24.3,53.3,35.25214161,1.02374293978727,2.93,14.8547567854463,1.23885807042874,38.42033898," 0.0322448501"
"35","M-2-10","T0",1,2023-07-20,"Montipora","2","Inorganic","Heated",8.833,25.1,53,35.03635669,1.02333824895522,2.93,13.5738234565299,0,37.5680791," 0.0000000000"
"36","M-2-10","T3",79,2023-10-06,"Montipora","2","Inorganic","Heated",9.5705,25.7,53.2,35.18020143,1.02326252680064,2.93,14.7065683630523,1.13274490652234,37.5680791," 0.0301517920"
"37","M-2-11","T0",1,2023-07-20,"Montipora","2","Guano","Ambient",8.977,26.4,53.1,35.10827311,1.02298963340838,2.93,13.7925888924298,0,38.06016949," 0.0000000000"
"38","M-2-11","T3",79,2023-10-06,"Montipora","2","Guano","Ambient",9.8245,27.1,52.9,34.96445218,1.02265899386428,2.93,15.0921019929835,1.29951310055371,38.06016949," 0.0341436499"
"39","M-2-12","T0",1,2023-07-20,"Montipora","2","Guano","Ambient",8.281,26.4,53.1,35.10827311,1.02298963340838,2.93,12.7232292100045,0,25.20310734," 0.0000000000"
"40","M-2-12","T3",79,2023-10-06,"Montipora","2","Guano","Ambient",8.6695,27.1,52.9,34.96445218,1.02265899386428,2.93,13.3178256632063,0.594596453201742,25.20310734," 0.0235921883"
"41","M-2-15","T0",1,2023-07-20,"Montipora","2","Guano","Heated",8.474,25.1,53,35.03635669,1.02333824895522,2.93,13.0221419642969,0,29.59971751," 0.0000000000"
"42","M-2-15","T3",79,2023-10-06,"Montipora","2","Guano","Heated",8.8095,25.7,53.2,35.18020143,1.02326252680064,2.93,13.5371729788735,0.515031014576598,29.59971751," 0.0173998625"
"43","M-2-16","T0",1,2023-07-20,"Montipora","2","Effluent","Ambient",8.051,26.4,53.1,35.10827311,1.02298963340838,2.93,12.3698488551801,0,29.48954802," 0.0000000000"
"44","M-2-16","T3",79,2023-10-06,"Montipora","2","Effluent","Ambient",8.3675,25.9,52.9,34.96445218,1.02303762439726,2.93,12.8564544920562,0.486605636876096,29.48954802," 0.0165009527"
"45","M-2-17","T0",1,2023-07-20,"Montipora","2","Effluent","Ambient",9.559,26.4,53.1,35.10827311,1.02298963340838,2.93,14.6867948337681,0,42.31129944," 0.0000000000"
"46","M-2-17","T3",79,2023-10-06,"Montipora","2","Effluent","Ambient",10.4925,25.9,52.9,34.96445218,1.02303762439726,2.93,16.1214638491664,1.43466901539833,42.31129944," 0.0339074676"
"47","M-2-2","T0",1,2023-07-20,"Montipora","2","Control","Ambient",8.158,26.4,53.1,35.10827311,1.02298963340838,2.93,12.5342475419897,0,35.49689266," 0.0000000000"
"48","M-2-2","T3",79,2023-10-06,"Montipora","2","Control","Ambient",8.7555,25.7,53.2,35.18020143,1.02326252680064,2.93,13.4541935429397,0.919946000949926,35.49689266," 0.0259162403"
"49","M-2-20","T0",1,2023-07-20,"Montipora","2","Effluent","Heated",9.17,25.1,53,35.03635669,1.02333824895522,2.93,14.0916971692946,0,38.03757062," 0.0000000000"
"50","M-2-20","T3",79,2023-10-06,"Montipora","2","Effluent","Heated",9.8825,26.3,53,35.03635669,1.02296685599674,2.93,15.1836506308516,1.09195346155699,38.03757062," 0.0287072346"
"51","M-2-22","T0",1,2023-07-20,"Montipora","2","Control","Heated",9.117,25.1,53,35.03635669,1.02333824895522,2.93,14.010251155121,0,41.40508475," 0.0000000000"
"52","M-2-22","T3",79,2023-10-06,"Montipora","2","Control","Heated",9.5295,26.3,53,35.03635669,1.02296685599674,2.93,14.6412950859297,0.631043930808771,41.40508475," 0.0152407352"
"53","M-2-23","T0",1,2023-07-20,"Montipora","2","Inorganic","Heated",8.678,25.1,53,35.03635669,1.02333824895522,2.93,13.3356322830031,0,28.94124294," 0.0000000000"
"54","M-2-23","T3",79,2023-10-06,"Montipora","2","Inorganic","Heated",8.9355,25.7,53.2,35.18020143,1.02326252680064,2.93,13.7307916627191,0.395159379716002,28.94124294," 0.0136538496"
"55","M-2-24","T0",1,2023-07-20,"Montipora","2","Guano","Heated",8.152,25.1,53,35.03635669,1.02333824895522,2.93,12.5273190102606,0,23.10367232," 0.0000000000"
"56","M-2-24","T3",79,2023-10-06,"Montipora","2","Guano","Heated",8.3745,25.7,53.2,35.18020143,1.02326252680064,2.93,12.8687275227398,0.341408512479186,23.10367232," 0.0147772401"
"57","M-2-25","T0",1,2023-07-20,"Montipora","2","Effluent","Heated",8.29,25.1,53,35.03635669,1.02333824895522,2.93,12.7393859905619,0,30.71468927," 0.0000000000"
"58","M-2-25","T3",79,2023-10-06,"Montipora","2","Effluent","Heated",8.5465,26.3,53,35.03635669,1.02296685599674,2.93,13.1309962172095,0.391610226647664,30.71468927," 0.0127499329"
"59","M-2-5","T0",1,2023-07-20,"Montipora","2","Control","Heated",8,25.1,53,35.03635669,1.02333824895522,2.93,12.2937379884795,0,11.98983051," 0.0000000000"
"60","M-2-5","T3",79,2023-10-06,"Montipora","2","Control","Heated",8.2515,26.3,53,35.03635669,1.02296685599674,2.93,12.6777529147961,0.384014926316564,11.98983051," 0.0320283866"
"61","M-2-6","T0",1,2023-07-20,"Montipora","2","Inorganic","Ambient",9.181,26.4,53.1,35.10827311,1.02298963340838,2.93,14.1060219027958,0,41.6220339," 0.0000000000"
"62","M-2-6","T3",79,2023-10-06,"Montipora","2","Inorganic","Ambient",9.8755,27.1,52.9,34.96445218,1.02265899386428,2.93,15.1704466620905,1.06442475929475,41.6220339," 0.0255735883"
"63","M-2-7","T0",1,2023-07-20,"Montipora","2","Inorganic","Ambient",7.829,26.4,53.1,35.10827311,1.02298963340838,2.93,12.0287599909583,0,22.42118644," 0.0000000000"
"64","M-2-7","T3",79,2023-10-06,"Montipora","2","Inorganic","Ambient",8.1195,27.1,52.9,34.96445218,1.02265899386428,2.93,12.4729321728362,0.444172181877914,22.42118644," 0.0198103781"
"65","M-3-1","T0",1,2023-07-20,"Montipora","3","Control","Ambient",9.013,26.4,53.1,35.10827311,1.02298963340838,2.93,13.8479006001414,0,27.25819209," 0.0000000000"
"66","M-3-1","T3",79,2023-10-06,"Montipora","3","Control","Ambient",9.4365,24.3,53.3,35.25214161,1.02374293978727,2.93,14.5043108702844,0.656410270143025,27.25819209," 0.0240812108"
"67","M-3-10","T0",1,2023-07-20,"Montipora","3","Inorganic","Heated",8.055,25.1,53,35.03635669,1.02333824895522,2.93,12.3782574371503,0,22.03728814," 0.0000000000"
"68","M-3-10","T3",79,2023-10-06,"Montipora","3","Inorganic","Heated",8.3525,25.7,53.2,35.18020143,1.02326252680064,2.93,12.8349210858779,0.456663648727565,22.03728814," 0.0207223160"
"69","M-3-11","T0",1,2023-07-20,"Montipora","3","Guano","Ambient",8.292,26.4,53.1,35.10827311,1.02298963340838,2.93,12.7401300095831,0,24.15932203," 0.0000000000"
"70","M-3-11","T3",79,2023-10-06,"Montipora","3","Guano","Ambient",8.7315,27.1,52.9,34.96445218,1.02265899386428,2.93,13.4130682021207,0.672938192537629,24.15932203," 0.0278541836"
"71","M-3-12","T0",1,2023-07-20,"Montipora","3","Guano","Ambient",7.926,26.4,53.1,35.10827311,1.02298963340838,2.93,12.1777943145147,0,18.1019774," 0.0000000000"
"72","M-3-12","T3",79,2023-10-06,"Montipora","3","Guano","Ambient",8.1885,27.1,52.9,34.96445218,1.02265899386428,2.93,12.5789279016281,0.401133587113407,18.1019774," 0.0221596557"
"73","M-3-15","T0",1,2023-07-20,"Montipora","3","Guano","Heated",8.015,25.1,53,35.03635669,1.02333824895522,2.93,12.3167887472079,0,18.82033898," 0.0000000000"
"74","M-3-15","T3",79,2023-10-06,"Montipora","3","Guano","Heated",8.1465,25.7,53.2,35.18020143,1.02326252680064,2.93,12.5183699043525,0.201581157144567,18.82033898," 0.0107108144"
"75","M-3-16","T0",1,2023-07-20,"Montipora","3","Effluent","Ambient",8.165,26.4,53.1,35.10827311,1.02298963340838,2.93,12.545002596267,0,28.53135593," 0.0000000000"
"76","M-3-16","T3",79,2023-10-06,"Montipora","3","Effluent","Ambient",8.6495,25.9,52.9,34.96445218,1.02303762439726,2.93,13.2897404396821,0.744737843415127,28.53135593," 0.0261024343"
"77","M-3-17","T0",1,2023-07-20,"Montipora","3","Effluent","Ambient",8.156,26.4,53.1,35.10827311,1.02298963340838,2.93,12.5311746693391,0,19.00649718," 0.0000000000"
"78","M-3-17","T3",79,2023-10-06,"Montipora","3","Effluent","Ambient",8.4465,25.9,52.9,34.96445218,1.02303762439726,2.93,12.9778360163911,0.446661347052041,19.00649718," 0.0235004558"
"79","M-3-2","T0",1,2023-07-20,"Montipora","3","Control","Ambient",7.897,26.4,53.1,35.10827311,1.02298963340838,2.93,12.1332376610803,0,20.44858757," 0.0000000000"
"80","M-3-2","T3",79,2023-10-06,"Montipora","3","Control","Ambient",8.2665,25.7,53.2,35.18020143,1.02326252680064,2.93,12.7027686508721,0.569530989791822,20.44858757," 0.0278518498"
"81","M-3-20","T0",1,2023-07-20,"Montipora","3","Effluent","Heated",7.88,25.1,53,35.03635669,1.02333824895522,2.93,12.1093319186523,0,19.17118644," 0.0000000000"
"82","M-3-20","T3",79,2023-10-06,"Montipora","3","Effluent","Heated",8.1665,26.3,53,35.03635669,1.02296685599674,2.93,12.547157386982,0.437825468329706,19.17118644," 0.0228376825"
"83","M-3-22","T0",1,2023-07-20,"Montipora","3","Control","Heated",8.768,25.1,53,35.03635669,1.02333824895522,2.93,13.4739368353735,0,31.34519774," 0.0000000000"
"84","M-3-22","T3",79,2023-10-06,"Montipora","3","Control","Heated",9.2055,26.3,53,35.03635669,1.02296685599674,2.93,14.143495662262,0.669558826888501,31.34519774," 0.0213608104"
"85","M-3-23","T0",1,2023-07-20,"Montipora","3","Inorganic","Heated",8.727,25.1,53,35.03635669,1.02333824895522,2.93,13.4109314281826,0,22.34096045," 0.0000000000"
"86","M-3-23","T3",79,2023-10-06,"Montipora","3","Inorganic","Heated",9.0205,25.7,53.2,35.18020143,1.02326252680064,2.93,13.8614074415039,0.450476013321314,22.34096045," 0.0201636816"
"87","M-3-24","T0",1,2023-07-20,"Montipora","3","Guano","Heated",8.269,25.1,53,35.03635669,1.02333824895522,2.93,12.7071149283421,0,24.95819209," 0.0000000000"
"88","M-3-24","T3",79,2023-10-06,"Montipora","3","Guano","Heated",8.4625,25.7,53.2,35.18020143,1.02326252680064,2.93,13.0039532701875,0.296838341845412,24.95819209," 0.0118934232"
"89","M-3-25","T0",1,2023-07-20,"Montipora","3","Effluent","Heated",8.475,25.1,53,35.03635669,1.02333824895522,2.93,13.0236786815455,0,23.55903955," 0.0000000000"
"90","M-3-25","T3",79,2023-10-06,"Montipora","3","Effluent","Heated",8.8785,26.3,53,35.03635669,1.02296685599674,2.93,13.6410869846715,0.617408303126027,23.55903955," 0.0262068537"
"91","M-3-5","T0",1,2023-07-20,"Montipora","3","Control","Heated",7.9,25.1,53,35.03635669,1.02333824895522,2.93,12.1400662636235,0,27.58474576," 0.0000000000"
"92","M-3-5","T3",79,2023-10-06,"Montipora","3","Control","Heated",8.3455,26.3,53,35.03635669,1.02296685599674,2.93,12.8221762043787,0.682109940755156,27.58474576," 0.0247277951"
"93","M-3-6","T0",1,2023-07-20,"Montipora","3","Inorganic","Ambient",9.45,26.4,53.1,35.10827311,1.02298963340838,2.93,14.5193232743078,0,33.4779661," 0.0000000000"
"94","M-3-6","T3",79,2023-10-06,"Montipora","3","Inorganic","Ambient",10.2065,27.1,52.9,34.96445218,1.02265899386428,2.93,15.6789189262951,1.15959565198725,33.4779661," 0.0346375777"
"95","M-3-7","T0",1,2023-07-20,"Montipora","3","Inorganic","Ambient",7.884,26.4,53.1,35.10827311,1.02298963340838,2.93,12.1132639888511,0,21.97740113," 0.0000000000"
"96","M-3-7","T3",79,2023-10-06,"Montipora","3","Inorganic","Ambient",8.2135,27.1,52.9,34.96445218,1.02265899386428,2.93,12.6173321511904,0.504068162339275,21.97740113," 0.0229357493"
"97","M-4-1","T0",1,2023-07-20,"Montipora","4","Control","Ambient",8.077,26.4,53.1,35.10827311,1.02298963340838,2.93,12.4097961996385,0,19.10960452," 0.0000000000"
"98","M-4-1","T3",79,2023-10-06,"Montipora","4","Control","Ambient",8.1545,25.9,52.9,34.96445218,1.02303762439726,2.93,12.5291853188494,0.119389119210878,19.10960452," 0.0062475976"
"99","M-4-10","T0",1,2023-07-20,"Montipora","4","Inorganic","Heated",9.888,25.1,53,35.03635669,1.02333824895522,2.93,15.1950601537607,0,25.68418079," 0.0000000000"
"100","M-4-10","T3",79,2023-10-06,"Montipora","4","Inorganic","Heated",9.8025,25.7,53.2,35.18020143,1.02326252680064,2.93,15.0630726063236,-0.131987547437081,25.68418079,"-0.0051388654"
"101","M-4-11","T0",1,2023-07-20,"Montipora","4","Guano","Ambient",9.707,26.4,53.1,35.10827311,1.02298963340838,2.93,14.914187409916,0,32.7779661," 0.0000000000"
"102","M-4-11","T3",79,2023-10-06,"Montipora","4","Guano","Ambient",9.9225,27.1,52.9,34.96445218,1.02265899386428,2.93,15.2426466512676,0.328459241351622,32.7779661," 0.0100207328"
"103","M-4-12","T0",1,2023-07-20,"Montipora","4","Guano","Ambient",8.55,26.4,53.1,35.10827311,1.02298963340838,2.93,13.1365305815166,0,23.9940678," 0.0000000000"
"104","M-4-12","T3",79,2023-10-06,"Montipora","4","Guano","Ambient",8.7015,27.1,52.9,34.96445218,1.02265899386428,2.93,13.366983102646,0.230452521129415,23.9940678," 0.0096045624"
"105","M-4-15","T0",1,2023-07-20,"Montipora","4","Guano","Heated",10.274,25.1,53,35.03635669,1.02333824895522,2.93,15.7882330117048,0,36.64689266," 0.0000000000"
"106","M-4-15","T3",79,2023-10-06,"Montipora","4","Guano","Heated",10.4595,25.7,53.2,35.18020143,1.02326252680064,2.93,16.0726557435186,0.284422731813846,36.64689266," 0.0077611691"
"107","M-4-16","T0",1,2023-07-20,"Montipora","4","Effluent","Ambient",10.713,26.4,53.1,35.10827311,1.02298963340838,2.93,16.4598423531915,0,33.47062147," 0.0000000000"
"108","M-4-16","T3",79,2023-10-06,"Montipora","4","Effluent","Ambient",11.0065,24.3,53.3,35.25214161,1.02374293978727,2.93,16.9174691457411,0.457626792549583,33.47062147," 0.0136724916"
"109","M-4-17","T0",1,2023-07-20,"Montipora","4","Effluent","Ambient",8.468,26.4,53.1,35.10827311,1.02298963340838,2.93,13.0105428028401,0,24.34943503," 0.0000000000"
"110","M-4-17","T3",79,2023-10-06,"Montipora","4","Effluent","Ambient",8.7875,24.3,53.3,35.25214161,1.02374293978727,2.93,13.5067696468632,0.496226844023127,24.34943503," 0.0203793987"
"111","M-4-2","T0",1,2023-07-20,"Montipora","4","Control","Ambient",9.466,26.4,53.1,35.10827311,1.02298963340838,2.93,14.543906255513,0,29.51497175," 0.0000000000"
"112","M-4-2","T3",79,2023-10-06,"Montipora","4","Control","Ambient",9.5875,25.7,53.2,35.18020143,1.02326252680064,2.93,14.7326915188092,0.188785263296234,29.51497175," 0.0063962542"
"113","M-4-20","T0",1,2023-07-20,"Montipora","4","Effluent","Heated",8.904,25.1,53,35.03635669,1.02333824895522,2.93,13.6829303811777,0,32.12316384," 0.0000000000"
"114","M-4-20","T3",79,2023-10-06,"Montipora","4","Effluent","Heated",9.0775,26.3,53,35.03635669,1.02296685599674,2.93,13.9468341615538,0.263903780376129,32.12316384," 0.0082153732"
"115","M-4-22","T0",1,2023-07-20,"Montipora","4","Control","Heated",8.052,25.1,53,35.03635669,1.02333824895522,2.93,12.3736472854046,0,26.26271186," 0.0000000000"
"116","M-4-22","T3",79,2023-10-06,"Montipora","4","Control","Heated",8.0985,26.3,53,35.03635669,1.02296685599674,2.93,12.4426809647308,0.0690336793261501,26.26271186," 0.0026285815"
"117","M-4-23","T0",1,2023-07-20,"Montipora","4","Inorganic","Heated",9.315,25.1,53,35.03635669,1.02333824895522,2.93,14.3145211703358,0,29.14632768," 0.0000000000"
"118","M-4-23","T3",79,2023-10-06,"Montipora","4","Inorganic","Heated",9.4995,25.7,53.2,35.18020143,1.02326252680064,2.93,14.5974657713615,0.28294460102566,29.14632768," 0.0097077273"
"119","M-4-24","T0",1,2023-07-20,"Montipora","4","Guano","Heated",8.509,25.1,53,35.03635669,1.02333824895522,2.93,13.0759270679965,0,24.15932203," 0.0000000000"
"120","M-4-24","T3",79,2023-10-06,"Montipora","4","Guano","Heated",8.6255,25.7,53.2,35.18020143,1.02326252680064,2.93,13.2544282342101,0.178501166213545,24.15932203," 0.0073885006"
"121","M-4-25","T0",1,2023-07-20,"Montipora","4","Effluent","Heated",8.093,25.1,53,35.03635669,1.02333824895522,2.93,12.4366526925956,0,28.06723164," 0.0000000000"
"122","M-4-25","T3",79,2023-10-06,"Montipora","4","Effluent","Heated",8.3495,26.3,53,35.03635669,1.02296685599674,2.93,12.8283218762758,0.391669183680225,28.06723164," 0.0139546781"
"123","M-4-5","T0",1,2023-07-20,"Montipora","4","Control","Heated",8.484,25.1,53,35.03635669,1.02333824895522,2.93,13.0375091367825,0,23.88305085," 0.0000000000"
"124","M-4-5","T3",79,2023-10-06,"Montipora","4","Control","Heated",8.5775,26.3,53,35.03635669,1.02296685599674,2.93,13.1786251744123,0.141116037629809,23.88305085," 0.0059086269"
"125","M-4-6","T0",1,2023-07-20,"Montipora","4","Inorganic","Ambient",9.646,26.4,53.1,35.10827311,1.02298963340838,2.93,14.8204647940712,0,31.34915254," 0.0000000000"
"126","M-4-6","T3",79,2023-10-06,"Montipora","4","Inorganic","Ambient",9.8795,27.1,52.9,34.96445218,1.02265899386428,2.93,15.1765913420205,0.356126547949247,31.34915254," 0.0113600056"
"127","M-4-7","T0",1,2023-07-20,"Montipora","4","Inorganic","Ambient",8.19,26.4,53.1,35.10827311,1.02298963340838,2.93,12.5834135044001,0,20.65649718," 0.0000000000"
"128","M-4-7","T3",79,2023-10-06,"Montipora","4","Inorganic","Ambient",8.4055,27.1,52.9,34.96445218,1.02265899386428,2.93,12.9122767878286,0.328863283428547,20.65649718," 0.0159205736"
"129","M-5-1","T0",1,2023-07-20,"Montipora","5","Control","Ambient",8.19,26.4,53.1,35.10827311,1.02298963340838,2.93,12.5834135044001,0,26.71666667," 0.0000000000"
"130","M-5-1","T3",79,2023-10-06,"Montipora","5","Control","Ambient",8.7585,25.9,52.9,34.96445218,1.02303762439726,2.93,13.4572162137645,0.873802709364394,26.71666667," 0.0327062773"
"131","M-5-10","T0",1,2023-07-20,"Montipora","5","Inorganic","Heated",8.334,25.1,53,35.03635669,1.02333824895522,2.93,12.8070015494985,0,21.49265537," 0.0000000000"
"132","M-5-10","T3",79,2023-10-06,"Montipora","5","Inorganic","Heated",8.3795,25.7,53.2,35.18020143,1.02326252680064,2.93,12.8764108038448,0.0694092543462599,21.49265537," 0.0032294406"
"133","M-5-11","T0",1,2023-07-20,"Montipora","5","Guano","Ambient",9.178,26.4,53.1,35.10827311,1.02298963340838,2.93,14.1014125938198,0,30.56129944," 0.0000000000"
"134","M-5-11","T3",79,2023-10-06,"Montipora","5","Guano","Ambient",9.7595,27.1,52.9,34.96445218,1.02265899386428,2.93,14.9922509441216,0.890838350301754,30.56129944," 0.0291492301"
"135","M-5-12","T0",1,2023-07-20,"Montipora","5","Guano","Ambient",8.727,26.4,53.1,35.10827311,1.02298963340838,2.93,13.4084798110989,0,22.41186441," 0.0000000000"
"136","M-5-12","T3",79,2023-10-06,"Montipora","5","Guano","Ambient",9.2255,27.1,52.9,34.96445218,1.02265899386428,2.93,14.1719361734713,0.763456362372459,22.41186441," 0.0340648305"
"137","M-5-15","T0",1,2023-07-20,"Montipora","5","Guano","Heated",7.481,25.1,53,35.03635669,1.02333824895522,2.93,11.4961817364769,0,21.04661017," 0.0000000000"
"138","M-5-15","T3",79,2023-10-06,"Montipora","5","Guano","Heated",7.6825,25.7,53.2,35.18020143,1.02326252680064,2.93,11.8053614178098,0.309179681332944,21.04661017," 0.0146902365"
"139","M-5-16","T0",1,2023-07-20,"Montipora","5","Effluent","Ambient",7.973,26.4,53.1,35.10827311,1.02298963340838,2.93,12.2500068218049,0,24.17966102," 0.0000000000"
"140","M-5-16","T3",79,2023-10-06,"Montipora","5","Effluent","Ambient",8.1345,24.3,53.3,35.25214161,1.02374293978727,2.93,12.5030802494917,0.253073427686846,24.17966102," 0.0104663762"
"141","M-5-17","T0",1,2023-07-20,"Montipora","5","Effluent","Ambient",10.518,26.4,53.1,35.10827311,1.02298963340838,2.93,16.1602372697534,0,26.96581921," 0.0000000000"
"142","M-5-17","T3",79,2023-10-06,"Montipora","5","Effluent","Ambient",11.3685,24.3,53.3,35.25214161,1.02374293978727,2.93,17.4738788882349,1.3136416184815,26.96581921," 0.0487150644"
"143","M-5-2","T0",1,2023-07-20,"Montipora","5","Control","Ambient",8.333,26.4,53.1,35.10827311,1.02298963340838,2.93,12.8031238989214,0,23.57627119," 0.0000000000"
"144","M-5-2","T3",79,2023-10-06,"Montipora","5","Control","Ambient",8.8835,25.9,52.9,34.96445218,1.02303762439726,2.93,13.6492755877122,0.84615168879078,23.57627119," 0.0358899710"
"145","M-5-20","T0",1,2023-07-20,"Montipora","5","Effluent","Heated",9.008,25.1,53,35.03635669,1.02333824895522,2.93,13.8427489750279,0,22.65169492," 0.0000000000"
"146","M-5-20","T3",79,2023-10-06,"Montipora","5","Effluent","Heated",9.3685,26.3,53,35.03635669,1.02296685599674,2.93,14.3939317920702,0.551182817042246,22.65169492," 0.0243329614"
"147","M-5-22","T0",1,2023-07-20,"Montipora","5","Control","Heated",8.512,25.1,53,35.03635669,1.02333824895522,2.93,13.0805372197422,0,20.37853107," 0.0000000000"
"148","M-5-22","T3",79,2023-10-06,"Montipora","5","Control","Heated",8.5025,26.3,53,35.03635669,1.02296685599674,2.93,13.0633938263411,-0.0171433934010974,20.37853107,"-0.0008412477"
"149","M-5-23","T0",1,2023-07-20,"Montipora","5","Inorganic","Heated",11.69,25.1,53,35.03635669,1.02333824895522,2.93,17.9642246356657,0,25.88022599," 0.0000000000"
"150","M-5-23","T3",79,2023-10-06,"Montipora","5","Inorganic","Heated",11.8525,25.7,53.2,35.18020143,1.02326252680064,2.93,18.2132178593675,0.248993223701866,25.88022599," 0.0096209834"
"151","M-5-24","T0",1,2023-07-20,"Montipora","5","Guano","Heated",8.204,25.1,53,35.03635669,1.02333824895522,2.93,12.6072283071857,0,13.38248588," 0.0000000000"
"152","M-5-24","T3",79,2023-10-06,"Montipora","5","Guano","Heated",8.4195,25.7,53.2,35.18020143,1.02326252680064,2.93,12.9378770526847,0.330648745498936,13.38248588," 0.0247075729"
"153","M-5-25","T0",1,2023-07-20,"Montipora","5","Effluent","Heated",8.59,25.1,53,35.03635669,1.02333824895522,2.93,13.2004011651299,0,18.74491525," 0.0000000000"
"154","M-5-25","T3",79,2023-10-06,"Montipora","5","Effluent","Heated",8.8365,26.3,53,35.03635669,1.02296685599674,2.93,13.5765574297516,0.37615626462175,18.74491525," 0.0200671094"
"155","M-5-5","T0",1,2023-07-20,"Montipora","5","Control","Heated",9.364,25.1,53,35.03635669,1.02333824895522,2.93,14.3898203155153,0,31.11242938," 0.0000000000"
"156","M-5-5","T3",79,2023-10-06,"Montipora","5","Control","Heated",9.4325,26.3,53,35.03635669,1.02296685599674,2.93,14.4922625424243,0.102442226909018,31.11242938," 0.0032926463"
"157","M-5-6","T0",1,2023-07-20,"Montipora","5","Inorganic","Ambient",9.559,26.4,53.1,35.10827311,1.02298963340838,2.93,14.6867948337681,0,35.61666667," 0.0000000000"
"158","M-5-6","T3",79,2023-10-06,"Montipora","5","Inorganic","Ambient",10.0645,27.1,52.9,34.96445218,1.02265899386428,2.93,15.4607827887813,0.773987955013247,35.61666667," 0.0217310610"
"159","M-5-7","T0",1,2023-07-20,"Montipora","5","Inorganic","Ambient",8.754,26.4,53.1,35.10827311,1.02298963340838,2.93,13.4499635918826,0,39.69039548," 0.0000000000"
"160","M-5-7","T3",79,2023-10-06,"Montipora","5","Inorganic","Ambient",9.4585,27.1,52.9,34.96445218,1.02265899386428,2.93,14.5298637793917,1.07990018750914,39.69039548," 0.0272080984"
"161","M-6-1","T0",1,2023-07-20,"Montipora","6","Control","Ambient",9.454,26.4,53.1,35.10827311,1.02298963340838,2.93,14.5254690196091,0,27.47909605," 0.0000000000"
"162","M-6-1","T3",79,2023-10-06,"Montipora","6","Control","Ambient",9.3585,25.9,52.9,34.96445218,1.02303762439726,2.93,14.3791012087133,-0.14636781089585,27.47909605,"-0.0053265148"
"163","M-6-10","T0",1,2023-07-20,"Montipora","6","Inorganic","Heated",10.406,25.1,53,35.03635669,1.02333824895522,2.93,15.9910796885147,0,43.38474576," 0.0000000000"
"164","M-6-11","T0",1,2023-07-20,"Montipora","6","Guano","Ambient",8.986,26.4,53.1,35.10827311,1.02298963340838,2.93,13.8064168193577,0,29.21242938," 0.0000000000"
"165","M-6-11","T3",79,2023-10-06,"Montipora","6","Guano","Ambient",9.1735,27.1,52.9,34.96445218,1.02265899386428,2.93,14.0920553343818,0.285638515024116,29.21242938," 0.0097779788"
"166","M-6-12","T0",1,2023-07-20,"Montipora","6","Guano","Ambient",10.685,26.4,53.1,35.10827311,1.02298963340838,2.93,16.4168221360824,0,43.41723164," 0.0000000000"
"167","M-6-12","T3",79,2023-10-06,"Montipora","6","Guano","Ambient",11.0815,27.1,52.9,34.96445218,1.02265899386428,2.93,17.0230676609747,0.606245524892312,43.41723164," 0.0139632469"
"168","M-6-15","T0",1,2023-07-20,"Montipora","6","Guano","Heated",8.408,25.1,53,35.03635669,1.02333824895522,2.93,12.920718625892,0,20.09039548," 0.0000000000"
"169","M-6-16","T0",1,2023-07-20,"Montipora","6","Effluent","Ambient",9.18,26.4,53.1,35.10827311,1.02298963340838,2.93,14.1044854664704,0,32.37824859," 0.0000000000"
"170","M-6-16","T3",79,2023-10-06,"Montipora","6","Effluent","Ambient",9.4125,24.3,53.3,35.25214161,1.02374293978727,2.93,14.4674218265832,0.362936360112739,32.37824859," 0.0112092647"
"171","M-6-17","T0",1,2023-07-20,"Montipora","6","Effluent","Ambient",10.168,26.4,53.1,35.10827311,1.02298963340838,2.93,15.6224845558901,0,52.39689266," 0.0000000000"
"172","M-6-17","T3",79,2023-10-06,"Montipora","6","Effluent","Ambient",10.9615,24.3,53.3,35.25214161,1.02374293978727,2.93,16.8483021888012,1.22581763291109,52.39689266," 0.0233948536"
"173","M-6-2","T0",1,2023-07-20,"Montipora","6","Control","Ambient",9.761,26.4,53.1,35.10827311,1.02298963340838,2.93,14.9971549714834,0,57.35," 0.0000000000"
"174","M-6-2","T3",79,2023-10-06,"Montipora","6","Control","Ambient",10.3455,25.9,52.9,34.96445218,1.02303762439726,2.93,15.895602025404,0.898447053920519,57.35," 0.0156660341"
"175","M-6-20","T0",1,2023-07-20,"Montipora","6","Effluent","Heated",9.395,25.1,53,35.03635669,1.02333824895522,2.93,14.4374585502206,0,29.58785311," 0.0000000000"
"176","M-6-20","T3",79,2023-10-06,"Montipora","6","Effluent","Heated",9.5375,26.3,53,35.03635669,1.02296685599674,2.93,14.653586429724,0.216127879503372,29.58785311," 0.0073046151"
"177","M-6-22","T0",1,2023-07-20,"Montipora","6","Control","Heated",10.283,25.1,53,35.03635669,1.02333824895522,2.93,15.8020634669418,0,49.44491525," 0.0000000000"
"178","M-6-23","T0",1,2023-07-20,"Montipora","6","Inorganic","Heated",10.012,25.1,53,35.03635669,1.02333824895522,2.93,15.3856130925821,0,33.53248588," 0.0000000000"
"179","M-6-23","T3",79,2023-10-06,"Montipora","6","Inorganic","Heated",10.0015,25.7,53.2,35.18020143,1.02326252680064,2.93,15.368867194302,-0.0167458982801012,33.53248588,"-0.0004993933"
"180","M-6-24","T0",1,2023-07-20,"Montipora","6","Guano","Heated",13.206,25.1,53,35.03635669,1.02333824895522,2.93,20.2938879844825,0,41.9259887," 0.0000000000"
"181","M-6-25","T0",1,2023-07-20,"Montipora","6","Effluent","Heated",9.886,25.1,53,35.03635669,1.02333824895522,2.93,15.1919867192635,0,40.89661017," 0.0000000000"
"182","M-6-25","T3",79,2023-10-06,"Montipora","6","Effluent","Heated",10.0625,26.3,53,35.03635669,1.02296685599674,2.93,15.4602058662226,0.268219146959011,40.89661017," 0.0065584689"
"183","M-6-5","T0",1,2023-07-20,"Montipora","6","Control","Heated",10.245,25.1,53,35.03635669,1.02333824895522,2.93,15.7436682114966,0,64.41214689," 0.0000000000"
"184","M-6-6","T0",1,2023-07-20,"Montipora","6","Inorganic","Ambient",9.95,26.4,53.1,35.10827311,1.02298963340838,2.93,15.2875414369696,0,39.44971751," 0.0000000000"
"185","M-6-6","T3",79,2023-10-06,"Montipora","6","Inorganic","Ambient",10.3065,27.1,52.9,34.96445218,1.02265899386428,2.93,15.8325359245442,0.544994487574565,39.44971751," 0.0138149148"
"186","M-6-7","T0",1,2023-07-20,"Montipora","6","Inorganic","Ambient",10.072,26.4,53.1,35.10827311,1.02298963340838,2.93,15.4749866686591,0,46.33305085," 0.0000000000"
"187","M-6-7","T3",79,2023-10-06,"Montipora","6","Inorganic","Ambient",10.4725,27.1,52.9,34.96445218,1.02265899386428,2.93,16.0875401416377,0.612553472978604,46.33305085," 0.0132206592"
"188","M-7-1","T0",1,2023-07-20,"Montipora","7","Control","Ambient",8.42,26.4,53.1,35.10827311,1.02298963340838,2.93,12.9367938592245,0,18.08389831," 0.0000000000"
"189","M-7-1","T3",79,2023-10-06,"Montipora","7","Control","Ambient",8.6345,24.3,53.3,35.25214161,1.02374293978727,2.93,13.2716019932677,0.334808134043206,18.08389831," 0.0185141571"
"190","M-7-10","T0",1,2023-07-20,"Montipora","7","Inorganic","Heated",10.057,25.1,53,35.03635669,1.02333824895522,2.93,15.4547653687673,0,41.82033898," 0.0000000000"
"191","M-7-10","T3",79,2023-10-06,"Montipora","7","Inorganic","Heated",10.4825,25.7,53.2,35.18020143,1.02326252680064,2.93,16.1079988366016,0.653233467834282,41.82033898," 0.0156199946"
"192","M-7-11","T0",1,2023-07-20,"Montipora","7","Guano","Ambient",9.812,26.4,53.1,35.10827311,1.02298963340838,2.93,15.0755132240749,0,29.96581921," 0.0000000000"
"193","M-7-11","T3",79,2023-10-06,"Montipora","7","Guano","Ambient",10.1555,24.3,53.3,35.25214161,1.02374293978727,2.93,15.6094451378343,0.533931913759373,29.96581921," 0.0178180316"
"194","M-7-12","T0",1,2023-07-20,"Montipora","7","Guano","Ambient",10.746,26.4,53.1,35.10827311,1.02298963340838,2.93,16.5105447519272,0,36.08531073," 0.0000000000"
"195","M-7-12","T3",79,2023-10-06,"Montipora","7","Guano","Ambient",11.2865,24.3,53.3,35.25214161,1.02374293978727,2.93,17.3478413222556,0.837296570328462,36.08531073," 0.0232032523"
"196","M-7-15","T0",1,2023-07-20,"Montipora","7","Guano","Heated",9.263,25.1,53,35.03635669,1.02333824895522,2.93,14.2346118734107,0,30.7240113," 0.0000000000"
"197","M-7-16","T0",1,2023-07-20,"Montipora","7","Effluent","Ambient",8.434,26.4,53.1,35.10827311,1.02298963340838,2.93,12.9583039677791,0,19.02514124," 0.0000000000"
"198","M-7-16","T3",79,2023-10-06,"Montipora","7","Effluent","Ambient",8.6635,27.1,52.9,34.96445218,1.02265899386428,2.93,13.3086086433113,0.350304675532289,19.02514124," 0.0184127240"
"199","M-7-17","T0",1,2023-07-20,"Montipora","7","Effluent","Ambient",10.187,26.4,53.1,35.10827311,1.02298963340838,2.93,15.6516768460713,0,41.05847458," 0.0000000000"
"200","M-7-17","T3",79,2023-10-06,"Montipora","7","Effluent","Ambient",10.0105,27.1,52.9,34.96445218,1.02265899386428,2.93,15.3778296097268,-0.273847236344478,41.05847458,"-0.0066696885"
"201","M-7-2","T0",1,2023-07-20,"Montipora","7","Control","Ambient",8.223,26.4,53.1,35.10827311,1.02298963340838,2.93,12.6341159031358,0,31.84067797," 0.0000000000"
"202","M-7-2","T3",79,2023-10-06,"Montipora","7","Control","Ambient",8.3695,24.3,53.3,35.25214161,1.02374293978727,2.93,12.8642854690664,0.230169565930668,31.84067797," 0.0072287897"
"203","M-7-20","T0",1,2023-07-20,"Montipora","7","Effluent","Heated",10.093,25.1,53,35.03635669,1.02333824895522,2.93,15.5100871897155,0,36.72542373," 0.0000000000"
"204","M-7-20","T3",79,2023-10-06,"Montipora","7","Effluent","Heated",10.3025,25.7,53.2,35.18020143,1.02326252680064,2.93,15.8314007168221,0.321313527106657,36.72542373," 0.0087490761"
"205","M-7-22","T0",1,2023-07-20,"Montipora","7","Control","Heated",9.493,25.1,53,35.03635669,1.02333824895522,2.93,14.5880568405795,0,30.32514124," 0.0000000000"
"206","M-7-22","T3",79,2023-10-06,"Montipora","7","Control","Heated",9.4905,26.3,53,35.03635669,1.02296685599674,2.93,14.5813747849327,-0.00668205564680235,30.32514124,"-0.0002203471"
"207","M-7-23","T0",1,2023-07-20,"Montipora","7","Inorganic","Heated",8.25,25.1,53,35.03635669,1.02333824895522,2.93,12.6779173006195,0,25.89661017," 0.0000000000"
"208","M-7-24","T0",1,2023-07-20,"Montipora","7","Guano","Heated",9.879,25.1,53,35.03635669,1.02333824895522,2.93,15.1812296985236,0,36.04576271," 0.0000000000"
"209","M-7-25","T0",1,2023-07-20,"Montipora","7","Effluent","Heated",8.517,25.1,53,35.03635669,1.02333824895522,2.93,13.088220805985,0,23.19632768," 0.0000000000"
"210","M-7-25","T3",79,2023-10-06,"Montipora","7","Effluent","Heated",8.9795,25.7,53.2,35.18020143,1.02326252680064,2.93,13.798404536443,0.710183730458022,23.19632768," 0.0306162139"
"211","M-7-5","T0",1,2023-07-20,"Montipora","7","Control","Heated",10.323,25.1,53,35.03635669,1.02333824895522,2.93,15.8635321568842,0,38.11864407," 0.0000000000"
"212","M-7-5","T3",79,2023-10-06,"Montipora","7","Control","Heated",10.6445,26.3,53,35.03635669,1.02296685599674,2.93,16.3544011272553,0.490868970371016,38.11864407," 0.0128773985"
"213","M-7-6","T0",1,2023-07-20,"Montipora","7","Inorganic","Ambient",9.464,26.4,53.1,35.10827311,1.02298963340838,2.93,14.5408333828623,0,36.70875706," 0.0000000000"
"214","M-7-6","T3",79,2023-10-06,"Montipora","7","Inorganic","Ambient",9.7165,27.1,52.9,34.96445218,1.02265899386428,2.93,14.9261956348744,0.385362252012094,36.70875706," 0.0104978289"
"215","M-7-7","T0",1,2023-07-20,"Montipora","7","Inorganic","Ambient",8.313,26.4,53.1,35.10827311,1.02298963340838,2.93,12.7723951724149,0,24.41779661," 0.0000000000"
"216","M-7-7","T3",79,2023-10-06,"Montipora","7","Inorganic","Ambient",8.8475,27.1,52.9,34.96445218,1.02265899386428,2.93,13.5912639200897,0.818868747674795,24.41779661," 0.0335357346"
"217","M-8-1","T0",1,2023-07-20,"Montipora","8","Control","Ambient",10.244,26.4,53.1,35.10827311,1.02298963340838,2.93,15.7392537166147,0,32.83276836," 0.0000000000"
"218","M-8-1","T3",79,2023-10-06,"Montipora","8","Control","Ambient",10.8705,24.3,53.3,35.25214161,1.02374293978727,2.93,16.708431231434,0.969177514819265,32.83276836," 0.0295186048"
"219","M-8-10","T0",1,2023-07-20,"Montipora","8","Inorganic","Heated",10.421,25.1,53,35.03635669,1.02333824895522,2.93,16.0141304472431,0,46.63672316," 0.0000000000"
"220","M-8-10","T3",79,2023-10-06,"Montipora","8","Inorganic","Heated",11.2735,25.7,53.2,35.18020143,1.02326252680064,2.93,17.3234939074102,1.30936346016713,46.63672316," 0.0280758032"
"221","M-8-11","T0",1,2023-07-20,"Montipora","8","Guano","Ambient",10.561,26.4,53.1,35.10827311,1.02298963340838,2.93,16.2263040317423,0,35.98926554," 0.0000000000"
"222","M-8-11","T3",79,2023-10-06,"Montipora","8","Guano","Ambient",11.4155,24.3,53.3,35.25214161,1.02374293978727,2.93,17.5461199321498,1.31981590040753,35.98926554," 0.0366724878"
"223","M-8-12","T0",1,2023-07-20,"Montipora","8","Guano","Ambient",10.277,26.4,53.1,35.10827311,1.02298963340838,2.93,15.7899561153504,0,30.25169492," 0.0000000000"
"224","M-8-12","T3",79,2023-10-06,"Montipora","8","Guano","Ambient",10.8735,24.3,53.3,35.25214161,1.02374293978727,2.93,16.7130423618967,0.923086246546244,30.25169492," 0.0305135381"
"225","M-8-15","T0",1,2023-07-20,"Montipora","8","Guano","Heated",12.604,25.1,53,35.03635669,1.02333824895522,2.93,19.3687842008495,0,31.94463277," 0.0000000000"
"226","M-8-15","T3",79,2023-10-06,"Montipora","8","Guano","Heated",13.1605,26.3,53,35.03635669,1.02296685599674,2.93,20.2200287505513,0.851244549701796,31.94463277," 0.0266474984"
"227","M-8-16","T0",1,2023-07-20,"Montipora","8","Effluent","Ambient",16.964,26.4,53.1,35.10827311,1.02298963340838,2.93,26.0641058227892,0,45.53700565," 0.0000000000"
"228","M-8-16","T3",79,2023-10-06,"Montipora","8","Effluent","Ambient",18.2805,27.1,52.9,34.96445218,1.02265899386428,2.93,28.0819553649279,2.01784954213874,45.53700565," 0.0443123019"
"229","M-8-17","T0",1,2023-07-20,"Montipora","8","Effluent","Ambient",9.367,26.4,53.1,35.10827311,1.02298963340838,2.93,14.391799059306,0,43.08107345," 0.0000000000"
"230","M-8-17","T3",79,2023-10-06,"Montipora","8","Effluent","Ambient",10.3845,27.1,52.9,34.96445218,1.02265899386428,2.93,15.9523571831785,1.56055812387251,43.08107345," 0.0362237521"
"231","M-8-2","T0",1,2023-07-20,"Montipora","8","Control","Ambient",8.169,26.4,53.1,35.10827311,1.02298963340838,2.93,12.5511483415683,0,35.7200565," 0.0000000000"
"232","M-8-2","T3",79,2023-10-06,"Montipora","8","Control","Ambient",9.4955,25.7,53.2,35.18020143,1.02326252680064,2.93,14.5913191464775,2.04017080490918,35.7200565," 0.0571155537"
"233","M-8-20","T0",1,2023-07-20,"Montipora","8","Effluent","Heated",9.014,25.1,53,35.03635669,1.02333824895522,2.93,13.8519692785193,0,25.66355932," 0.0000000000"
"234","M-8-20","T3",79,2023-10-06,"Montipora","8","Effluent","Heated",9.5295,25.7,53.2,35.18020143,1.02326252680064,2.93,14.6435654579914,0.79159617947211,25.66355932," 0.0308451439"
"235","M-8-22","T0",1,2023-07-20,"Montipora","8","Control","Heated",9.142,25.1,53,35.03635669,1.02333824895522,2.93,14.048669086335,0,31.06779661," 0.0000000000"
"236","M-8-22","T3",79,2023-10-06,"Montipora","8","Control","Heated",9.7155,26.3,53,35.03635669,1.02296685599674,2.93,14.9270688291464,0.878399742811411,31.06779661," 0.0282736415"
"237","M-8-23","T0",1,2023-07-20,"Montipora","8","Inorganic","Heated",9.368,25.1,53,35.03635669,1.02333824895522,2.93,14.3959671845095,0,29.37344633," 0.0000000000"
"238","M-8-23","T3",79,2023-10-06,"Montipora","8","Inorganic","Heated",9.8295,25.7,53.2,35.18020143,1.02326252680064,2.93,15.1045623242905,0.708595139781005,29.37344633," 0.0241236637"
"239","M-8-24","T0",1,2023-07-20,"Montipora","8","Guano","Heated",8.83,25.1,53,35.03635669,1.02333824895522,2.93,13.5692133047843,0,26.20169492," 0.0000000000"
"240","M-8-24","T3",79,2023-10-06,"Montipora","8","Guano","Heated",9.2005,26.3,53,35.03635669,1.02296685599674,2.93,14.1358135723906,0.56660026760637,26.20169492," 0.0216245655"
"241","M-8-25","T0",1,2023-07-20,"Montipora","8","Effluent","Heated",10.196,25.1,53,35.03635669,1.02333824895522,2.93,15.6683690663171,0,27.95988701," 0.0000000000"
"242","M-8-25","T3",79,2023-10-06,"Montipora","8","Effluent","Heated",11.1565,25.7,53.2,35.18020143,1.02326252680064,2.93,17.1437051295536,1.47533606323646,27.95988701," 0.0527661669"
"243","M-8-5","T0",1,2023-07-20,"Montipora","8","Control","Heated",9.926,25.1,53,35.03635669,1.02333824895522,2.93,15.2534554092059,0,38.66327684," 0.0000000000"
"244","M-8-5","T3",79,2023-10-06,"Montipora","8","Control","Heated",10.7485,26.3,53,35.03635669,1.02296685599674,2.93,16.5141885965807,1.26073318737474,38.66327684," 0.0326080273"
"245","M-8-6","T0",1,2023-07-20,"Montipora","8","Inorganic","Ambient",10.138,26.4,53.1,35.10827311,1.02298963340838,2.93,15.5763914661304,0,35.19180791," 0.0000000000"
"246","M-8-6","T3",79,2023-10-06,"Montipora","8","Inorganic","Ambient",11.0285,27.1,52.9,34.96445218,1.02265899386428,2.93,16.9416506519027,1.36525918577228,35.19180791," 0.0387948010"
"247","M-8-7","T0",1,2023-07-20,"Montipora","8","Inorganic","Ambient",11.603,26.4,53.1,35.10827311,1.02298963340838,2.93,17.8272706827295,0,43.70423729," 0.0000000000"
"248","M-8-7","T3",79,2023-10-06,"Montipora","8","Inorganic","Ambient",12.5715,27.1,52.9,34.96445218,1.02265899386428,2.93,19.3119609348864,1.48469025215695,43.70423729," 0.0339713113"
"249","M-9-1","T0",1,2023-07-20,"Montipora","9","Control","Ambient",9.531,26.4,53.1,35.10827311,1.02298963340838,2.93,14.643774616659,0,27.84152542," 0.0000000000"
"250","M-9-1","T3",79,2023-10-06,"Montipora","9","Control","Ambient",9.5375,24.3,53.3,35.25214161,1.02374293978727,2.93,14.6595522625272,0.0157776458681624,27.84152542," 0.0005666947"
"251","M-9-10","T0",1,2023-07-20,"Montipora","9","Inorganic","Heated",7.696,25.1,53,35.03635669,1.02333824895522,2.93,11.8265759449173,0,27.83361582," 0.0000000000"
"252","M-9-10","T3",79,2023-10-06,"Montipora","9","Inorganic","Heated",8.0715,25.7,53.2,35.18020143,1.02326252680064,2.93,12.4031206877777,0.57654474286041,27.83361582," 0.0207139721"
"253","M-9-11","T0",1,2023-07-20,"Montipora","9","Guano","Ambient",7.185,26.4,53.1,35.10827311,1.02298963340838,2.93,11.0392949974499,0,21.24039548," 0.0000000000"
"254","M-9-11","T3",79,2023-10-06,"Montipora","9","Guano","Ambient",7.5545,24.3,53.3,35.25214161,1.02374293978727,2.93,11.6115950267116,0.572300029261664,21.24039548," 0.0269439441"
"255","M-9-12","T0",1,2023-07-20,"Montipora","9","Guano","Ambient",8.756,26.4,53.1,35.10827311,1.02298963340838,2.93,13.4530364645332,0,46.35423729," 0.0000000000"
"256","M-9-12","T3",79,2023-10-06,"Montipora","9","Guano","Ambient",9.6275,24.3,53.3,35.25214161,1.02374293978727,2.93,14.7978861764069,1.34484971187361,46.35423729," 0.0290124440"
"257","M-9-15","T0",1,2023-07-20,"Montipora","9","Guano","Heated",7.384,25.1,53,35.03635669,1.02333824895522,2.93,11.3471201633666,0,14.95," 0.0000000000"
"258","M-9-15","T3",79,2023-10-06,"Montipora","9","Guano","Heated",7.2765,26.3,53,35.03635669,1.02296685599674,2.93,11.1797453898702,-0.167374773496427,14.95,"-0.0111956370"
"259","M-9-16","T0",1,2023-07-20,"Montipora","9","Effluent","Ambient",9.509,26.4,53.1,35.10827311,1.02298963340838,2.93,14.6099730175019,0,36.2579096," 0.0000000000"
"260","M-9-16","T3",79,2023-10-06,"Montipora","9","Effluent","Ambient",9.9285,27.1,52.9,34.96445218,1.02265899386428,2.93,15.2518636711625,0.641890653660639,36.2579096," 0.0177034656"
"261","M-9-17","T0",1,2023-07-20,"Montipora","9","Effluent","Ambient",9.564,26.4,53.1,35.10827311,1.02298963340838,2.93,14.6944770153947,0,46.46327684," 0.0000000000"
"262","M-9-17","T3",79,2023-10-06,"Montipora","9","Effluent","Ambient",10.3185,27.1,52.9,34.96445218,1.02265899386428,2.93,15.8509699643341,1.15649294893936,46.46327684," 0.0248904732"
"263","M-9-2","T0",1,2023-07-20,"Montipora","9","Control","Ambient",8.95,26.4,53.1,35.10827311,1.02298963340838,2.93,13.751105111646,0,25.31129944," 0.0000000000"
"264","M-9-2","T3",79,2023-10-06,"Montipora","9","Control","Ambient",9.2305,24.3,53.3,35.25214161,1.02374293978727,2.93,14.1876799118487,0.436574800202701,25.31129944," 0.0172482176"
"265","M-9-20","T0",1,2023-07-20,"Montipora","9","Effluent","Heated",10.094,25.1,53,35.03635669,1.02333824895522,2.93,15.511623906964,0,46.85169492," 0.0000000000"
"266","M-9-20","T3",79,2023-10-06,"Montipora","9","Effluent","Heated",10.7125,25.7,53.2,35.18020143,1.02326252680064,2.93,16.4614297674309,0.949805860466888,46.85169492," 0.0202726041"
"267","M-9-22","T0",1,2023-07-20,"Montipora","9","Control","Heated",9.819,25.1,53,35.03635669,1.02333824895522,2.93,15.08902666361,0,44.97514124," 0.0000000000"
"268","M-9-22","T3",79,2023-10-06,"Montipora","9","Control","Heated",10.4045,26.3,53,35.03635669,1.02296685599674,2.93,15.9856608134273,0.896634149817306,44.97514124," 0.0199362164"
"269","M-9-23","T0",1,2023-07-20,"Montipora","9","Inorganic","Heated",9.306,25.1,53,35.03635669,1.02333824895522,2.93,14.3006907150988,0,34.65112994," 0.0000000000"
"270","M-9-23","T3",79,2023-10-06,"Montipora","9","Inorganic","Heated",9.7205,25.7,53.2,35.18020143,1.02326252680064,2.93,14.9370667962018,0.636376081103045,34.65112994," 0.0183652332"
"271","M-9-24","T0",1,2023-07-20,"Montipora","9","Guano","Heated",10.187,25.1,53,35.03635669,1.02333824895522,2.93,15.6545386110801,0,35.68644068," 0.0000000000"
"272","M-9-24","T3",79,2023-10-06,"Montipora","9","Guano","Heated",10.9435,26.3,53,35.03635669,1.02296685599674,2.93,16.8137901015659,1.15925149048578,35.68644068," 0.0324843685"
"273","M-9-25","T0",1,2023-07-20,"Montipora","9","Effluent","Heated",10.664,25.1,53,35.03635669,1.02333824895522,2.93,16.3875527386432,0,27.02316384," 0.0000000000"
"274","M-9-25","T3",79,2023-10-06,"Montipora","9","Effluent","Heated",11.2875,25.7,53.2,35.18020143,1.02326252680064,2.93,17.3450070945042,0.957454355861024,27.02316384," 0.0354308756"
"275","M-9-5","T0",1,2023-07-20,"Montipora","9","Control","Heated",9.447,25.1,53,35.03635669,1.02333824895522,2.93,14.5173678471457,0,46.47118644," 0.0000000000"
"276","M-9-5","T3",79,2023-10-06,"Montipora","9","Control","Heated",10.1515,26.3,53,35.03635669,1.02296685599674,2.93,15.5969470659337,1.07957921878801,46.47118644," 0.0232311525"
"277","M-9-6","T0",1,2023-07-20,"Montipora","9","Inorganic","Ambient",10.659,26.4,53.1,35.10827311,1.02298963340838,2.93,16.376874791624,0,58.14887006," 0.0000000000"
"278","M-9-6","T3",79,2023-10-06,"Montipora","9","Inorganic","Ambient",11.3655,27.1,52.9,34.96445218,1.02265899386428,2.93,17.4593399360022,1.08246514437819,58.14887006," 0.0186154115"
"279","M-9-7","T0",1,2023-07-20,"Montipora","9","Inorganic","Ambient",8.649,26.4,53.1,35.10827311,1.02298963340838,2.93,13.2886377777236,0,28.79943503," 0.0000000000"
"280","M-9-7","T3",79,2023-10-06,"Montipora","9","Inorganic","Ambient",8.9475,27.1,52.9,34.96445218,1.02265899386428,2.93,13.7448809183388,0.456243140615182,28.79943503," 0.0158420865"
"281","P-1-1","T0",1,2023-07-20,"Porites","1","Control","Ambient",9.556,26.1,53.6,35.4680332,1.02335520574369,2.93,14.6850006274614,0,20.18536585," 0.0000000000"
"282","P-1-1","T3",80,2023-10-07,"Porites","1","Control","Ambient",10.1261,24.5,52.7,34.82067898,1.02335662945515,2.93,15.5611025419618,0.876101914500328,20.18536585," 0.0434028256"
"283","P-1-10","T0",1,2023-07-20,"Porites","1","Inorganic","Heated",8.088,25.8,53,35.03635669,1.02312294916878,2.93,12.4275657886123,0,19.38853659," 0.0000000000"
"284","P-1-10","T3",80,2023-10-07,"Porites","1","Inorganic","Heated",8.1431,24.5,52.7,34.82067898,1.02335662945515,2.93,12.5137628612643,0.086197072652066,19.38853659," 0.0044457751"
"285","P-1-11","T0",1,2023-07-20,"Porites","1","Guano","Ambient",9.448,26.1,53.6,35.4680332,1.02335520574369,2.93,14.5190336885994,0,18.44121951," 0.0000000000"
"286","P-1-11","T3",80,2023-10-07,"Porites","1","Guano","Ambient",9.8381,24.5,52.7,34.82067898,1.02335662945515,2.93,15.1185237078514,0.599490019252016,18.44121951," 0.0325081548"
"287","P-1-12","T0",1,2023-07-20,"Porites","1","Guano","Ambient",9.256,26.1,53.6,35.4680332,1.02335520574369,2.93,14.2239813528446,0,19.6502439," 0.0000000000"
"288","P-1-12","T3",81,2023-10-08,"Porites","1","Guano","Ambient",10.0158143,26.4,53.5,35.39605752,1.02320664701055,2.93,15.390412313422,1.16643096057735,19.6502439," 0.0593596174"
"289","P-1-15","T0",1,2023-07-20,"Porites","1","Guano","Heated",10.567,25.8,53,35.03635669,1.02312294916878,2.93,16.2366577260467,0,32.58731707," 0.0000000000"
"290","P-1-15","T3",80,2023-10-07,"Porites","1","Guano","Heated",10.8601,24.5,52.7,34.82067898,1.02335662945515,2.93,16.6890638761181,0.452406150071322,32.58731707," 0.0138828904"
"291","P-1-16","T0",1,2023-07-20,"Porites","1","Effluent","Ambient",8.711,26.1,53.6,35.4680332,1.02335520574369,2.93,13.3864630039574,0,18.35390244," 0.0000000000"
"292","P-1-16","T3",80,2023-10-07,"Porites","1","Effluent","Ambient",9.2711,25.1,53,35.03635669,1.02333824895522,2.93,14.247059283124,0.860596279166661,18.35390244," 0.0468890080"
"293","P-1-17","T0",1,2023-07-20,"Porites","1","Effluent","Ambient",8.793,26.1,53.6,35.4680332,1.02335520574369,2.93,13.5124749390193,0,13.32073171," 0.0000000000"
"294","P-1-17","T3",81,2023-10-08,"Porites","1","Effluent","Ambient",9.2778143,26.8,52.9,34.96445218,1.02275467725174,2.93,14.2530148454259,0.740539906406587,13.32073171," 0.0555930352"
"295","P-1-2","T0",1,2023-07-20,"Porites","1","Control","Ambient",7.874,26.1,53.6,35.4680332,1.02335520574369,2.93,12.1002192277764,0,12.37146341," 0.0000000000"
"296","P-1-2","T3",81,2023-10-08,"Porites","1","Control","Ambient",8.3408143,26.4,53.5,35.39605752,1.02320664701055,2.93,12.8165885730016,0.716369345225187,12.37146341," 0.0579049803"
"297","P-1-20","T0",1,2023-07-20,"Porites","1","Effluent","Heated",8.395,25.8,53,35.03635669,1.02312294916878,2.93,12.8992847175322,0,18.60731707," 0.0000000000"
"298","P-1-22","T0",1,2023-07-20,"Porites","1","Control","Heated",9.585,25.8,53,35.03635669,1.02312294916878,2.93,14.7277717710001,0,17.36658537," 0.0000000000"
"299","P-1-22","T3",81,2023-10-08,"Porites","1","Control","Heated",9.9578143,26.4,53.5,35.39605752,1.02320664701055,2.93,15.3012888645,0.573517093499861,17.36658537," 0.0330241715"
"300","P-1-23","T0",1,2023-07-20,"Porites","1","Inorganic","Heated",8.832,25.8,53,35.03635669,1.02312294916878,2.93,13.5707543329653,0,22.95926829," 0.0000000000"
"301","P-1-23","T3",81,2023-10-08,"Porites","1","Inorganic","Heated",9.2168143,26.4,53.5,35.39605752,1.02320664701055,2.93,14.1626599739618,0.591905640996407,22.95926829," 0.0257806840"
"302","P-1-24","T0",1,2023-07-20,"Porites","1","Guano","Heated",9.974,25.8,53,35.03635669,1.02312294916878,2.93,15.3254872867976,0,31.16926829," 0.0000000000"
"303","P-1-24","T3",81,2023-10-08,"Porites","1","Guano","Heated",10.4428143,26.4,53.5,35.39605752,1.02320664701055,2.93,16.0465452908306,0.721058004033038,31.16926829," 0.0231336199"
"304","P-1-25","T0",1,2023-07-20,"Porites","1","Effluent","Heated",8.559,25.8,53,35.03635669,1.02312294916878,2.93,13.1512778912874,0,16.65439024," 0.0000000000"
"305","P-1-5","T0",1,2023-07-20,"Porites","1","Control","Heated",7.65,25.8,53,35.03635669,1.02312294916878,2.93,11.7545596294367,0,15.55463415," 0.0000000000"
"306","P-1-5","T3",80,2023-10-07,"Porites","1","Control","Heated",7.7381,24.5,52.7,34.82067898,1.02335662945515,2.93,11.8913863757966,0.136826746359953,15.55463415," 0.0087965262"
"307","P-1-6","T0",1,2023-07-20,"Porites","1","Inorganic","Ambient",8.978,26.1,53.6,35.4680332,1.02335520574369,2.93,13.7967701583664,0,15.8604878," 0.0000000000"
"308","P-1-6","T3",80,2023-10-07,"Porites","1","Inorganic","Ambient",9.3851,24.5,52.7,34.82067898,1.02335662945515,2.93,14.4223840833653,0.625613924998955,15.8604878," 0.0394448098"
"309","P-1-7","T0",1,2023-07-20,"Porites","1","Inorganic","Ambient",7.612,26.1,53.6,35.4680332,1.02335520574369,2.93,11.6975957279444,0,15.92390244," 0.0000000000"
"310","P-1-7","T3",81,2023-10-08,"Porites","1","Inorganic","Ambient",7.9958143,26.4,53.5,35.39605752,1.02320664701055,2.93,12.2864577130344,0.588861985090038,15.92390244," 0.0369797534"
"311","P-2-1","T0",1,2023-07-20,"Porites","2","Control","Ambient",11.178,26.1,53.6,35.4680332,1.02335520574369,2.93,17.1775781722231,0,15.42585366," 0.0000000000"
"312","P-2-1","T3",80,2023-10-07,"Porites","2","Control","Ambient",12.0231,24.5,52.7,34.82067898,1.02335662945515,2.93,18.4762832652512,1.29870509302813,15.42585366," 0.0841901603"
"313","P-2-10","T0",1,2023-07-20,"Porites","2","Inorganic","Heated",11.306,25.8,53,35.03635669,1.02312294916878,2.93,17.3721635516877,0,29.10731707," 0.0000000000"
"314","P-2-10","T3",80,2023-10-07,"Porites","2","Inorganic","Heated",11.5931,24.5,52.7,34.82067898,1.02335662945515,2.93,17.8154884782115,0.443324926523715,29.10731707," 0.0152307039"
"315","P-2-11","T0",1,2023-07-20,"Porites","2","Guano","Ambient",11.745,26.1,53.6,35.4680332,1.02335520574369,2.93,18.0489046012489,0,18.76512195," 0.0000000000"
"316","P-2-11","T3",80,2023-10-07,"Porites","2","Guano","Ambient",12.7851,24.5,52.7,34.82067898,1.02335662945515,2.93,19.6472730971683,1.59836849591933,18.76512195," 0.0851776237"
"317","P-2-12","T0",1,2023-07-20,"Porites","2","Guano","Ambient",10.961,26.1,53.6,35.4680332,1.02335520574369,2.93,16.8441075635836,0,19.01902439," 0.0000000000"
"318","P-2-12","T3",81,2023-10-08,"Porites","2","Guano","Ambient",12.1358143,26.4,53.5,35.39605752,1.02320664701055,2.93,18.6480280326406,1.80392046905698,19.01902439," 0.0948482126"
"319","P-2-15","T0",1,2023-07-20,"Porites","2","Guano","Heated",12.437,25.8,53,35.03635669,1.02312294916878,2.93,19.1099945243535,0,27.95853659," 0.0000000000"
"320","P-2-15","T3",80,2023-10-07,"Porites","2","Guano","Heated",12.6981,24.5,52.7,34.82067898,1.02335662945515,2.93,19.5135774076974,0.403582883343937,27.95853659," 0.0144350503"
"321","P-2-16","T0",1,2023-07-20,"Porites","2","Effluent","Ambient",10.411,26.1,53.6,35.4680332,1.02335520574369,2.93,15.9989055601194,0,7.479268293," 0.0000000000"
"322","P-2-16","T3",80,2023-10-07,"Porites","2","Effluent","Ambient",11.4501,25.1,53,35.03635669,1.02333824895522,2.93,17.5955661677361,1.59666060761672,7.479268293," 0.2134781833"
"323","P-2-17","T0",1,2023-07-20,"Porites","2","Effluent","Ambient",10.407,26.1,53.6,35.4680332,1.02335520574369,2.93,15.9927586364579,0,3.455609756," 0.0000000000"
"324","P-2-17","T3",81,2023-10-08,"Porites","2","Effluent","Ambient",11.8708143,26.8,52.9,34.96445218,1.02275467725174,2.93,18.2365034451265,2.24374480866865,3.455609756," 0.6493050336"
"325","P-2-2","T0",1,2023-07-20,"Porites","2","Control","Ambient",10.074,26.1,53.6,35.4680332,1.02335520574369,2.93,15.4810272416332,0,12.74634146," 0.0000000000"
"326","P-2-2","T3",81,2023-10-08,"Porites","2","Control","Ambient",11.3648143,26.4,53.5,35.39605752,1.02320664701055,2.93,17.4633008064531,1.98227356481988,12.74634146," 0.1555170612"
"327","P-2-20","T0",1,2023-07-20,"Porites","2","Effluent","Heated",13.67,25.8,53,35.03635669,1.02312294916878,2.93,21.004552958745,0,25.37512195," 0.0000000000"
"328","P-2-20","T3",80,2023-10-07,"Porites","2","Effluent","Heated",13.8521,25.1,53,35.03635669,1.02333824895522,2.93,21.2867609987771,0.282208040032071,25.37512195," 0.0111214457"
"329","P-2-22","T0",1,2023-07-20,"Porites","2","Control","Heated",11.253,25.8,53,35.03635669,1.02312294916878,2.93,17.29072673334,0,20.4495122," 0.0000000000"
"330","P-2-22","T3",81,2023-10-08,"Porites","2","Control","Heated",12.1418143,26.4,53.5,35.39605752,1.02320664701055,2.93,18.6572476997705,1.36652096643044,20.4495122," 0.0668241351"
"331","P-2-23","T0",1,2023-07-20,"Porites","2","Inorganic","Heated",9.816,25.8,53,35.03635669,1.02312294916878,2.93,15.0827133754968,0,18.8095122," 0.0000000000"
"332","P-2-23","T3",81,2023-10-08,"Porites","2","Inorganic","Heated",10.0768143,26.4,53.5,35.39605752,1.02320664701055,2.93,15.4841455959089,0.401432220412115,18.8095122," 0.0213419793"
"333","P-2-24","T0",1,2023-07-20,"Porites","2","Guano","Heated",11.148,25.8,53,35.03635669,1.02312294916878,2.93,17.129389640387,0,26.21390244," 0.0000000000"
"334","P-2-24","T3",81,2023-10-08,"Porites","2","Guano","Heated",11.6218143,26.4,53.5,35.39605752,1.02320664701055,2.93,17.8582098818489,0.728820241461946,26.21390244," 0.0278028135"
"335","P-2-25","T0",1,2023-07-20,"Porites","2","Effluent","Heated",13.115,25.8,53,35.03635669,1.02312294916878,2.93,20.1517711817075,0,35.51804878," 0.0000000000"
"336","P-2-5","T0",1,2023-07-20,"Porites","2","Control","Heated",12.083,25.8,53,35.03635669,1.02312294916878,2.93,18.5660580395403,0,17.36902439," 0.0000000000"
"337","P-2-5","T3",80,2023-10-07,"Porites","2","Control","Heated",12.7331,24.5,52.7,34.82067898,1.02335662945515,2.93,19.5673630298983,1.001304990358,17.36902439," 0.0576488908"
"338","P-2-6","T0",1,2023-07-20,"Porites","2","Inorganic","Ambient",12.555,26.1,53.6,35.4680332,1.02335520574369,2.93,19.2936566427144,0,29.97853659," 0.0000000000"
"339","P-2-6","T3",80,2023-10-07,"Porites","2","Inorganic","Ambient",14.2351,24.5,52.7,34.82067898,1.02335662945515,2.93,21.8755345883489,2.58187794563456,29.97853659," 0.0861242155"
"340","P-2-7","T0",1,2023-07-20,"Porites","2","Inorganic","Ambient",10.119,26.1,53.6,35.4680332,1.02335520574369,2.93,15.5501801328257,0,17.41853659," 0.0000000000"
"341","P-2-7","T3",81,2023-10-08,"Porites","2","Inorganic","Ambient",11.0118143,26.4,53.5,35.39605752,1.02320664701055,2.93,16.9208770569794,1.37069692415369,17.41853659," 0.0786918532"
"342","P-3-1","T0",1,2023-07-20,"Porites","3","Control","Ambient",9.873,26.1,53.6,35.4680332,1.02335520574369,2.93,15.1721443276399,0,21.29804878," 0.0000000000"
"343","P-3-1","T3",80,2023-10-07,"Porites","3","Control","Ambient",10.4381,24.5,52.7,34.82067898,1.02335662945515,2.93,16.0405629455813,0.868418617941442,21.29804878," 0.0407745624"
"344","P-3-10","T0",1,2023-07-20,"Porites","3","Inorganic","Heated",12.566,25.8,53,35.03635669,1.02312294916878,2.93,19.3082086671244,0,30.30829268," 0.0000000000"
"345","P-3-10","T3",80,2023-10-07,"Porites","3","Inorganic","Heated",13.2251,24.5,52.7,34.82067898,1.02335662945515,2.93,20.3234352048369,1.0152265377125,30.30829268," 0.0334966588"
"346","P-3-11","T0",1,2023-07-20,"Porites","3","Guano","Ambient",10.702,26.1,53.6,35.4680332,1.02335520574369,2.93,16.4460942564977,0,20.60682927," 0.0000000000"
"347","P-3-11","T3",80,2023-10-07,"Porites","3","Guano","Ambient",11.0871,24.5,52.7,34.82067898,1.02335662945515,2.93,17.0379020543925,0.591807797894806,20.60682927," 0.0287190130"
"348","P-3-12","T0",1,2023-07-20,"Porites","3","Guano","Ambient",12.416,26.1,53.6,35.4680332,1.02335520574369,2.93,19.0800510454752,0,26.6202439," 0.0000000000"
"349","P-3-12","T3",81,2023-10-08,"Porites","3","Guano","Ambient",12.6428143,26.4,53.5,35.39605752,1.02320664701055,2.93,19.4270899051141,0.347038859638861,26.6202439," 0.0130366521"
"350","P-3-15","T0",1,2023-07-20,"Porites","3","Guano","Heated",12.343,25.8,53,35.03635669,1.02312294916878,2.93,18.9655594125669,0,33.2502439," 0.0000000000"
"351","P-3-16","T0",1,2023-07-20,"Porites","3","Effluent","Ambient",9.54,26.1,53.6,35.4680332,1.02335520574369,2.93,14.6604129328152,0,22.25609756," 0.0000000000"
"352","P-3-16","T3",80,2023-10-07,"Porites","3","Effluent","Ambient",9.8461,25.1,53,35.03635669,1.02333824895522,2.93,15.130671701046,0.470258768230785,22.25609756," 0.0211294351"
"353","P-3-17","T0",1,2023-07-20,"Porites","3","Effluent","Ambient",9.758,26.1,53.6,35.4680332,1.02335520574369,2.93,14.9954202723701,0,13.57317073," 0.0000000000"
"354","P-3-17","T3",81,2023-10-08,"Porites","3","Effluent","Ambient",10.2618143,26.8,52.9,34.96445218,1.02275467725174,2.93,15.7646819422656,0.769261669895506,13.57317073," 0.0566751635"
"355","P-3-2","T0",1,2023-07-20,"Porites","3","Control","Ambient",10.328,26.1,53.6,35.4680332,1.02335520574369,2.93,15.8713568941421,0,19.42829268," 0.0000000000"
"356","P-3-2","T3",81,2023-10-08,"Porites","3","Control","Ambient",10.9398143,26.4,53.5,35.39605752,1.02320664701055,2.93,16.810241051421,0.938884157278936,19.42829268," 0.0483256132"
"357","P-3-20","T0",1,2023-07-20,"Porites","3","Effluent","Heated",12.481,25.8,53,35.03635669,1.02312294916878,2.93,19.1776024490195,0,33.76585366," 0.0000000000"
"358","P-3-22","T0",1,2023-07-20,"Porites","3","Control","Heated",9.432,25.8,53,35.03635669,1.02312294916878,2.93,14.4926805784114,0,21.74073171," 0.0000000000"
"359","P-3-23","T0",1,2023-07-20,"Porites","3","Inorganic","Heated",11.586,25.8,53,35.03635669,1.02312294916878,2.93,17.8023957995626,0,21.02585366," 0.0000000000"
"360","P-3-23","T3",81,2023-10-08,"Porites","3","Inorganic","Heated",11.7388143,26.4,53.5,35.39605752,1.02320664701055,2.93,18.0379933908813,0.235597591318701,21.02585366," 0.0112051380"
"361","P-3-24","T0",1,2023-07-20,"Porites","3","Guano","Heated",11.175,25.8,53,35.03635669,1.02312294916878,2.93,17.170876321432,0,29.57707317," 0.0000000000"
"362","P-3-25","T0",1,2023-07-20,"Porites","3","Effluent","Heated",10.229,25.8,53,35.03635669,1.02312294916878,2.93,15.7173059411121,0,25.14780488," 0.0000000000"
"363","P-3-5","T0",1,2023-07-20,"Porites","3","Control","Heated",9.399,25.8,53,35.03635669,1.02312294916878,2.93,14.4419746349118,0,19.70704878," 0.0000000000"
"364","P-3-6","T0",1,2023-07-20,"Porites","3","Inorganic","Ambient",9.954,26.1,53.6,35.4680332,1.02335520574369,2.93,15.2966195317864,0,21.29731707," 0.0000000000"
"365","P-3-6","T3",81,2023-10-08,"Porites","3","Inorganic","Ambient",10.4638143,26.5,52.9,34.96445218,1.0228496787978,2.93,16.0758045960811,0.779185064294687,21.29731707," 0.0365860668"
"366","P-3-7","T0",1,2023-07-20,"Porites","3","Inorganic","Ambient",10.485,26.1,53.6,35.4680332,1.02335520574369,2.93,16.1126236478582,0,22.63292683," 0.0000000000"
"367","P-3-7","T3",81,2023-10-08,"Porites","3","Inorganic","Ambient",10.7698143,26.4,53.5,35.39605752,1.02320664701055,2.93,16.5490171494082,0.436393501549983,22.63292683," 0.0192813552"
"368","P-4-1","T0",1,2023-07-20,"Porites","4","Control","Ambient",11.339,26.1,53.6,35.4680332,1.02335520574369,2.93,17.4249918496008,0,23.87487805," 0.0000000000"
"369","P-4-1","T3",80,2023-10-07,"Porites","4","Control","Ambient",12.4211,24.5,52.7,34.82067898,1.02335662945515,2.93,19.0879026262788,1.66291077667795,23.87487805," 0.0696510689"
"370","P-4-10","T0",1,2023-07-20,"Porites","4","Inorganic","Heated",10.213,25.8,53,35.03635669,1.02312294916878,2.93,15.6927212412336,0,19.43804878," 0.0000000000"
"371","P-4-10","T3",80,2023-10-07,"Porites","4","Inorganic","Heated",10.6871,24.5,52.7,34.82067898,1.02335662945515,2.93,16.4232092292393,0.730487988005676,19.43804878," 0.0375803146"
"372","P-4-11","T0",1,2023-07-20,"Porites","4","Guano","Ambient",9.438,26.1,53.6,35.4680332,1.02335520574369,2.93,14.5036663794455,0,16.84926829," 0.0000000000"
"373","P-4-11","T3",80,2023-10-07,"Porites","4","Guano","Ambient",10.2391,25.1,53,35.03635669,1.02333824895522,2.93,15.7346015797301,1.23093520028456,16.84926829," 0.0730557066"
"374","P-4-12","T0",1,2023-07-20,"Porites","4","Guano","Ambient",11.58,26.1,53.6,35.4680332,1.02335520574369,2.93,17.7953440002097,0,24.53658537," 0.0000000000"
"375","P-4-12","T3",81,2023-10-08,"Porites","4","Guano","Ambient",12.4838143,26.8,52.9,34.96445218,1.02275467725174,2.93,19.1782228865521,1.3828788863424,24.53658537," 0.0563598751"
"376","P-4-15","T0",1,2023-07-20,"Porites","4","Guano","Heated",11.056,25.8,53,35.03635669,1.02312294916878,2.93,16.9880276160852,0,21.79439024," 0.0000000000"
"377","P-4-15","T3",80,2023-10-07,"Porites","4","Guano","Heated",11.7411,25.1,53,35.03635669,1.02333824895522,2.93,18.0427508870671,1.05472327098185,21.79439024," 0.0483942546"
"378","P-4-16","T0",1,2023-07-20,"Porites","4","Effluent","Ambient",9.835,26.1,53.6,35.4680332,1.02335520574369,2.93,15.1137485528551,0,NA,"           NA"
"379","P-4-16","T3",80,2023-10-07,"Porites","4","Effluent","Ambient",10.6971,25.1,53,35.03635669,1.02333824895522,2.93,16.4384180795705,1.32466952671541,NA,"           NA"
"380","P-4-17","T0",1,2023-07-20,"Porites","4","Effluent","Ambient",11.82,26.1,53.6,35.4680332,1.02335520574369,2.93,18.1641594199031,0,15.53878049," 0.0000000000"
"381","P-4-17","T3",81,2023-10-08,"Porites","4","Effluent","Ambient",12.7478143,26.8,52.9,34.96445218,1.02275467725174,2.93,19.5837921076554,1.41963268775228,15.53878049," 0.0913606244"
"382","P-4-2","T0",1,2023-07-20,"Porites","4","Control","Ambient",11.147,26.1,53.6,35.4680332,1.02335520574369,2.93,17.129939513846,0,18.54634146," 0.0000000000"
"383","P-4-2","T3",81,2023-10-08,"Porites","4","Control","Ambient",12.7788143,26.4,53.5,35.39605752,1.02320664701055,2.93,19.6360690267243,2.5061295128783,18.54634146," 0.1351279722"
"384","P-4-20","T0",1,2023-07-20,"Porites","4","Effluent","Heated",12.935,25.8,53,35.03635669,1.02312294916878,2.93,19.8751933080737,0,NA,"           NA"
"385","P-4-20","T3",80,2023-10-07,"Porites","4","Effluent","Heated",13.9411,25.1,53,35.03635669,1.02333824895522,2.93,21.4235288338989,1.54833552582527,NA,"           NA"
"386","P-4-22","T0",1,2023-07-20,"Porites","4","Control","Heated",11.379,25.8,53,35.03635669,1.02312294916878,2.93,17.4843312448837,0,22.16243902," 0.0000000000"
"387","P-4-22","T3",81,2023-10-08,"Porites","4","Control","Heated",12.4148143,26.4,53.5,35.39605752,1.02320664701055,2.93,19.0767425541793,1.59241130929559,22.16243902," 0.0718518078"
"388","P-4-23","T0",1,2023-07-20,"Porites","4","Inorganic","Heated",11.51,25.8,53,35.03635669,1.02312294916878,2.93,17.6856184751394,0,30.60926829," 0.0000000000"
"389","P-4-23","T3",81,2023-10-08,"Porites","4","Inorganic","Heated",12.1818143,26.4,53.5,35.39605752,1.02320664701055,2.93,18.7187121473029,1.03309367216349,30.60926829," 0.0337510084"
"390","P-4-24","T0",1,2023-07-20,"Porites","4","Guano","Heated",10.873,25.8,53,35.03635669,1.02312294916878,2.93,16.7068401112242,0,22.68731707," 0.0000000000"
"391","P-4-24","T3",81,2023-10-08,"Porites","4","Guano","Heated",11.8288143,26.8,52.9,34.96445218,1.02275467725174,2.93,18.1719810690419,1.46514095781769,22.68731707," 0.0645797365"
"392","P-4-25","T0",1,2023-07-20,"Porites","4","Effluent","Heated",12.582,25.8,53,35.03635669,1.02312294916878,2.93,19.3327933670029,0,32.6097561," 0.0000000000"
"393","P-4-25","T3",81,2023-10-08,"Porites","4","Effluent","Heated",13.4978143,26.8,52.9,34.96445218,1.02275467725174,2.93,20.7359773948808,1.40318402787788,32.6097561," 0.0430295775"
"394","P-4-5","T0",1,2023-07-20,"Porites","4","Control","Heated",11.134,25.8,53,35.03635669,1.02312294916878,2.93,17.1078780279932,0,28.14292683," 0.0000000000"
"395","P-4-5","T3",80,2023-10-07,"Porites","4","Control","Heated",11.6241,24.5,52.7,34.82067898,1.02335662945515,2.93,17.8631271721608,0.755249144167621,28.14292683," 0.0268361976"
"396","P-4-6","T0",1,2023-07-20,"Porites","4","Inorganic","Ambient",12.741,26.1,53.6,35.4680332,1.02335520574369,2.93,19.5794885929768,0,17.28609756," 0.0000000000"
"397","P-4-6","T3",80,2023-10-07,"Porites","4","Inorganic","Ambient",14.2091,24.5,52.7,34.82067898,1.02335662945515,2.93,21.835579554714,2.25609096173716,17.28609756," 0.1305147651"
"398","P-4-7","T0",1,2023-07-20,"Porites","4","Inorganic","Ambient",9.686,26.1,53.6,35.4680332,1.02335520574369,2.93,14.8847756464621,0,13.47414634," 0.0000000000"
"399","P-4-7","T3",81,2023-10-08,"Porites","4","Inorganic","Ambient",10.5618143,26.4,53.5,35.39605752,1.02320664701055,2.93,16.2294020222396,1.34462637577752,13.47414634," 0.0997930661"
"400","P-5-1","T0",1,2023-07-20,"Porites","5","Control","Ambient",12.199,26.1,53.6,35.4680332,1.02335520574369,2.93,18.7465804368357,0,26.97682927," 0.0000000000"
"401","P-5-1","T3",80,2023-10-07,"Porites","5","Control","Ambient",13.4661,24.5,52.7,34.82067898,1.02335662945515,2.93,20.6937876319917,1.947207195156,26.97682927," 0.0721807287"
"402","P-5-10","T0",1,2023-07-20,"Porites","5","Inorganic","Heated",9.81,25.8,53,35.03635669,1.02312294916878,2.93,15.0734941130423,0,20.98414634," 0.0000000000"
"403","P-5-10","T3",80,2023-10-07,"Porites","5","Inorganic","Heated",9.7451,24.5,52.7,34.82067898,1.02335662945515,2.93,14.9756076260033,-0.0978864870390783,20.98414634,"-0.0046647829"
"404","P-5-11","T0",1,2023-07-20,"Porites","5","Guano","Ambient",10.452,26.1,53.6,35.4680332,1.02335520574369,2.93,16.0619115276504,0,20.22243902," 0.0000000000"
"405","P-5-11","T3",80,2023-10-07,"Porites","5","Guano","Ambient",10.9631,25.1,53,35.03635669,1.02333824895522,2.93,16.8471848676875,0.785273340037069,20.22243902," 0.0388317818"
"406","P-5-12","T0",1,2023-07-20,"Porites","5","Guano","Ambient",11.144,26.1,53.6,35.4680332,1.02335520574369,2.93,17.1253293210999,0,17.27731707," 0.0000000000"
"407","P-5-12","T3",81,2023-10-08,"Porites","5","Guano","Ambient",12.2958143,26.8,52.9,34.96445218,1.02275467725174,2.93,18.8894084412209,1.76407912012103,17.27731707," 0.1021037649"
"408","P-5-15","T0",1,2023-07-20,"Porites","5","Guano","Heated",10.603,25.8,53,35.03635669,1.02312294916878,2.93,16.2919733007735,0,25.21829268," 0.0000000000"
"409","P-5-15","T3",80,2023-10-07,"Porites","5","Guano","Heated",10.8651,25.1,53,35.03635669,1.02333824895522,2.93,16.6965865773286,0.404613276555086,25.21829268," 0.0160444357"
"410","P-5-16","T0",1,2023-07-20,"Porites","5","Effluent","Ambient",11.526,26.1,53.6,35.4680332,1.02335520574369,2.93,17.7123605307786,0,19.99292683," 0.0000000000"
"411","P-5-16","T3",80,2023-10-07,"Porites","5","Effluent","Ambient",12.0291,25.1,53,35.03635669,1.02333824895522,2.93,18.4853254546523,0.772964923873708,19.99292683," 0.0386619193"
"412","P-5-17","T0",1,2023-07-20,"Porites","5","Effluent","Ambient",11.68,26.1,53.6,35.4680332,1.02335520574369,2.93,17.9490170917486,0,25.18195122," 0.0000000000"
"413","P-5-17","T3",81,2023-10-08,"Porites","5","Effluent","Ambient",12.0438143,26.8,52.9,34.96445218,1.02275467725174,2.93,18.5022741847132,0.553257092964561,25.18195122," 0.0219703822"
"414","P-5-2","T0",1,2023-07-20,"Porites","5","Control","Ambient",13.221,26.1,53.6,35.4680332,1.02335520574369,2.93,20.3171194323637,0,22.32292683," 0.0000000000"
"415","P-5-2","T3",81,2023-10-08,"Porites","5","Control","Ambient",13.9888143,26.4,53.5,35.39605752,1.02320664701055,2.93,21.4953685645803,1.17824913221652,22.32292683," 0.0527820183"
"416","P-5-20","T0",1,2023-07-20,"Porites","5","Effluent","Heated",10.61,25.8,53,35.03635669,1.02312294916878,2.93,16.3027291069704,0,20.11439024," 0.0000000000"
"417","P-5-20","T3",80,2023-10-07,"Porites","5","Effluent","Heated",10.6061,25.1,53,35.03635669,1.02333824895522,2.93,16.2985768099516,-0.00415229701881259,20.11439024,"-0.0002064341"
"418","P-5-22","T0",1,2023-07-20,"Porites","5","Control","Heated",11.671,25.8,53,35.03635669,1.02312294916878,2.93,17.9330020176674,0,19.49756098," 0.0000000000"
"419","P-5-22","T3",81,2023-10-08,"Porites","5","Control","Heated",11.7048143,26.4,53.5,35.39605752,1.02320664701055,2.93,17.9857486104787,0.0527465928112889,19.49756098," 0.0027052918"
"420","P-5-23","T0",1,2023-07-20,"Porites","5","Inorganic","Heated",11.392,25.8,53,35.03635669,1.02312294916878,2.93,17.504306313535,0,18.41195122," 0.0000000000"
"421","P-5-23","T3",81,2023-10-08,"Porites","5","Inorganic","Heated",12.1478143,26.4,53.5,35.39605752,1.02320664701055,2.93,18.6664673669003,1.16216105336531,18.41195122," 0.0631199290"
"422","P-5-24","T0",1,2023-07-20,"Porites","5","Guano","Heated",11.937,25.8,53,35.03635669,1.02312294916878,2.93,18.3417226531485,0,25.03804878," 0.0000000000"
"423","P-5-25","T0",1,2023-07-20,"Porites","5","Effluent","Heated",10.809,25.8,53,35.03635669,1.02312294916878,2.93,16.60850131171,0,24.82707317," 0.0000000000"
"424","P-5-25","T3",81,2023-10-08,"Porites","5","Effluent","Heated",11.2338143,26.8,52.9,34.96445218,1.02275467725174,2.93,17.2579140745097,0.649412762799777,24.82707317," 0.0261574435"
"425","P-5-5","T0",1,2023-07-20,"Porites","5","Control","Heated",15.027,25.8,53,35.03635669,1.02312294916878,2.93,23.0896428171954,0,14.43634146," 0.0000000000"
"426","P-5-5","T3",80,2023-10-07,"Porites","5","Control","Heated",15.6311,24.5,52.7,34.82067898,1.02335662945515,2.93,24.0208125481339,0.931169730938457,14.43634146," 0.0645017807"
"427","P-5-6","T0",1,2023-07-20,"Porites","5","Inorganic","Ambient",10.386,26.1,53.6,35.4680332,1.02335520574369,2.93,15.9604872872347,0,18.49073171," 0.0000000000"
"428","P-5-6","T3",80,2023-10-07,"Porites","5","Inorganic","Ambient",11.2821,24.5,52.7,34.82067898,1.02335662945515,2.93,17.3375648066548,1.3770775194201,18.49073171," 0.0744739333"
"429","P-5-7","T0",1,2023-07-20,"Porites","5","Inorganic","Ambient",10.598,26.1,53.6,35.4680332,1.02335520574369,2.93,16.2862742412972,0,20.94926829," 0.0000000000"
"430","P-5-7","T3",81,2023-10-08,"Porites","5","Inorganic","Ambient",10.9158143,26.4,53.5,35.39605752,1.02320664701055,2.93,16.7733623829016,0.487088141604332,20.94926829," 0.0232508427"
"431","P-6-1","T0",1,2023-07-20,"Porites","6","Control","Ambient",11.9,26.1,53.6,35.4680332,1.02335520574369,2.93,18.2870978931343,0,17.34658537," 0.0000000000"
"432","P-6-1","T3",80,2023-10-07,"Porites","6","Control","Ambient",13.3491,24.5,52.7,34.82067898,1.02335662945515,2.93,20.5139899806344,2.22689208750011,17.34658537," 0.1283763945"
"433","P-6-10","T0",1,2023-07-20,"Porites","6","Inorganic","Heated",12.586,25.8,53,35.03635669,1.02312294916878,2.93,19.3389395419726,0,20.30195122," 0.0000000000"
"434","P-6-10","T3",80,2023-10-07,"Porites","6","Inorganic","Heated",12.6571,24.5,52.7,34.82067898,1.02335662945515,2.93,19.4505713931192,0.11163185114663,20.30195122," 0.0054985774"
"435","P-6-11","T0",1,2023-07-20,"Porites","6","Guano","Ambient",10.591,26.1,53.6,35.4680332,1.02335520574369,2.93,16.2755171248895,0,25.13853659," 0.0000000000"
"436","P-6-11","T3",80,2023-10-07,"Porites","6","Guano","Ambient",11.7551,25.1,53,35.03635669,1.02333824895522,2.93,18.0642649285469,1.78874780365741,25.13853659," 0.0711556059"
"437","P-6-12","T0",1,2023-07-20,"Porites","6","Guano","Ambient",8.427,26.1,53.6,35.4680332,1.02335520574369,2.93,12.9500314239868,0,14.3297561," 0.0000000000"
"438","P-6-12","T3",81,2023-10-08,"Porites","6","Guano","Ambient",9.0958143,26.8,52.9,34.96445218,1.02275467725174,2.93,13.9734178823925,1.02338645840576,14.3297561," 0.0714168791"
"439","P-6-15","T0",1,2023-07-20,"Porites","6","Guano","Heated",11.05,25.8,53,35.03635669,1.02312294916878,2.93,16.9788083536308,0,18.14487805," 0.0000000000"
"440","P-6-15","T3",80,2023-10-07,"Porites","6","Guano","Heated",10.6561,25.1,53,35.03635669,1.02333824895522,2.93,16.3754126723796,-0.603395681251225,18.14487805,"-0.0332543255"
"441","P-6-16","T0",1,2023-07-20,"Porites","6","Effluent","Ambient",13.852,26.1,53.6,35.4680332,1.02335520574369,2.93,21.2867966399745,0,27.21439024," 0.0000000000"
"442","P-6-16","T3",80,2023-10-07,"Porites","6","Effluent","Ambient",14.8711,25.1,53,35.03635669,1.02333824895522,2.93,22.8526758750597,1.56587923508522,27.21439024," 0.0575386485"
"443","P-6-17","T0",1,2023-07-20,"Porites","6","Effluent","Ambient",10.799,26.1,53.6,35.4680332,1.02335520574369,2.93,16.5951571552905,0,21.81756098," 0.0000000000"
"444","P-6-17","T3",81,2023-10-08,"Porites","6","Effluent","Ambient",11.7928143,26.8,52.9,34.96445218,1.02275467725174,2.93,18.1166761752551,1.52151901996455,21.81756098," 0.0697382728"
"445","P-6-2","T0",1,2023-07-20,"Porites","6","Control","Ambient",9.634,26.1,53.6,35.4680332,1.02335520574369,2.93,14.8048656388618,0,8.317804878," 0.0000000000"
"446","P-6-2","T3",81,2023-10-08,"Porites","6","Control","Ambient",10.5838143,26.4,53.5,35.39605752,1.02320664701055,2.93,16.2632074683824,1.45834182952061,8.317804878," 0.1753277278"
"447","P-6-20","T0",1,2023-07-20,"Porites","6","Effluent","Heated",12.937,25.8,53,35.03635669,1.02312294916878,2.93,19.8782663955585,0,34.04878049," 0.0000000000"
"448","P-6-22","T0",1,2023-07-20,"Porites","6","Control","Heated",8.51,25.8,53,35.03635669,1.02312294916878,2.93,13.0759872479093,0,14.9304878," 0.0000000000"
"449","P-6-22","T3",81,2023-10-08,"Porites","6","Control","Heated",8.6738143,26.4,53.5,35.39605752,1.02320664701055,2.93,13.3282800987091,0.252292850799744,14.9304878," 0.0168978304"
"450","P-6-23","T0",1,2023-07-20,"Porites","6","Inorganic","Heated",10.088,25.8,53,35.03635669,1.02312294916878,2.93,15.5006532734323,0,21.88512195," 0.0000000000"
"451","P-6-23","T3",81,2023-10-08,"Porites","6","Inorganic","Heated",10.2358143,26.4,53.5,35.39605752,1.02320664701055,2.93,15.7284667748503,0.227813501417987,21.88512195," 0.0104095148"
"452","P-6-24","T0",1,2023-07-20,"Porites","6","Guano","Heated",11.476,25.8,53,35.03635669,1.02312294916878,2.93,17.6333759878975,0,26.02463415," 0.0000000000"
"453","P-6-25","T0",1,2023-07-20,"Porites","6","Effluent","Heated",10.616,25.8,53,35.03635669,1.02312294916878,2.93,16.3119483694248,0,22.42682927," 0.0000000000"
"454","P-6-25","T3",81,2023-10-08,"Porites","6","Effluent","Heated",10.8028143,26.8,52.9,34.96445218,1.02275467725174,2.93,16.5957915961175,0.283843226692717,22.42682927," 0.0126564136"
"455","P-6-5","T0",1,2023-07-20,"Porites","6","Control","Heated",13.474,25.8,53,35.03635669,1.02312294916878,2.93,20.7033903852327,0,29.81317073," 0.0000000000"
"456","P-6-5","T3",80,2023-10-07,"Porites","6","Control","Heated",14.5341,24.5,52.7,34.82067898,1.02335662945515,2.93,22.335017475151,1.63162708991833,29.81317073," 0.0547283986"
"457","P-6-6","T0",1,2023-07-20,"Porites","6","Inorganic","Ambient",11.943,26.1,53.6,35.4680332,1.02335520574369,2.93,18.353177322496,0,6.15097561," 0.0000000000"
"458","P-6-6","T3",80,2023-10-07,"Porites","6","Inorganic","Ambient",13.1711,24.5,52.7,34.82067898,1.02335662945515,2.93,20.2404516734412,1.88727435094515,6.15097561," 0.3068252047"
"459","P-6-7","T0",1,2023-07-20,"Porites","6","Inorganic","Ambient",10.441,26.1,53.6,35.4680332,1.02335520574369,2.93,16.0450074875811,0,16.53219512," 0.0000000000"
"460","P-6-7","T3",81,2023-10-08,"Porites","6","Inorganic","Ambient",11.1918143,26.4,53.5,35.39605752,1.02320664701055,2.93,17.1974670708753,1.15245958329421,16.53219512," 0.0697100158"
"461","P-7-1","T0",1,2023-07-20,"Porites","7","Control","Ambient",11.234,26.1,53.6,35.4680332,1.02335520574369,2.93,17.2636351034849,0,21.12146341," 0.0000000000"
"462","P-7-1","T3",80,2023-10-07,"Porites","7","Control","Ambient",11.7871,25.1,53,35.03635669,1.02333824895522,2.93,18.1134398805008,0.849804777015919,21.12146341," 0.0402341808"
"463","P-7-10","T0",1,2023-07-20,"Porites","7","Inorganic","Heated",9.721,25.8,53,35.03635669,1.02312294916878,2.93,14.9367417199679,0,18.93609756," 0.0000000000"
"464","P-7-10","T3",80,2023-10-07,"Porites","7","Inorganic","Heated",9.9121,25.1,53,35.03635669,1.02333824895522,2.93,15.232095039451,0.295353319483102,18.93609756," 0.0155973700"
"465","P-7-11","T0",1,2023-07-20,"Porites","7","Guano","Ambient",11.803,26.1,53.6,35.4680332,1.02335520574369,2.93,18.1380349943415,0,31.17902439," 0.0000000000"
"466","P-7-11","T3",80,2023-10-07,"Porites","7","Guano","Ambient",12.7551,25.1,53,35.03635669,1.02333824895522,2.93,19.6009821771069,1.46294718276535,31.17902439," 0.0469208775"
"467","P-7-12","T0",1,2023-07-20,"Porites","7","Guano","Ambient",8.818,26.1,53.6,35.4680332,1.02335520574369,2.93,13.550893211904,0,17.69926829," 0.0000000000"
"468","P-7-12","T3",81,2023-10-08,"Porites","7","Guano","Ambient",9.6028143,26.8,52.9,34.96445218,1.02275467725174,2.93,14.7522951365569,1.20140192465286,17.69926829," 0.0678786210"
"469","P-7-15","T0",1,2023-07-20,"Porites","7","Guano","Heated",10.594,25.8,53,35.03635669,1.02312294916878,2.93,16.2781444070918,0,23.11073171," 0.0000000000"
"470","P-7-16","T0",1,2023-07-20,"Porites","7","Effluent","Ambient",11.622,26.1,53.6,35.4680332,1.02335520574369,2.93,17.859886698656,0,23.48487805," 0.0000000000"
"471","P-7-16","T3",80,2023-10-07,"Porites","7","Effluent","Ambient",12.8701,24.5,52.7,34.82067898,1.02335662945515,2.93,19.7778953225133,1.91800862385731,23.48487805," 0.0816699418"
"472","P-7-17","T0",1,2023-07-20,"Porites","7","Effluent","Ambient",9.409,26.1,53.6,35.4680332,1.02335520574369,2.93,14.4591011828992,0,19.16073171," 0.0000000000"
"473","P-7-17","T3",81,2023-10-08,"Porites","7","Effluent","Ambient",9.8598143,26.4,53.5,35.39605752,1.02320664701055,2.93,15.1507009680455,0.691599785146307,19.16073171," 0.0360946438"
"474","P-7-2","T0",1,2023-07-20,"Porites","7","Control","Ambient",10.17,26.1,53.6,35.4680332,1.02335520574369,2.93,15.6285534095106,0,24.57512195," 0.0000000000"
"475","P-7-2","T3",81,2023-10-08,"Porites","7","Control","Ambient",11.4698143,26.8,52.9,34.96445218,1.02275467725174,2.93,17.6204683782233,1.99191496871277,24.57512195," 0.0810541235"
"476","P-7-20","T0",1,2023-07-20,"Porites","7","Effluent","Heated",10.206,25.8,53,35.03635669,1.02312294916878,2.93,15.6819654350367,0,20.88926829," 0.0000000000"
"477","P-7-20","T3",80,2023-10-07,"Porites","7","Effluent","Heated",11.1041,24.5,52.7,34.82067898,1.02335662945515,2.93,17.0640264994616,1.38206106442485,20.88926829," 0.0661612961"
"478","P-7-22","T0",1,2023-07-20,"Porites","7","Control","Heated",9.458,25.8,53,35.03635669,1.02312294916878,2.93,14.532630715714,0,15.44097561," 0.0000000000"
"479","P-7-22","T3",81,2023-10-08,"Porites","7","Control","Heated",9.7778143,26.8,52.9,34.96445218,1.02275467725174,2.93,15.0211383702428,0.488507654528812,15.44097561," 0.0316370977"
"480","P-7-23","T0",1,2023-07-20,"Porites","7","Inorganic","Heated",9.615,25.8,53,35.03635669,1.02312294916878,2.93,14.7738680832724,0,20.33926829," 0.0000000000"
"481","P-7-23","T3",81,2023-10-08,"Porites","7","Inorganic","Heated",10.2428143,26.8,52.9,34.96445218,1.02275467725174,2.93,15.7354932483226,0.961625165050187,20.33926829," 0.0472792409"
"482","P-7-24","T0",1,2023-07-20,"Porites","7","Guano","Heated",8.866,25.8,53,35.03635669,1.02312294916878,2.93,13.6229968202073,0,16.73853659," 0.0000000000"
"483","P-7-25","T0",1,2023-07-20,"Porites","7","Effluent","Heated",8.187,25.8,53,35.03635669,1.02312294916878,2.93,12.5796836191109,0,10.79853659," 0.0000000000"
"484","P-7-5","T0",1,2023-07-20,"Porites","7","Control","Heated",9.489,25.8,53,35.03635669,1.02312294916878,2.93,14.5802635717287,0,18.95292683," 0.0000000000"
"485","P-7-5","T3",80,2023-10-07,"Porites","7","Control","Heated",9.9131,25.1,53,35.03635669,1.02333824895522,2.93,15.2336317566995,0.653368184970789,18.95292683," 0.0344732078"
"486","P-7-6","T0",1,2023-07-20,"Porites","7","Inorganic","Ambient",9.157,26.1,53.6,35.4680332,1.02335520574369,2.93,14.0718449922211,0,18.76756098," 0.0000000000"
"487","P-7-6","T3",80,2023-10-07,"Porites","7","Inorganic","Ambient",9.9791,25.1,53,35.03635669,1.02333824895522,2.93,15.3350550951045,1.26321010288341,18.76756098," 0.0673081656"
"488","P-7-7","T0",1,2023-07-20,"Porites","7","Inorganic","Ambient",10.493,26.1,53.6,35.4680332,1.02335520574369,2.93,16.1249174951814,0,27.19804878," 0.0000000000"
"489","P-7-7","T3",81,2023-10-08,"Porites","7","Inorganic","Ambient",11.4748143,26.8,52.9,34.96445218,1.02275467725174,2.93,17.6281496134715,1.50323211829015,27.19804878," 0.0552698515"
"490","P-8-1","T0",1,2023-07-20,"Porites","8","Control","Ambient",10.421,26.1,53.6,35.4680332,1.02335520574369,2.93,16.0142728692733,0,4.442195122," 0.0000000000"
"491","P-8-1","T3",80,2023-10-07,"Porites","8","Control","Ambient",12.0061,25.1,53,35.03635669,1.02333824895522,2.93,18.4499809579355,2.43570808866216,4.442195122," 0.5483118192"
"492","P-8-10","T0",1,2023-07-20,"Porites","8","Inorganic","Heated",13.115,25.8,53,35.03635669,1.02312294916878,2.93,20.1517711817075,0,31.11731707," 0.0000000000"
"493","P-8-10","T3",80,2023-10-07,"Porites","8","Inorganic","Heated",13.0921,25.1,53,35.03635669,1.02333824895522,2.93,20.1188558898716,-0.0329152918359199,31.11731707,"-0.0010577805"
"494","P-8-11","T0",1,2023-07-20,"Porites","8","Guano","Ambient",11.822,26.1,53.6,35.4680332,1.02335520574369,2.93,18.1672328817339,0,22.10243902," 0.0000000000"
"495","P-8-11","T3",80,2023-10-07,"Porites","8","Guano","Ambient",13.2551,25.1,53,35.03635669,1.02333824895522,2.93,20.3693408013868,2.20210791965292,22.10243902," 0.0996318966"
"496","P-8-12","T0",1,2023-07-20,"Porites","8","Guano","Ambient",13.095,26.1,53.6,35.4680332,1.02335520574369,2.93,20.1234913370247,0,23.25536585," 0.0000000000"
"497","P-8-12","T3",81,2023-10-08,"Porites","8","Guano","Ambient",14.3658143,26.8,52.9,34.96445218,1.02275467725174,2.93,22.069439833963,1.94594849693835,23.25536585," 0.0836773977"
"498","P-8-15","T0",1,2023-07-20,"Porites","8","Guano","Heated",12.62,25.8,53,35.03635669,1.02312294916878,2.93,19.3911820292145,0,33.07," 0.0000000000"
"499","P-8-16","T0",1,2023-07-20,"Porites","8","Effluent","Ambient",13.98,26.1,53.6,35.4680332,1.02335520574369,2.93,21.4834981971443,0,12.51365854," 0.0000000000"
"500","P-8-16","T3",80,2023-10-07,"Porites","8","Effluent","Ambient",15.3211,24.5,52.7,34.82067898,1.02335662945515,2.93,23.5444256086401,2.06092741149579,12.51365854," 0.1646942343"
"501","P-8-17","T0",1,2023-07-20,"Porites","8","Effluent","Ambient",11.134,26.1,53.6,35.4680332,1.02335520574369,2.93,17.109962011946,0,13.50682927," 0.0000000000"
"502","P-8-17","T3",81,2023-10-08,"Porites","8","Effluent","Ambient",12.0788143,26.4,53.5,35.39605752,1.02320664701055,2.93,18.5604411949069,1.4504791829609,13.50682927," 0.1073885776"
"503","P-8-2","T0",1,2023-07-20,"Porites","8","Control","Ambient",10.735,26.1,53.6,35.4680332,1.02335520574369,2.93,16.4968063767056,0,13.02829268," 0.0000000000"
"504","P-8-2","T3",81,2023-10-08,"Porites","8","Control","Ambient",11.7938143,26.8,52.9,34.96445218,1.02275467725174,2.93,18.1182124223047,1.62140604559911,13.02829268," 0.1244526881"
"505","P-8-20","T0",1,2023-07-20,"Porites","8","Effluent","Heated",11.869,25.8,53,35.03635669,1.02312294916878,2.93,18.2372376786646,0,24.46463415," 0.0000000000"
"506","P-8-20","T3",80,2023-10-07,"Porites","8","Effluent","Heated",12.5691,24.5,52.7,34.82067898,1.02335662945515,2.93,19.3153389715855,1.07810129292089,24.46463415," 0.0440677464"
"507","P-8-22","T0",1,2023-07-20,"Porites","8","Control","Heated",11.55,25.8,53,35.03635669,1.02312294916878,2.93,17.7470802248358,0,32.41902439," 0.0000000000"
"508","P-8-22","T3",81,2023-10-08,"Porites","8","Control","Heated",12.6038143,26.8,52.9,34.96445218,1.02275467725174,2.93,19.3625725325081,1.61549230767235,32.41902439," 0.0498316139"
"509","P-8-23","T0",1,2023-07-20,"Porites","8","Inorganic","Heated",10.722,25.8,53,35.03635669,1.02312294916878,2.93,16.4748220061203,0,26.54268293," 0.0000000000"
"510","P-8-23","T3",81,2023-10-08,"Porites","8","Inorganic","Heated",11.0418143,26.8,52.9,34.96445218,1.02275467725174,2.93,16.96295464098,0.488132634859753,26.54268293," 0.0183904783"
"511","P-8-24","T0",1,2023-07-20,"Porites","8","Guano","Heated",12.607,25.8,53,35.03635669,1.02312294916878,2.93,19.3712069605632,0,27.5597561," 0.0000000000"
"512","P-8-24","T3",81,2023-10-08,"Porites","8","Guano","Heated",12.3858143,26.8,52.9,34.96445218,1.02275467725174,2.93,19.027670675688,-0.343536284875231,27.5597561,"-0.0124651424"
"513","P-8-25","T0",1,2023-07-20,"Porites","8","Effluent","Heated",10.886,25.8,53,35.03635669,1.02312294916878,2.93,16.7268151798755,0,19.72195122," 0.0000000000"
"514","P-8-25","T3",81,2023-10-08,"Porites","8","Effluent","Heated",11.5908143,26.8,52.9,34.96445218,1.02275467725174,2.93,17.806354271229,1.0795390913535,19.72195122," 0.0547379455"
"515","P-8-5","T0",1,2023-07-20,"Porites","8","Control","Heated",15.499,25.8,53,35.03635669,1.02312294916878,2.93,23.814891463613,0,22.26268293," 0.0000000000"
"516","P-8-5","T3",80,2023-10-07,"Porites","8","Control","Heated",15.8971,25.1,53,35.03635669,1.02333824895522,2.93,24.4293477720822,0.614456308469208,22.26268293," 0.0276002812"
"517","P-8-6","T0",1,2023-07-20,"Porites","8","Inorganic","Ambient",10.513,26.1,53.6,35.4680332,1.02335520574369,2.93,16.1556521134891,0,11.73756098," 0.0000000000"
"518","P-8-6","T3",80,2023-10-07,"Porites","8","Inorganic","Ambient",11.3781,25.1,53,35.03635669,1.02333824895522,2.93,17.4849225258398,1.32927041235069,11.73756098," 0.1132492870"
"519","P-8-7","T0",1,2023-07-20,"Porites","8","Inorganic","Ambient",10.63,26.1,53.6,35.4680332,1.02335520574369,2.93,16.3354496305897,0,20.70219512," 0.0000000000"
"520","P-8-7","T3",81,2023-10-08,"Porites","8","Inorganic","Ambient",11.6358143,26.8,52.9,34.96445218,1.02275467725174,2.93,17.8754853884626,1.54003575787285,20.70219512," 0.0743899741"
"521","P-9-1","T0",1,2023-07-20,"Porites","9","Control","Ambient",12.95,26.1,53.6,35.4680332,1.02335520574369,2.93,19.9006653542932,0,NA,"           NA"
"522","P-9-1","T3",80,2023-10-07,"Porites","9","Control","Ambient",14.7591,25.1,53,35.03635669,1.02333824895522,2.93,22.680563543221,2.77989818892778,NA,"           NA"
"523","P-9-10","T0",1,2023-07-20,"Porites","9","Inorganic","Heated",11.539,25.8,53,35.03635669,1.02312294916878,2.93,17.7301782436693,0,27.58902439," 0.0000000000"
"524","P-9-10","T3",80,2023-10-07,"Porites","9","Inorganic","Heated",12.5331,25.1,53,35.03635669,1.02333824895522,2.93,19.2598309479266,1.52965270425728,27.58902439," 0.0554442478"
"525","P-9-11","T0",1,2023-07-20,"Porites","9","Guano","Ambient",11.643,26.1,53.6,35.4680332,1.02335520574369,2.93,17.8921580478792,0,16.53317073," 0.0000000000"
"526","P-9-11","T3",80,2023-10-07,"Porites","9","Guano","Ambient",13.0561,25.1,53,35.03635669,1.02333824895522,2.93,20.0635340689234,2.1713760210442,16.53317073," 0.1313345187"
"527","P-9-12","T0",1,2023-07-20,"Porites","9","Guano","Ambient",13.22,26.1,53.6,35.4680332,1.02335520574369,2.93,20.3155827014483,0,17.98804878," 0.0000000000"
"528","P-9-12","T3",81,2023-10-08,"Porites","9","Guano","Ambient",15.3008143,26.8,52.9,34.96445218,1.02275467725174,2.93,23.5058308253707,3.19024812392233,17.98804878," 0.1773537621"
"529","P-9-15","T0",1,2023-07-20,"Porites","9","Guano","Heated",9.493,25.8,53,35.03635669,1.02312294916878,2.93,14.5864097466984,0,26.17121951," 0.0000000000"
"530","P-9-16","T0",1,2023-07-20,"Porites","9","Effluent","Ambient",9.439,26.1,53.6,35.4680332,1.02335520574369,2.93,14.5052031103609,0,17.45853659," 0.0000000000"
"531","P-9-16","T3",80,2023-10-07,"Porites","9","Effluent","Ambient",9.5771,24.5,52.7,34.82067898,1.02335662945515,2.93,14.7174366394389,0.212233529078002,17.45853659," 0.0121564329"
"532","P-9-17","T0",1,2023-07-20,"Porites","9","Effluent","Ambient",8.469,26.1,53.6,35.4680332,1.02335520574369,2.93,13.0145741224331,0,15.43878049," 0.0000000000"
"533","P-9-17","T3",81,2023-10-08,"Porites","9","Effluent","Ambient",9.0648143,26.4,53.5,35.39605752,1.02320664701055,2.93,13.9290950733385,0.914520950905398,15.43878049," 0.0592353102"
"534","P-9-2","T0",1,2023-07-20,"Porites","9","Control","Ambient",9.614,26.1,53.6,35.4680332,1.02335520574369,2.93,14.774131020554,0,7.19804878," 0.0000000000"
"535","P-9-2","T3",81,2023-10-08,"Porites","9","Control","Ambient",10.5948143,26.8,52.9,34.96445218,1.02275467725174,2.93,16.2762522097937,1.50212118923966,7.19804878," 0.2086844970"
"536","P-9-20","T0",1,2023-07-20,"Porites","9","Effluent","Heated",11.637,25.8,53,35.03635669,1.02312294916878,2.93,17.8807595304255,0,NA,"           NA"
"537","P-9-20","T3",80,2023-10-07,"Porites","9","Effluent","Heated",11.3841,24.5,52.7,34.82067898,1.02335662945515,2.93,17.4943114770689,-0.386448053356595,NA,"           NA"
"538","P-9-22","T0",1,2023-07-20,"Porites","9","Control","Heated",8.772,25.8,53,35.03635669,1.02312294916878,2.93,13.4785617084207,0,13.35512195," 0.0000000000"
"539","P-9-22","T3",81,2023-10-08,"Porites","9","Control","Heated",9.1998143,26.8,52.9,34.96445218,1.02275467725174,2.93,14.1331875755545,0.654625867133715,13.35512195," 0.0490168394"
"540","P-9-23","T0",1,2023-07-20,"Porites","9","Inorganic","Heated",8.358,25.8,53,35.03635669,1.02312294916878,2.93,12.842432599063,0,13.72414634," 0.0000000000"
"541","P-9-24","T0",1,2023-07-20,"Porites","9","Guano","Heated",8.652,25.8,53,35.03635669,1.02312294916878,2.93,13.2941764593315,0,25.68219512," 0.0000000000"
"542","P-9-25","T0",1,2023-07-20,"Porites","9","Effluent","Heated",10.606,25.8,53,35.03635669,1.02312294916878,2.93,16.2965829320007,0,20.72658537," 0.0000000000"
"543","P-9-25","T3",81,2023-10-08,"Porites","9","Effluent","Heated",10.4498143,26.8,52.9,34.96445218,1.02275467725174,2.93,16.0534963875968,-0.243086544403937,20.72658537,"-0.0117282485"
"544","P-9-5","T0",1,2023-07-20,"Porites","9","Control","Heated",12.065,25.8,53,35.03635669,1.02312294916878,2.93,18.538400252177,0,18.36268293," 0.0000000000"
"545","P-9-5","T3",80,2023-10-07,"Porites","9","Control","Heated",13.6721,25.1,53,35.03635669,1.02333824895522,2.93,21.0101518940363,2.47175164185937,18.36268293," 0.1346073257"
"546","P-9-6","T0",1,2023-07-20,"Porites","9","Inorganic","Ambient",10.095,26.1,53.6,35.4680332,1.02335520574369,2.93,15.5132985908564,0,25.46097561," 0.0000000000"
"547","P-9-6","T3",80,2023-10-07,"Porites","9","Inorganic","Ambient",11.4521,25.1,53,35.03635669,1.02333824895522,2.93,17.5986396022333,2.08534101137691,25.46097561," 0.0819034213"
"548","P-9-7","T0",1,2023-07-20,"Porites","9","Inorganic","Ambient",9.301,26.1,53.6,35.4680332,1.02335520574369,2.93,14.2931342440371,0,10.87487805," 0.0000000000"
"549","P-9-7","T3",81,2023-10-08,"Porites","9","Inorganic","Ambient",10.5538143,26.8,52.9,34.96445218,1.02275467725174,2.93,16.2132660807587,1.92013183672157,10.87487805," 0.1765658270"
