,Frag_ID,Genotype,Species,Treatment,Temperature,Week,FvFm,Day
1,M-1-2,1,Montipora,Control,Ambient,0,0.511,7
2,M-1-2,1,Montipora,Control,Ambient,1,0.516,15
3,M-1-2,1,Montipora,Control,Ambient,2,0.517,22
4,M-1-2,1,Montipora,Control,Ambient,3,0.517,28
5,M-1-2,1,Montipora,Control,Ambient,5,0.53,44
6,M-1-2,1,Montipora,Control,Ambient,6,0.511,52
7,M-1-2,1,Montipora,Control,Ambient,7,0.494,59
8,M-1-2,1,Montipora,Control,Ambient,8,0.506,66
9,M-1-2,1,Montipora,Control,Ambient,9,0.498,73
10,M-1-2,1,Montipora,Control,Ambient,10,0.503,80
11,M-1-7,1,Montipora,Inorganic,Ambient,0,0.506,7
12,M-1-7,1,Montipora,Inorganic,Ambient,1,0.507,15
13,M-1-7,1,Montipora,Inorganic,Ambient,2,0.548,22
14,M-1-7,1,Montipora,Inorganic,Ambient,3,0.509,28
15,M-1-7,1,Montipora,Inorganic,Ambient,5,0.497,44
16,M-1-7,1,Montipora,Inorganic,Ambient,6,0.493,52
17,M-1-7,1,Montipora,Inorganic,Ambient,7,0.482,59
18,M-1-7,1,Montipora,Inorganic,Ambient,8,0.548,66
19,M-1-7,1,Montipora,Inorganic,Ambient,9,0.509,73
20,M-1-7,1,Montipora,Inorganic,Ambient,10,0.517,80
21,M-1-12,1,Montipora,Guano,Ambient,0,0.512,7
22,M-1-12,1,Montipora,Guano,Ambient,1,0.519,15
23,M-1-12,1,Montipora,Guano,Ambient,2,0.527,22
24,M-1-12,1,Montipora,Guano,Ambient,3,0.498,28
25,M-1-12,1,Montipora,Guano,Ambient,5,0.528,44
26,M-1-12,1,Montipora,Guano,Ambient,6,0.516,52
27,M-1-12,1,Montipora,Guano,Ambient,7,0.495,59
28,M-1-12,1,Montipora,Guano,Ambient,8,0.515,66
29,M-1-12,1,Montipora,Guano,Ambient,9,0.507,73
30,M-1-12,1,Montipora,Guano,Ambient,10,0.509,80
31,M-1-17,1,Montipora,Effluent,Ambient,0,0.481,7
32,M-1-17,1,Montipora,Effluent,Ambient,1,0.507,15
33,M-1-17,1,Montipora,Effluent,Ambient,2,0.523,22
34,M-1-17,1,Montipora,Effluent,Ambient,3,0.517,28
35,M-1-17,1,Montipora,Effluent,Ambient,5,0.501,44
36,M-1-17,1,Montipora,Effluent,Ambient,6,0.527,52
37,M-1-17,1,Montipora,Effluent,Ambient,7,0.489,59
38,M-1-17,1,Montipora,Effluent,Ambient,8,0.509,66
39,M-1-17,1,Montipora,Effluent,Ambient,9,0.526,73
40,M-1-17,1,Montipora,Effluent,Ambient,10,0.524,80
41,M-1-22,1,Montipora,Control,Heated,0,0.509,7
42,M-1-22,1,Montipora,Control,Heated,1,0.497,15
43,M-1-22,1,Montipora,Control,Heated,2,0.517,22
44,M-1-22,1,Montipora,Control,Heated,3,0.503,28
45,M-1-22,1,Montipora,Control,Heated,5,0.48,44
46,M-1-22,1,Montipora,Control,Heated,6,0.433,52
47,M-1-22,1,Montipora,Control,Heated,7,0.415,59
48,M-1-22,1,Montipora,Control,Heated,8,0.43,66
49,M-1-22,1,Montipora,Control,Heated,9,0.459,73
50,M-1-22,1,Montipora,Control,Heated,10,0.504,80
51,M-1-23,1,Montipora,Inorganic,Heated,0,0.518,7
52,M-1-23,1,Montipora,Inorganic,Heated,1,0.519,15
53,M-1-23,1,Montipora,Inorganic,Heated,2,0.516,22
54,M-1-23,1,Montipora,Inorganic,Heated,3,0.504,28
55,M-1-23,1,Montipora,Inorganic,Heated,5,0.468,44
56,M-1-23,1,Montipora,Inorganic,Heated,6,0.437,52
57,M-1-23,1,Montipora,Inorganic,Heated,7,0.427,59
58,M-1-23,1,Montipora,Inorganic,Heated,8,0.454,66
59,M-1-23,1,Montipora,Inorganic,Heated,9,0.492,73
60,M-1-23,1,Montipora,Inorganic,Heated,10,0.518,80
61,M-1-24,1,Montipora,Guano,Heated,0,0.504,7
62,M-1-24,1,Montipora,Guano,Heated,1,0.526,15
63,M-1-24,1,Montipora,Guano,Heated,2,0.54,22
64,M-1-24,1,Montipora,Guano,Heated,3,0.554,28
65,M-1-24,1,Montipora,Guano,Heated,5,0.455,44
66,M-1-24,1,Montipora,Guano,Heated,6,0.375,52
67,M-1-24,1,Montipora,Guano,Heated,7,0.352,59
68,M-1-24,1,Montipora,Guano,Heated,8,0.315,66
69,M-1-24,1,Montipora,Guano,Heated,9,0.388,73
70,M-1-24,1,Montipora,Guano,Heated,10,0.408,80
71,M-1-25,1,Montipora,Effluent,Heated,0,0.514,7
72,M-1-25,1,Montipora,Effluent,Heated,1,0.533,15
73,M-1-25,1,Montipora,Effluent,Heated,2,0.524,22
74,M-1-25,1,Montipora,Effluent,Heated,3,0.493,28
75,M-1-25,1,Montipora,Effluent,Heated,6,0.459,52
76,M-1-25,1,Montipora,Effluent,Heated,7,0.447,59
77,M-1-25,1,Montipora,Effluent,Heated,8,0.522,66
78,M-1-25,1,Montipora,Effluent,Heated,9,0.481,73
79,M-1-25,1,Montipora,Effluent,Heated,10,0.503,80
80,M-2-2,2,Montipora,Control,Ambient,0,0.55,7
81,M-2-2,2,Montipora,Control,Ambient,1,0.55,15
82,M-2-2,2,Montipora,Control,Ambient,2,0.54,22
83,M-2-2,2,Montipora,Control,Ambient,3,0.423,28
84,M-2-2,2,Montipora,Control,Ambient,5,0.557,44
85,M-2-2,2,Montipora,Control,Ambient,6,0.552,52
86,M-2-2,2,Montipora,Control,Ambient,7,0.526,59
87,M-2-2,2,Montipora,Control,Ambient,8,0.552,66
88,M-2-2,2,Montipora,Control,Ambient,9,0.551,73
89,M-2-2,2,Montipora,Control,Ambient,10,0.537,80
90,M-2-7,2,Montipora,Inorganic,Ambient,0,0.549,7
91,M-2-7,2,Montipora,Inorganic,Ambient,1,0.552,15
92,M-2-7,2,Montipora,Inorganic,Ambient,2,0.574,22
93,M-2-7,2,Montipora,Inorganic,Ambient,3,0.478,28
94,M-2-7,2,Montipora,Inorganic,Ambient,5,0.51,44
95,M-2-7,2,Montipora,Inorganic,Ambient,6,0.535,52
96,M-2-7,2,Montipora,Inorganic,Ambient,7,0.496,59
97,M-2-7,2,Montipora,Inorganic,Ambient,8,0.575,66
98,M-2-7,2,Montipora,Inorganic,Ambient,9,0.538,73
99,M-2-7,2,Montipora,Inorganic,Ambient,10,0.528,80
100,M-2-12,2,Montipora,Guano,Ambient,0,0.549,7
101,M-2-12,2,Montipora,Guano,Ambient,1,0.551,15
102,M-2-12,2,Montipora,Guano,Ambient,2,0.561,22
103,M-2-12,2,Montipora,Guano,Ambient,3,0.553,28
104,M-2-12,2,Montipora,Guano,Ambient,5,0.535,44
105,M-2-12,2,Montipora,Guano,Ambient,6,0.545,52
106,M-2-12,2,Montipora,Guano,Ambient,7,0.509,59
107,M-2-12,2,Montipora,Guano,Ambient,8,0.535,66
108,M-2-12,2,Montipora,Guano,Ambient,9,0.537,73
109,M-2-12,2,Montipora,Guano,Ambient,10,0.524,80
110,M-2-17,2,Montipora,Effluent,Ambient,0,0.537,7
111,M-2-17,2,Montipora,Effluent,Ambient,1,0.55,15
112,M-2-17,2,Montipora,Effluent,Ambient,2,0.558,22
113,M-2-17,2,Montipora,Effluent,Ambient,3,0.551,28
114,M-2-17,2,Montipora,Effluent,Ambient,5,0.54,44
115,M-2-17,2,Montipora,Effluent,Ambient,6,0.555,52
116,M-2-17,2,Montipora,Effluent,Ambient,7,0.522,59
117,M-2-17,2,Montipora,Effluent,Ambient,8,0.551,66
118,M-2-17,2,Montipora,Effluent,Ambient,9,0.559,73
119,M-2-17,2,Montipora,Effluent,Ambient,10,0.551,80
120,M-2-22,2,Montipora,Control,Heated,0,0.569,7
121,M-2-22,2,Montipora,Control,Heated,1,0.561,15
122,M-2-22,2,Montipora,Control,Heated,2,0.552,22
123,M-2-22,2,Montipora,Control,Heated,3,0.558,28
124,M-2-22,2,Montipora,Control,Heated,5,0.481,44
125,M-2-22,2,Montipora,Control,Heated,6,0.424,52
126,M-2-22,2,Montipora,Control,Heated,7,0.375,59
127,M-2-22,2,Montipora,Control,Heated,8,0.41,66
128,M-2-22,2,Montipora,Control,Heated,9,0.406,73
129,M-2-22,2,Montipora,Control,Heated,10,0.443,80
130,M-2-23,2,Montipora,Inorganic,Heated,0,0.56,7
131,M-2-23,2,Montipora,Inorganic,Heated,1,0.559,15
132,M-2-23,2,Montipora,Inorganic,Heated,2,0.552,22
133,M-2-23,2,Montipora,Inorganic,Heated,3,0.549,28
134,M-2-23,2,Montipora,Inorganic,Heated,5,0.257,44
135,M-2-23,2,Montipora,Inorganic,Heated,6,0.321,52
136,M-2-23,2,Montipora,Inorganic,Heated,7,0.345,59
137,M-2-23,2,Montipora,Inorganic,Heated,8,0.345,66
138,M-2-23,2,Montipora,Inorganic,Heated,9,0.368,73
139,M-2-23,2,Montipora,Inorganic,Heated,10,0.387,80
140,M-2-24,2,Montipora,Guano,Heated,0,0.544,7
141,M-2-24,2,Montipora,Guano,Heated,1,0.543,15
142,M-2-24,2,Montipora,Guano,Heated,2,0.554,22
143,M-2-24,2,Montipora,Guano,Heated,3,0.574,28
144,M-2-24,2,Montipora,Guano,Heated,5,0.512,44
145,M-2-24,2,Montipora,Guano,Heated,6,0.429,52
146,M-2-24,2,Montipora,Guano,Heated,7,0.42,59
147,M-2-24,2,Montipora,Guano,Heated,8,0.407,66
148,M-2-24,2,Montipora,Guano,Heated,9,0.474,73
149,M-2-24,2,Montipora,Guano,Heated,10,0.455,80
150,M-2-25,2,Montipora,Effluent,Heated,0,0.56,7
151,M-2-25,2,Montipora,Effluent,Heated,1,0.551,15
152,M-2-25,2,Montipora,Effluent,Heated,2,0.556,22
153,M-2-25,2,Montipora,Effluent,Heated,3,0.558,28
154,M-2-25,2,Montipora,Effluent,Heated,6,0.394,52
155,M-2-25,2,Montipora,Effluent,Heated,7,0.375,59
156,M-2-25,2,Montipora,Effluent,Heated,8,0.553,66
157,M-2-25,2,Montipora,Effluent,Heated,9,0.408,73
158,M-2-25,2,Montipora,Effluent,Heated,10,0.43,80
159,M-3-2,3,Montipora,Control,Ambient,0,0.495,7
160,M-3-2,3,Montipora,Control,Ambient,1,0.481,15
161,M-3-2,3,Montipora,Control,Ambient,2,0.488,22
162,M-3-2,3,Montipora,Control,Ambient,3,0.47,28
163,M-3-2,3,Montipora,Control,Ambient,5,0.482,44
164,M-3-2,3,Montipora,Control,Ambient,6,0.486,52
165,M-3-2,3,Montipora,Control,Ambient,7,0.482,59
166,M-3-2,3,Montipora,Control,Ambient,8,0.475,66
167,M-3-2,3,Montipora,Control,Ambient,9,0.474,73
168,M-3-2,3,Montipora,Control,Ambient,10,0.484,80
169,M-3-7,3,Montipora,Inorganic,Ambient,0,0.485,7
170,M-3-7,3,Montipora,Inorganic,Ambient,1,0.484,15
171,M-3-7,3,Montipora,Inorganic,Ambient,2,0.522,22
172,M-3-7,3,Montipora,Inorganic,Ambient,3,0.549,28
173,M-3-7,3,Montipora,Inorganic,Ambient,5,0.48,44
174,M-3-7,3,Montipora,Inorganic,Ambient,6,0.476,52
175,M-3-7,3,Montipora,Inorganic,Ambient,7,0.462,59
176,M-3-7,3,Montipora,Inorganic,Ambient,8,0.521,66
177,M-3-7,3,Montipora,Inorganic,Ambient,9,0.48,73
178,M-3-7,3,Montipora,Inorganic,Ambient,10,0.489,80
179,M-3-12,3,Montipora,Guano,Ambient,0,0.496,7
180,M-3-12,3,Montipora,Guano,Ambient,1,0.499,15
181,M-3-12,3,Montipora,Guano,Ambient,2,0.517,22
182,M-3-12,3,Montipora,Guano,Ambient,3,0.511,28
183,M-3-12,3,Montipora,Guano,Ambient,5,0.511,44
184,M-3-12,3,Montipora,Guano,Ambient,6,0.518,52
185,M-3-12,3,Montipora,Guano,Ambient,7,0.496,59
186,M-3-12,3,Montipora,Guano,Ambient,8,0.52,66
187,M-3-12,3,Montipora,Guano,Ambient,9,0.522,73
188,M-3-12,3,Montipora,Guano,Ambient,10,0.513,80
189,M-3-17,3,Montipora,Effluent,Ambient,0,0.458,7
190,M-3-17,3,Montipora,Effluent,Ambient,1,0.486,15
191,M-3-17,3,Montipora,Effluent,Ambient,2,0.502,22
192,M-3-17,3,Montipora,Effluent,Ambient,3,0.485,28
193,M-3-17,3,Montipora,Effluent,Ambient,5,0.5,44
194,M-3-17,3,Montipora,Effluent,Ambient,6,0.516,52
195,M-3-17,3,Montipora,Effluent,Ambient,7,0.463,59
196,M-3-17,3,Montipora,Effluent,Ambient,8,0.49,66
197,M-3-17,3,Montipora,Effluent,Ambient,9,0.491,73
198,M-3-17,3,Montipora,Effluent,Ambient,10,0.5,80
199,M-3-22,3,Montipora,Control,Heated,0,0.505,7
200,M-3-22,3,Montipora,Control,Heated,1,0.497,15
201,M-3-22,3,Montipora,Control,Heated,2,0.501,22
202,M-3-22,3,Montipora,Control,Heated,3,0.495,28
203,M-3-22,3,Montipora,Control,Heated,5,0.401,44
204,M-3-22,3,Montipora,Control,Heated,6,0.366,52
205,M-3-22,3,Montipora,Control,Heated,7,0.39,59
206,M-3-22,3,Montipora,Control,Heated,8,0.402,66
207,M-3-22,3,Montipora,Control,Heated,9,0.429,73
208,M-3-22,3,Montipora,Control,Heated,10,0.465,80
209,M-3-23,3,Montipora,Inorganic,Heated,0,0.492,7
210,M-3-23,3,Montipora,Inorganic,Heated,1,0.491,15
211,M-3-23,3,Montipora,Inorganic,Heated,2,0.494,22
212,M-3-23,3,Montipora,Inorganic,Heated,3,0.484,28
213,M-3-23,3,Montipora,Inorganic,Heated,5,0.458,44
214,M-3-23,3,Montipora,Inorganic,Heated,6,0.455,52
215,M-3-23,3,Montipora,Inorganic,Heated,7,0.435,59
216,M-3-23,3,Montipora,Inorganic,Heated,8,0.459,66
217,M-3-23,3,Montipora,Inorganic,Heated,9,0.468,73
218,M-3-23,3,Montipora,Inorganic,Heated,10,0.484,80
219,M-3-24,3,Montipora,Guano,Heated,0,0.49,7
220,M-3-24,3,Montipora,Guano,Heated,1,0.497,15
221,M-3-24,3,Montipora,Guano,Heated,2,0.509,22
222,M-3-24,3,Montipora,Guano,Heated,3,0.517,28
223,M-3-24,3,Montipora,Guano,Heated,5,0.434,44
224,M-3-24,3,Montipora,Guano,Heated,6,0.26,52
225,M-3-24,3,Montipora,Guano,Heated,7,0.363,59
226,M-3-24,3,Montipora,Guano,Heated,8,0.407,66
227,M-3-24,3,Montipora,Guano,Heated,9,0.472,73
228,M-3-24,3,Montipora,Guano,Heated,10,0.502,80
229,M-3-25,3,Montipora,Effluent,Heated,0,0.516,7
230,M-3-25,3,Montipora,Effluent,Heated,1,0.501,15
231,M-3-25,3,Montipora,Effluent,Heated,2,0.5,22
232,M-3-25,3,Montipora,Effluent,Heated,3,0.5,28
233,M-3-25,3,Montipora,Effluent,Heated,6,0.463,52
234,M-3-25,3,Montipora,Effluent,Heated,7,0.452,59
235,M-3-25,3,Montipora,Effluent,Heated,8,0.499,66
236,M-3-25,3,Montipora,Effluent,Heated,9,0.474,73
237,M-3-25,3,Montipora,Effluent,Heated,10,0.479,80
238,M-4-2,4,Montipora,Control,Ambient,0,0.507,7
239,M-4-2,4,Montipora,Control,Ambient,1,0.492,15
240,M-4-2,4,Montipora,Control,Ambient,2,0.51,22
241,M-4-2,4,Montipora,Control,Ambient,3,0.493,28
242,M-4-2,4,Montipora,Control,Ambient,5,0.489,44
243,M-4-2,4,Montipora,Control,Ambient,6,0.502,52
244,M-4-2,4,Montipora,Control,Ambient,7,0.5,59
245,M-4-2,4,Montipora,Control,Ambient,8,0.497,66
246,M-4-2,4,Montipora,Control,Ambient,9,0.499,73
247,M-4-2,4,Montipora,Control,Ambient,10,0.5,80
248,M-4-7,4,Montipora,Inorganic,Ambient,0,0.479,7
249,M-4-7,4,Montipora,Inorganic,Ambient,1,0.491,15
250,M-4-7,4,Montipora,Inorganic,Ambient,2,0.492,22
251,M-4-7,4,Montipora,Inorganic,Ambient,3,0.481,28
252,M-4-7,4,Montipora,Inorganic,Ambient,5,0.484,44
253,M-4-7,4,Montipora,Inorganic,Ambient,6,0.5,52
254,M-4-7,4,Montipora,Inorganic,Ambient,7,0.477,59
255,M-4-7,4,Montipora,Inorganic,Ambient,8,0.489,66
256,M-4-7,4,Montipora,Inorganic,Ambient,9,0.482,73
257,M-4-7,4,Montipora,Inorganic,Ambient,10,0.494,80
258,M-4-12,4,Montipora,Guano,Ambient,0,0.478,7
259,M-4-12,4,Montipora,Guano,Ambient,1,0.51,15
260,M-4-12,4,Montipora,Guano,Ambient,2,0.522,22
261,M-4-12,4,Montipora,Guano,Ambient,3,0.507,28
262,M-4-12,4,Montipora,Guano,Ambient,5,0.501,44
263,M-4-12,4,Montipora,Guano,Ambient,6,0.517,52
264,M-4-12,4,Montipora,Guano,Ambient,7,0.513,59
265,M-4-12,4,Montipora,Guano,Ambient,8,0.505,66
266,M-4-12,4,Montipora,Guano,Ambient,9,0.517,73
267,M-4-12,4,Montipora,Guano,Ambient,10,0.506,80
268,M-4-17,4,Montipora,Effluent,Ambient,0,0.484,7
269,M-4-17,4,Montipora,Effluent,Ambient,1,0.497,15
270,M-4-17,4,Montipora,Effluent,Ambient,2,0.508,22
271,M-4-17,4,Montipora,Effluent,Ambient,3,0.495,28
272,M-4-17,4,Montipora,Effluent,Ambient,5,0.478,44
273,M-4-17,4,Montipora,Effluent,Ambient,6,0.513,52
274,M-4-17,4,Montipora,Effluent,Ambient,7,0.462,59
275,M-4-17,4,Montipora,Effluent,Ambient,8,0.51,66
276,M-4-17,4,Montipora,Effluent,Ambient,9,0.525,73
277,M-4-17,4,Montipora,Effluent,Ambient,10,0.528,80
278,M-4-22,4,Montipora,Control,Heated,0,0.484,7
279,M-4-22,4,Montipora,Control,Heated,1,0.49,15
280,M-4-22,4,Montipora,Control,Heated,2,0.504,22
281,M-4-22,4,Montipora,Control,Heated,3,0.499,28
282,M-4-22,4,Montipora,Control,Heated,5,0.46,44
283,M-4-22,4,Montipora,Control,Heated,6,0.422,52
284,M-4-22,4,Montipora,Control,Heated,7,0.403,59
285,M-4-22,4,Montipora,Control,Heated,8,0.413,66
286,M-4-22,4,Montipora,Control,Heated,9,0.343,73
287,M-4-22,4,Montipora,Control,Heated,10,0.443,80
288,M-4-23,4,Montipora,Inorganic,Heated,0,0.504,7
289,M-4-23,4,Montipora,Inorganic,Heated,1,0.507,15
290,M-4-23,4,Montipora,Inorganic,Heated,2,0.499,22
291,M-4-23,4,Montipora,Inorganic,Heated,3,0.5,28
292,M-4-23,4,Montipora,Inorganic,Heated,5,0.447,44
293,M-4-23,4,Montipora,Inorganic,Heated,6,0.393,52
294,M-4-23,4,Montipora,Inorganic,Heated,7,0.385,59
295,M-4-23,4,Montipora,Inorganic,Heated,8,0.413,66
296,M-4-23,4,Montipora,Inorganic,Heated,9,0.453,73
297,M-4-23,4,Montipora,Inorganic,Heated,10,0.482,80
298,M-4-24,4,Montipora,Guano,Heated,0,0.481,7
299,M-4-24,4,Montipora,Guano,Heated,1,0.511,15
300,M-4-24,4,Montipora,Guano,Heated,2,0.535,22
301,M-4-24,4,Montipora,Guano,Heated,3,0.508,28
302,M-4-24,4,Montipora,Guano,Heated,5,0.516,44
303,M-4-24,4,Montipora,Guano,Heated,6,0.491,52
304,M-4-24,4,Montipora,Guano,Heated,7,0.481,59
305,M-4-24,4,Montipora,Guano,Heated,8,0.485,66
306,M-4-24,4,Montipora,Guano,Heated,9,0.516,73
307,M-4-24,4,Montipora,Guano,Heated,10,0.518,80
308,M-4-25,4,Montipora,Effluent,Heated,0,0.509,7
309,M-4-25,4,Montipora,Effluent,Heated,1,0.514,15
310,M-4-25,4,Montipora,Effluent,Heated,2,0.512,22
311,M-4-25,4,Montipora,Effluent,Heated,3,0.478,28
312,M-4-25,4,Montipora,Effluent,Heated,5,0.46,44
313,M-4-25,4,Montipora,Effluent,Heated,6,0.445,52
314,M-4-25,4,Montipora,Effluent,Heated,7,0.441,59
315,M-4-25,4,Montipora,Effluent,Heated,8,0.465,66
316,M-4-25,4,Montipora,Effluent,Heated,9,0.497,73
317,M-4-25,4,Montipora,Effluent,Heated,10,0.504,80
318,M-5-2,5,Montipora,Control,Ambient,0,0.546,7
319,M-5-2,5,Montipora,Control,Ambient,1,0.538,15
320,M-5-2,5,Montipora,Control,Ambient,2,0.564,22
321,M-5-2,5,Montipora,Control,Ambient,3,0.548,28
322,M-5-2,5,Montipora,Control,Ambient,5,0.511,44
323,M-5-2,5,Montipora,Control,Ambient,6,0.544,52
324,M-5-2,5,Montipora,Control,Ambient,7,0.53,59
325,M-5-2,5,Montipora,Control,Ambient,8,0.538,66
326,M-5-2,5,Montipora,Control,Ambient,9,0.562,73
327,M-5-2,5,Montipora,Control,Ambient,10,0.534,80
328,M-5-7,5,Montipora,Inorganic,Ambient,0,0.54,7
329,M-5-7,5,Montipora,Inorganic,Ambient,1,0.55,15
330,M-5-7,5,Montipora,Inorganic,Ambient,2,0.545,22
331,M-5-7,5,Montipora,Inorganic,Ambient,3,0.539,28
332,M-5-7,5,Montipora,Inorganic,Ambient,5,0.532,44
333,M-5-7,5,Montipora,Inorganic,Ambient,6,0.518,52
334,M-5-7,5,Montipora,Inorganic,Ambient,7,0.498,59
335,M-5-7,5,Montipora,Inorganic,Ambient,8,0.504,66
336,M-5-7,5,Montipora,Inorganic,Ambient,9,0.521,73
337,M-5-7,5,Montipora,Inorganic,Ambient,10,0.516,80
338,M-5-12,5,Montipora,Guano,Ambient,0,0.519,7
339,M-5-12,5,Montipora,Guano,Ambient,1,0.546,15
340,M-5-12,5,Montipora,Guano,Ambient,2,0.546,22
341,M-5-12,5,Montipora,Guano,Ambient,3,0.559,28
342,M-5-12,5,Montipora,Guano,Ambient,5,0.561,44
343,M-5-12,5,Montipora,Guano,Ambient,6,0.553,52
344,M-5-12,5,Montipora,Guano,Ambient,7,0.56,59
345,M-5-12,5,Montipora,Guano,Ambient,8,0.543,66
346,M-5-12,5,Montipora,Guano,Ambient,9,0.565,73
347,M-5-12,5,Montipora,Guano,Ambient,10,0.539,80
348,M-5-17,5,Montipora,Effluent,Ambient,0,0.551,7
349,M-5-17,5,Montipora,Effluent,Ambient,1,0.562,15
350,M-5-17,5,Montipora,Effluent,Ambient,2,0.563,22
351,M-5-17,5,Montipora,Effluent,Ambient,3,0.566,28
352,M-5-17,5,Montipora,Effluent,Ambient,5,0.532,44
353,M-5-17,5,Montipora,Effluent,Ambient,6,0.55,52
354,M-5-17,5,Montipora,Effluent,Ambient,7,0.527,59
355,M-5-17,5,Montipora,Effluent,Ambient,8,0.549,66
356,M-5-17,5,Montipora,Effluent,Ambient,9,0.566,73
357,M-5-17,5,Montipora,Effluent,Ambient,10,0.535,80
358,M-5-22,5,Montipora,Control,Heated,0,0.545,7
359,M-5-22,5,Montipora,Control,Heated,1,0.536,15
360,M-5-22,5,Montipora,Control,Heated,2,0.538,22
361,M-5-22,5,Montipora,Control,Heated,3,0.496,28
362,M-5-22,5,Montipora,Control,Heated,5,0.501,44
363,M-5-22,5,Montipora,Control,Heated,6,0.415,52
364,M-5-22,5,Montipora,Control,Heated,7,0.356,59
365,M-5-22,5,Montipora,Control,Heated,8,0.41,66
366,M-5-22,5,Montipora,Control,Heated,9,0.454,73
367,M-5-22,5,Montipora,Control,Heated,10,0.461,80
368,M-5-23,5,Montipora,Inorganic,Heated,0,0.504,7
369,M-5-23,5,Montipora,Inorganic,Heated,1,0.52,15
370,M-5-23,5,Montipora,Inorganic,Heated,2,0.522,22
371,M-5-23,5,Montipora,Inorganic,Heated,3,0.515,28
372,M-5-23,5,Montipora,Inorganic,Heated,5,0.448,44
373,M-5-23,5,Montipora,Inorganic,Heated,6,0.396,52
374,M-5-23,5,Montipora,Inorganic,Heated,7,0.372,59
375,M-5-23,5,Montipora,Inorganic,Heated,8,0.357,66
376,M-5-23,5,Montipora,Inorganic,Heated,9,0.424,73
377,M-5-23,5,Montipora,Inorganic,Heated,10,0.472,80
378,M-5-24,5,Montipora,Guano,Heated,0,0.563,7
379,M-5-24,5,Montipora,Guano,Heated,1,0.556,15
380,M-5-24,5,Montipora,Guano,Heated,2,0.573,22
381,M-5-24,5,Montipora,Guano,Heated,3,0.563,28
382,M-5-24,5,Montipora,Guano,Heated,5,0.541,44
383,M-5-24,5,Montipora,Guano,Heated,6,0.509,52
384,M-5-24,5,Montipora,Guano,Heated,7,0.495,59
385,M-5-24,5,Montipora,Guano,Heated,8,0.5,66
386,M-5-24,5,Montipora,Guano,Heated,9,0.526,73
387,M-5-24,5,Montipora,Guano,Heated,10,0.518,80
388,M-5-25,5,Montipora,Effluent,Heated,0,0.521,7
389,M-5-25,5,Montipora,Effluent,Heated,1,0.534,15
390,M-5-25,5,Montipora,Effluent,Heated,2,0.534,22
391,M-5-25,5,Montipora,Effluent,Heated,3,0.54,28
392,M-5-25,5,Montipora,Effluent,Heated,5,0.522,44
393,M-5-25,5,Montipora,Effluent,Heated,6,0.484,52
394,M-5-25,5,Montipora,Effluent,Heated,7,0.459,59
395,M-5-25,5,Montipora,Effluent,Heated,8,0.485,66
396,M-5-25,5,Montipora,Effluent,Heated,10,0.511,80
397,M-6-2,6,Montipora,Control,Ambient,0,0.535,7
398,M-6-2,6,Montipora,Control,Ambient,1,0.538,15
399,M-6-2,6,Montipora,Control,Ambient,2,0.56,22
400,M-6-2,6,Montipora,Control,Ambient,3,0.548,28
401,M-6-2,6,Montipora,Control,Ambient,5,0.367,44
402,M-6-2,6,Montipora,Control,Ambient,6,0.512,52
403,M-6-2,6,Montipora,Control,Ambient,7,0.512,59
404,M-6-2,6,Montipora,Control,Ambient,8,0.426,66
405,M-6-2,6,Montipora,Control,Ambient,9,0.506,73
406,M-6-2,6,Montipora,Control,Ambient,10,0.503,80
407,M-6-7,6,Montipora,Inorganic,Ambient,0,0.536,7
408,M-6-7,6,Montipora,Inorganic,Ambient,1,0.553,15
409,M-6-7,6,Montipora,Inorganic,Ambient,2,0.415,22
410,M-6-7,6,Montipora,Inorganic,Ambient,3,0.506,28
411,M-6-7,6,Montipora,Inorganic,Ambient,5,0.531,44
412,M-6-7,6,Montipora,Inorganic,Ambient,6,0.526,52
413,M-6-7,6,Montipora,Inorganic,Ambient,7,0.52,59
414,M-6-7,6,Montipora,Inorganic,Ambient,8,0.515,66
415,M-6-7,6,Montipora,Inorganic,Ambient,9,0.542,73
416,M-6-7,6,Montipora,Inorganic,Ambient,10,0.533,80
417,M-6-12,6,Montipora,Guano,Ambient,0,0.428,7
418,M-6-12,6,Montipora,Guano,Ambient,1,0.533,15
419,M-6-12,6,Montipora,Guano,Ambient,2,0.554,22
420,M-6-12,6,Montipora,Guano,Ambient,3,0.559,28
421,M-6-12,6,Montipora,Guano,Ambient,5,0.547,44
422,M-6-12,6,Montipora,Guano,Ambient,6,0.559,52
423,M-6-12,6,Montipora,Guano,Ambient,7,0.578,59
424,M-6-12,6,Montipora,Guano,Ambient,8,0.52,66
425,M-6-12,6,Montipora,Guano,Ambient,9,0.528,73
426,M-6-12,6,Montipora,Guano,Ambient,10,0.547,80
427,M-6-17,6,Montipora,Effluent,Ambient,0,0.529,7
428,M-6-17,6,Montipora,Effluent,Ambient,1,0.544,15
429,M-6-17,6,Montipora,Effluent,Ambient,2,0.547,22
430,M-6-17,6,Montipora,Effluent,Ambient,3,0.533,28
431,M-6-17,6,Montipora,Effluent,Ambient,5,0.5,44
432,M-6-17,6,Montipora,Effluent,Ambient,6,0.556,52
433,M-6-17,6,Montipora,Effluent,Ambient,7,0.534,59
434,M-6-17,6,Montipora,Effluent,Ambient,8,0.552,66
435,M-6-17,6,Montipora,Effluent,Ambient,9,0.57,73
436,M-6-17,6,Montipora,Effluent,Ambient,10,0.297,80
437,M-6-22,6,Montipora,Control,Heated,0,0.564,7
438,M-6-22,6,Montipora,Control,Heated,1,0.141,15
439,M-6-22,6,Montipora,Control,Heated,2,0.415,22
440,M-6-22,6,Montipora,Control,Heated,3,0.519,28
441,M-6-22,6,Montipora,Control,Heated,5,0.423,44
442,M-6-22,6,Montipora,Control,Heated,6,0.295,52
443,M-6-22,6,Montipora,Control,Heated,7,0.409,59
444,M-6-23,6,Montipora,Inorganic,Heated,0,0.539,7
445,M-6-23,6,Montipora,Inorganic,Heated,1,0.551,15
446,M-6-23,6,Montipora,Inorganic,Heated,2,0.551,22
447,M-6-23,6,Montipora,Inorganic,Heated,3,0.311,28
448,M-6-23,6,Montipora,Inorganic,Heated,5,0.471,44
449,M-6-23,6,Montipora,Inorganic,Heated,6,0.276,52
450,M-6-23,6,Montipora,Inorganic,Heated,7,0.333,59
451,M-6-23,6,Montipora,Inorganic,Heated,8,0.384,66
452,M-6-23,6,Montipora,Inorganic,Heated,9,0.426,73
453,M-6-23,6,Montipora,Inorganic,Heated,10,0.441,80
454,M-6-24,6,Montipora,Guano,Heated,0,0.535,7
455,M-6-24,6,Montipora,Guano,Heated,1,0.211,15
456,M-6-24,6,Montipora,Guano,Heated,2,0.507,22
457,M-6-24,6,Montipora,Guano,Heated,3,0.522,28
458,M-6-24,6,Montipora,Guano,Heated,5,0.536,44
459,M-6-24,6,Montipora,Guano,Heated,6,0.264,52
460,M-6-24,6,Montipora,Guano,Heated,7,0.3,59
461,M-6-24,6,Montipora,Guano,Heated,8,0.361,66
462,M-6-25,6,Montipora,Effluent,Heated,0,0.537,7
463,M-6-25,6,Montipora,Effluent,Heated,1,0.551,15
464,M-6-25,6,Montipora,Effluent,Heated,2,0.553,22
465,M-6-25,6,Montipora,Effluent,Heated,3,0.364,28
466,M-6-25,6,Montipora,Effluent,Heated,5,0.31,44
467,M-6-25,6,Montipora,Effluent,Heated,6,0.309,52
468,M-6-25,6,Montipora,Effluent,Heated,7,0.29,59
469,M-6-25,6,Montipora,Effluent,Heated,8,0.184,66
470,M-6-25,6,Montipora,Effluent,Heated,9,0.368,73
471,M-6-25,6,Montipora,Effluent,Heated,10,0.424,80
472,M-7-2,7,Montipora,Control,Ambient,0,0.537,7
473,M-7-2,7,Montipora,Control,Ambient,1,0.29,15
474,M-7-2,7,Montipora,Control,Ambient,2,0.374,22
475,M-7-2,7,Montipora,Control,Ambient,3,0.462,28
476,M-7-2,7,Montipora,Control,Ambient,5,0.522,44
477,M-7-2,7,Montipora,Control,Ambient,6,0.517,52
478,M-7-2,7,Montipora,Control,Ambient,7,0.519,59
479,M-7-2,7,Montipora,Control,Ambient,8,0.531,66
480,M-7-2,7,Montipora,Control,Ambient,9,0.541,73
481,M-7-2,7,Montipora,Control,Ambient,10,0.244,80
482,M-7-7,7,Montipora,Inorganic,Ambient,0,0.54,7
483,M-7-7,7,Montipora,Inorganic,Ambient,1,0.203,15
484,M-7-7,7,Montipora,Inorganic,Ambient,2,0.386,22
485,M-7-7,7,Montipora,Inorganic,Ambient,3,0.451,28
486,M-7-7,7,Montipora,Inorganic,Ambient,5,0.502,44
487,M-7-7,7,Montipora,Inorganic,Ambient,6,0.466,52
488,M-7-7,7,Montipora,Inorganic,Ambient,7,0.472,59
489,M-7-7,7,Montipora,Inorganic,Ambient,8,0.518,66
490,M-7-7,7,Montipora,Inorganic,Ambient,9,0.54,73
491,M-7-7,7,Montipora,Inorganic,Ambient,10,0.381,80
492,M-7-12,7,Montipora,Guano,Ambient,0,0.558,7
493,M-7-12,7,Montipora,Guano,Ambient,1,0.411,15
494,M-7-12,7,Montipora,Guano,Ambient,2,0.512,22
495,M-7-12,7,Montipora,Guano,Ambient,3,0.165,28
496,M-7-12,7,Montipora,Guano,Ambient,5,0.534,44
497,M-7-12,7,Montipora,Guano,Ambient,6,0.48,52
498,M-7-12,7,Montipora,Guano,Ambient,7,0.518,59
499,M-7-12,7,Montipora,Guano,Ambient,8,0.529,66
500,M-7-12,7,Montipora,Guano,Ambient,9,0.48,73
501,M-7-12,7,Montipora,Guano,Ambient,10,0.522,80
502,M-7-17,7,Montipora,Effluent,Ambient,0,0.533,7
503,M-7-17,7,Montipora,Effluent,Ambient,1,0.131,15
504,M-7-17,7,Montipora,Effluent,Ambient,2,0.34,22
505,M-7-17,7,Montipora,Effluent,Ambient,3,0.401,28
506,M-7-17,7,Montipora,Effluent,Ambient,5,0.5,44
507,M-7-17,7,Montipora,Effluent,Ambient,6,NA,52
508,M-7-17,7,Montipora,Effluent,Ambient,7,0.386,59
509,M-7-17,7,Montipora,Effluent,Ambient,8,0.455,66
510,M-7-17,7,Montipora,Effluent,Ambient,9,0.484,73
511,M-7-17,7,Montipora,Effluent,Ambient,10,0.506,80
512,M-7-22,7,Montipora,Control,Heated,0,0.514,7
513,M-7-22,7,Montipora,Control,Heated,1,0.211,15
514,M-7-22,7,Montipora,Control,Heated,2,0.478,22
515,M-7-22,7,Montipora,Control,Heated,3,0.493,28
516,M-7-22,7,Montipora,Control,Heated,5,0.407,44
517,M-7-22,7,Montipora,Control,Heated,6,0.223,52
518,M-7-22,7,Montipora,Control,Heated,7,0.274,59
519,M-7-22,7,Montipora,Control,Heated,8,0.308,66
520,M-7-22,7,Montipora,Control,Heated,9,0.356,73
521,M-7-22,7,Montipora,Control,Heated,10,0.336,80
522,M-7-23,7,Montipora,Inorganic,Heated,0,0.536,7
523,M-7-23,7,Montipora,Inorganic,Heated,1,0.454,15
524,M-7-23,7,Montipora,Inorganic,Heated,2,0.437,22
525,M-7-23,7,Montipora,Inorganic,Heated,3,0.521,28
526,M-7-23,7,Montipora,Inorganic,Heated,5,0.047,44
527,M-7-23,7,Montipora,Inorganic,Heated,6,0.364,52
528,M-7-23,7,Montipora,Inorganic,Heated,7,0.356,59
529,M-7-23,7,Montipora,Inorganic,Heated,8,0.419,66
530,M-7-23,7,Montipora,Inorganic,Heated,9,0.5,73
531,M-7-24,7,Montipora,Guano,Heated,0,0.468,7
532,M-7-24,7,Montipora,Guano,Heated,1,0.273,15
533,M-7-24,7,Montipora,Guano,Heated,2,0.494,22
534,M-7-24,7,Montipora,Guano,Heated,3,0.518,28
535,M-7-24,7,Montipora,Guano,Heated,5,0.413,44
536,M-7-24,7,Montipora,Guano,Heated,6,0.324,52
537,M-7-24,7,Montipora,Guano,Heated,7,0.352,59
538,M-7-24,7,Montipora,Guano,Heated,8,0.396,66
539,M-7-25,7,Montipora,Effluent,Heated,0,0.51,7
540,M-7-25,7,Montipora,Effluent,Heated,1,0.547,15
541,M-7-25,7,Montipora,Effluent,Heated,2,0.549,22
542,M-7-25,7,Montipora,Effluent,Heated,3,0.25,28
543,M-8-2,8,Montipora,Control,Ambient,0,0.5,7
544,M-8-2,8,Montipora,Control,Ambient,1,0.504,15
545,M-8-2,8,Montipora,Control,Ambient,2,0.515,22
546,M-8-2,8,Montipora,Control,Ambient,3,0.505,28
547,M-8-2,8,Montipora,Control,Ambient,5,0.496,44
548,M-8-2,8,Montipora,Control,Ambient,6,0.511,52
549,M-8-2,8,Montipora,Control,Ambient,7,0.491,59
550,M-8-2,8,Montipora,Control,Ambient,8,0.5,66
551,M-8-2,8,Montipora,Control,Ambient,9,0.493,73
552,M-8-2,8,Montipora,Control,Ambient,10,0.491,80
553,M-8-7,8,Montipora,Inorganic,Ambient,0,0.504,7
554,M-8-7,8,Montipora,Inorganic,Ambient,1,0.511,15
555,M-8-7,8,Montipora,Inorganic,Ambient,2,0.528,22
556,M-8-7,8,Montipora,Inorganic,Ambient,3,0.512,28
557,M-8-7,8,Montipora,Inorganic,Ambient,5,0.508,44
558,M-8-7,8,Montipora,Inorganic,Ambient,6,0.523,52
559,M-8-7,8,Montipora,Inorganic,Ambient,7,0.497,59
560,M-8-7,8,Montipora,Inorganic,Ambient,8,0.514,66
561,M-8-7,8,Montipora,Inorganic,Ambient,9,0.512,73
562,M-8-7,8,Montipora,Inorganic,Ambient,10,0.507,80
563,M-8-12,8,Montipora,Guano,Ambient,0,0.512,7
564,M-8-12,8,Montipora,Guano,Ambient,1,0.511,15
565,M-8-12,8,Montipora,Guano,Ambient,2,0.52,22
566,M-8-12,8,Montipora,Guano,Ambient,3,0.497,28
567,M-8-12,8,Montipora,Guano,Ambient,5,0.503,44
568,M-8-12,8,Montipora,Guano,Ambient,6,0.521,52
569,M-8-12,8,Montipora,Guano,Ambient,7,0.502,59
570,M-8-12,8,Montipora,Guano,Ambient,8,0.505,66
571,M-8-12,8,Montipora,Guano,Ambient,9,0.515,73
572,M-8-12,8,Montipora,Guano,Ambient,10,0.518,80
573,M-8-17,8,Montipora,Effluent,Ambient,0,0.502,7
574,M-8-17,8,Montipora,Effluent,Ambient,1,0.518,15
575,M-8-17,8,Montipora,Effluent,Ambient,2,0.527,22
576,M-8-17,8,Montipora,Effluent,Ambient,3,0.523,28
577,M-8-17,8,Montipora,Effluent,Ambient,5,0.52,44
578,M-8-17,8,Montipora,Effluent,Ambient,6,0.534,52
579,M-8-17,8,Montipora,Effluent,Ambient,7,0.506,59
580,M-8-17,8,Montipora,Effluent,Ambient,8,0.528,66
581,M-8-17,8,Montipora,Effluent,Ambient,9,0.517,73
582,M-8-17,8,Montipora,Effluent,Ambient,10,0.519,80
583,M-8-22,8,Montipora,Control,Heated,0,0.5,7
584,M-8-22,8,Montipora,Control,Heated,1,0.503,15
585,M-8-22,8,Montipora,Control,Heated,2,0.508,22
586,M-8-22,8,Montipora,Control,Heated,3,0.495,28
587,M-8-22,8,Montipora,Control,Heated,5,0.479,44
588,M-8-22,8,Montipora,Control,Heated,6,0.469,52
589,M-8-22,8,Montipora,Control,Heated,7,0.454,59
590,M-8-22,8,Montipora,Control,Heated,8,0.485,66
591,M-8-22,8,Montipora,Control,Heated,9,0.506,73
592,M-8-22,8,Montipora,Control,Heated,10,0.5,80
593,M-8-23,8,Montipora,Inorganic,Heated,0,0.509,7
594,M-8-23,8,Montipora,Inorganic,Heated,1,0.5,15
595,M-8-23,8,Montipora,Inorganic,Heated,2,0.503,22
596,M-8-23,8,Montipora,Inorganic,Heated,3,0.515,28
597,M-8-23,8,Montipora,Inorganic,Heated,5,0.483,44
598,M-8-23,8,Montipora,Inorganic,Heated,6,0.485,52
599,M-8-23,8,Montipora,Inorganic,Heated,7,0.461,59
600,M-8-23,8,Montipora,Inorganic,Heated,8,0.479,66
601,M-8-23,8,Montipora,Inorganic,Heated,9,0.495,73
602,M-8-23,8,Montipora,Inorganic,Heated,10,0.484,80
603,M-8-24,8,Montipora,Guano,Heated,0,0.497,7
604,M-8-24,8,Montipora,Guano,Heated,1,0.501,15
605,M-8-24,8,Montipora,Guano,Heated,2,0.523,22
606,M-8-24,8,Montipora,Guano,Heated,3,0.522,28
607,M-8-24,8,Montipora,Guano,Heated,5,0.481,44
608,M-8-24,8,Montipora,Guano,Heated,6,0.491,52
609,M-8-24,8,Montipora,Guano,Heated,7,0.498,59
610,M-8-24,8,Montipora,Guano,Heated,8,0.506,66
611,M-8-24,8,Montipora,Guano,Heated,9,0.518,73
612,M-8-24,8,Montipora,Guano,Heated,10,0.521,80
613,M-8-25,8,Montipora,Effluent,Heated,0,0.519,7
614,M-8-25,8,Montipora,Effluent,Heated,1,0.523,15
615,M-8-25,8,Montipora,Effluent,Heated,2,0.532,22
616,M-8-25,8,Montipora,Effluent,Heated,3,0.523,28
617,M-8-25,8,Montipora,Effluent,Heated,5,0.494,44
618,M-8-25,8,Montipora,Effluent,Heated,6,0.497,52
619,M-8-25,8,Montipora,Effluent,Heated,7,0.481,59
620,M-8-25,8,Montipora,Effluent,Heated,8,0.499,66
621,M-8-25,8,Montipora,Effluent,Heated,9,0.474,73
622,M-8-25,8,Montipora,Effluent,Heated,10,0.508,80
623,M-9-2,9,Montipora,Control,Ambient,0,0.48,7
624,M-9-2,9,Montipora,Control,Ambient,1,0.466,15
625,M-9-2,9,Montipora,Control,Ambient,2,0.493,22
626,M-9-2,9,Montipora,Control,Ambient,3,0.474,28
627,M-9-2,9,Montipora,Control,Ambient,5,0.483,44
628,M-9-2,9,Montipora,Control,Ambient,6,0.493,52
629,M-9-2,9,Montipora,Control,Ambient,7,0.474,59
630,M-9-2,9,Montipora,Control,Ambient,8,0.475,66
631,M-9-2,9,Montipora,Control,Ambient,9,0.466,73
632,M-9-2,9,Montipora,Control,Ambient,10,0.477,80
633,M-9-7,9,Montipora,Inorganic,Ambient,0,0.487,7
634,M-9-7,9,Montipora,Inorganic,Ambient,1,0.475,15
635,M-9-7,9,Montipora,Inorganic,Ambient,2,0.504,22
636,M-9-7,9,Montipora,Inorganic,Ambient,3,0.48,28
637,M-9-7,9,Montipora,Inorganic,Ambient,5,0.483,44
638,M-9-7,9,Montipora,Inorganic,Ambient,6,0.501,52
639,M-9-7,9,Montipora,Inorganic,Ambient,7,0.46,59
640,M-9-7,9,Montipora,Inorganic,Ambient,8,0.475,66
641,M-9-7,9,Montipora,Inorganic,Ambient,9,0.469,73
642,M-9-7,9,Montipora,Inorganic,Ambient,10,0.473,80
643,M-9-12,9,Montipora,Guano,Ambient,0,0.512,7
644,M-9-12,9,Montipora,Guano,Ambient,1,0.51,15
645,M-9-12,9,Montipora,Guano,Ambient,2,0.516,22
646,M-9-12,9,Montipora,Guano,Ambient,3,0.5,28
647,M-9-12,9,Montipora,Guano,Ambient,5,0.498,44
648,M-9-12,9,Montipora,Guano,Ambient,6,0.531,52
649,M-9-12,9,Montipora,Guano,Ambient,7,0.492,59
650,M-9-12,9,Montipora,Guano,Ambient,8,0.495,66
651,M-9-12,9,Montipora,Guano,Ambient,9,0.515,73
652,M-9-12,9,Montipora,Guano,Ambient,10,0.525,80
653,M-9-17,9,Montipora,Effluent,Ambient,0,0.497,7
654,M-9-17,9,Montipora,Effluent,Ambient,1,0.503,15
655,M-9-17,9,Montipora,Effluent,Ambient,2,0.51,22
656,M-9-17,9,Montipora,Effluent,Ambient,3,0.488,28
657,M-9-17,9,Montipora,Effluent,Ambient,5,0.516,44
658,M-9-17,9,Montipora,Effluent,Ambient,6,0.522,52
659,M-9-17,9,Montipora,Effluent,Ambient,7,0.492,59
660,M-9-17,9,Montipora,Effluent,Ambient,8,0.511,66
661,M-9-17,9,Montipora,Effluent,Ambient,9,0.499,73
662,M-9-17,9,Montipora,Effluent,Ambient,10,0.503,80
663,M-9-22,9,Montipora,Control,Heated,0,0.508,7
664,M-9-22,9,Montipora,Control,Heated,1,0.509,15
665,M-9-22,9,Montipora,Control,Heated,2,0.499,22
666,M-9-22,9,Montipora,Control,Heated,3,0.503,28
667,M-9-22,9,Montipora,Control,Heated,5,0.482,44
668,M-9-22,9,Montipora,Control,Heated,6,0.469,52
669,M-9-22,9,Montipora,Control,Heated,7,0.436,59
670,M-9-22,9,Montipora,Control,Heated,8,0.466,66
671,M-9-22,9,Montipora,Control,Heated,9,0.497,73
672,M-9-22,9,Montipora,Control,Heated,10,0.483,80
673,M-9-23,9,Montipora,Inorganic,Heated,0,0.514,7
674,M-9-23,9,Montipora,Inorganic,Heated,1,0.5,15
675,M-9-23,9,Montipora,Inorganic,Heated,2,0.499,22
676,M-9-23,9,Montipora,Inorganic,Heated,3,0.516,28
677,M-9-23,9,Montipora,Inorganic,Heated,5,0.482,44
678,M-9-23,9,Montipora,Inorganic,Heated,6,0.486,52
679,M-9-23,9,Montipora,Inorganic,Heated,7,0.447,59
680,M-9-23,9,Montipora,Inorganic,Heated,8,0.464,66
681,M-9-23,9,Montipora,Inorganic,Heated,9,0.472,73
682,M-9-23,9,Montipora,Inorganic,Heated,10,0.49,80
683,M-9-24,9,Montipora,Guano,Heated,0,0.503,7
684,M-9-24,9,Montipora,Guano,Heated,1,0.502,15
685,M-9-24,9,Montipora,Guano,Heated,2,0.513,22
686,M-9-24,9,Montipora,Guano,Heated,3,0.51,28
687,M-9-24,9,Montipora,Guano,Heated,5,0.468,44
688,M-9-24,9,Montipora,Guano,Heated,6,0.501,52
689,M-9-24,9,Montipora,Guano,Heated,7,0.49,59
690,M-9-24,9,Montipora,Guano,Heated,8,0.492,66
691,M-9-24,9,Montipora,Guano,Heated,9,0.504,73
692,M-9-24,9,Montipora,Guano,Heated,10,0.521,80
693,M-9-25,9,Montipora,Effluent,Heated,0,0.538,7
694,M-9-25,9,Montipora,Effluent,Heated,1,0.52,15
695,M-9-25,9,Montipora,Effluent,Heated,2,0.514,22
696,M-9-25,9,Montipora,Effluent,Heated,3,0.507,28
697,M-9-25,9,Montipora,Effluent,Heated,5,0.485,44
698,M-9-25,9,Montipora,Effluent,Heated,6,0.476,52
699,M-9-25,9,Montipora,Effluent,Heated,7,0.477,59
700,M-9-25,9,Montipora,Effluent,Heated,8,0.485,66
701,M-9-25,9,Montipora,Effluent,Heated,9,0.494,73
702,M-9-25,9,Montipora,Effluent,Heated,10,0.497,80
703,P-1-2,1,Porites,Control,Ambient,0,0.526,7
704,P-1-2,1,Porites,Control,Ambient,1,0.525,15
705,P-1-2,1,Porites,Control,Ambient,2,0.526,22
706,P-1-2,1,Porites,Control,Ambient,3,0.507,28
707,P-1-2,1,Porites,Control,Ambient,5,0.511,44
708,P-1-2,1,Porites,Control,Ambient,6,0.502,52
709,P-1-2,1,Porites,Control,Ambient,7,0.468,59
710,P-1-2,1,Porites,Control,Ambient,8,0.5,66
711,P-1-2,1,Porites,Control,Ambient,9,0.493,73
712,P-1-2,1,Porites,Control,Ambient,10,0.478,80
713,P-1-7,1,Porites,Inorganic,Ambient,0,0.502,7
714,P-1-7,1,Porites,Inorganic,Ambient,1,0.519,15
715,P-1-7,1,Porites,Inorganic,Ambient,2,0.503,22
716,P-1-7,1,Porites,Inorganic,Ambient,3,0.53,28
717,P-1-7,1,Porites,Inorganic,Ambient,5,0.503,44
718,P-1-7,1,Porites,Inorganic,Ambient,6,0.512,52
719,P-1-7,1,Porites,Inorganic,Ambient,7,0.469,59
720,P-1-7,1,Porites,Inorganic,Ambient,8,0.493,66
721,P-1-7,1,Porites,Inorganic,Ambient,9,0.506,73
722,P-1-7,1,Porites,Inorganic,Ambient,10,0.48,80
723,P-1-12,1,Porites,Guano,Ambient,0,0.518,7
724,P-1-12,1,Porites,Guano,Ambient,1,0.529,15
725,P-1-12,1,Porites,Guano,Ambient,2,0.529,22
726,P-1-12,1,Porites,Guano,Ambient,3,0.524,28
727,P-1-12,1,Porites,Guano,Ambient,5,0.515,44
728,P-1-12,1,Porites,Guano,Ambient,6,0.506,52
729,P-1-12,1,Porites,Guano,Ambient,7,0.476,59
730,P-1-12,1,Porites,Guano,Ambient,8,0.487,66
731,P-1-12,1,Porites,Guano,Ambient,9,0.522,73
732,P-1-12,1,Porites,Guano,Ambient,10,0.474,80
733,P-1-17,1,Porites,Effluent,Ambient,0,0.499,7
734,P-1-17,1,Porites,Effluent,Ambient,1,0.497,15
735,P-1-17,1,Porites,Effluent,Ambient,2,0.516,22
736,P-1-17,1,Porites,Effluent,Ambient,3,0.49,28
737,P-1-17,1,Porites,Effluent,Ambient,5,0.486,44
738,P-1-17,1,Porites,Effluent,Ambient,6,0.494,52
739,P-1-17,1,Porites,Effluent,Ambient,7,0.462,59
740,P-1-17,1,Porites,Effluent,Ambient,8,0.475,66
741,P-1-17,1,Porites,Effluent,Ambient,9,0.513,73
742,P-1-17,1,Porites,Effluent,Ambient,10,0.484,80
743,P-1-22,1,Porites,Control,Heated,0,0.507,7
744,P-1-22,1,Porites,Control,Heated,1,0.522,15
745,P-1-22,1,Porites,Control,Heated,2,0.509,22
746,P-1-22,1,Porites,Control,Heated,3,0.479,28
747,P-1-22,1,Porites,Control,Heated,5,0.429,44
748,P-1-22,1,Porites,Control,Heated,6,0.389,52
749,P-1-22,1,Porites,Control,Heated,7,0.408,59
750,P-1-22,1,Porites,Control,Heated,8,0.453,66
751,P-1-22,1,Porites,Control,Heated,9,0.482,73
752,P-1-22,1,Porites,Control,Heated,10,0.493,80
753,P-1-23,1,Porites,Inorganic,Heated,0,0.517,7
754,P-1-23,1,Porites,Inorganic,Heated,1,0.523,15
755,P-1-23,1,Porites,Inorganic,Heated,2,0.497,22
756,P-1-23,1,Porites,Inorganic,Heated,3,0.483,28
757,P-1-23,1,Porites,Inorganic,Heated,5,0.449,44
758,P-1-23,1,Porites,Inorganic,Heated,6,0.325,52
759,P-1-23,1,Porites,Inorganic,Heated,7,0.339,59
760,P-1-23,1,Porites,Inorganic,Heated,8,0.358,66
761,P-1-23,1,Porites,Inorganic,Heated,9,0.412,73
762,P-1-23,1,Porites,Inorganic,Heated,10,0.449,80
763,P-1-24,1,Porites,Guano,Heated,0,0.515,7
764,P-1-24,1,Porites,Guano,Heated,1,0.545,15
765,P-1-24,1,Porites,Guano,Heated,2,0.525,22
766,P-1-24,1,Porites,Guano,Heated,3,0.533,28
767,P-1-24,1,Porites,Guano,Heated,5,0.483,44
768,P-1-24,1,Porites,Guano,Heated,6,0.418,52
769,P-1-24,1,Porites,Guano,Heated,7,0.418,59
770,P-1-24,1,Porites,Guano,Heated,8,0.46,66
771,P-1-24,1,Porites,Guano,Heated,9,0.496,73
772,P-1-24,1,Porites,Guano,Heated,10,0.479,80
773,P-1-25,1,Porites,Effluent,Heated,0,0.517,7
774,P-1-25,1,Porites,Effluent,Heated,1,0.532,15
775,P-1-25,1,Porites,Effluent,Heated,2,0.529,22
776,P-1-25,1,Porites,Effluent,Heated,3,0.495,28
777,P-1-25,1,Porites,Effluent,Heated,5,0.455,44
778,P-1-25,1,Porites,Effluent,Heated,6,0.374,52
779,P-1-25,1,Porites,Effluent,Heated,7,0.331,59
780,P-1-25,1,Porites,Effluent,Heated,8,0.339,66
781,P-1-25,1,Porites,Effluent,Heated,9,0.376,73
782,P-2-2,2,Porites,Control,Ambient,0,0.493,7
783,P-2-2,2,Porites,Control,Ambient,1,0.502,15
784,P-2-2,2,Porites,Control,Ambient,2,0.478,22
785,P-2-2,2,Porites,Control,Ambient,3,0.504,28
786,P-2-2,2,Porites,Control,Ambient,5,0.467,44
787,P-2-2,2,Porites,Control,Ambient,6,0.457,52
788,P-2-2,2,Porites,Control,Ambient,7,0.437,59
789,P-2-2,2,Porites,Control,Ambient,8,0.458,66
790,P-2-2,2,Porites,Control,Ambient,9,0.474,73
791,P-2-2,2,Porites,Control,Ambient,10,0.45,80
792,P-2-7,2,Porites,Inorganic,Ambient,0,0.508,7
793,P-2-7,2,Porites,Inorganic,Ambient,1,0.503,15
794,P-2-7,2,Porites,Inorganic,Ambient,2,0.507,22
795,P-2-7,2,Porites,Inorganic,Ambient,3,0.513,28
796,P-2-7,2,Porites,Inorganic,Ambient,5,0.483,44
797,P-2-7,2,Porites,Inorganic,Ambient,6,0.485,52
798,P-2-7,2,Porites,Inorganic,Ambient,7,0.445,59
799,P-2-7,2,Porites,Inorganic,Ambient,8,0.475,66
800,P-2-7,2,Porites,Inorganic,Ambient,9,0.482,73
801,P-2-7,2,Porites,Inorganic,Ambient,10,0.472,80
802,P-2-12,2,Porites,Guano,Ambient,0,0.522,7
803,P-2-12,2,Porites,Guano,Ambient,1,0.539,15
804,P-2-12,2,Porites,Guano,Ambient,2,0.509,22
805,P-2-12,2,Porites,Guano,Ambient,3,0.53,28
806,P-2-12,2,Porites,Guano,Ambient,5,0.511,44
807,P-2-12,2,Porites,Guano,Ambient,6,0.495,52
808,P-2-12,2,Porites,Guano,Ambient,7,0.474,59
809,P-2-12,2,Porites,Guano,Ambient,8,0.483,66
810,P-2-12,2,Porites,Guano,Ambient,9,0.513,73
811,P-2-12,2,Porites,Guano,Ambient,10,0.487,80
812,P-2-17,2,Porites,Effluent,Ambient,0,0.529,7
813,P-2-17,2,Porites,Effluent,Ambient,1,0.535,15
814,P-2-17,2,Porites,Effluent,Ambient,2,0.544,22
815,P-2-17,2,Porites,Effluent,Ambient,3,0.524,28
816,P-2-17,2,Porites,Effluent,Ambient,5,0.517,44
817,P-2-17,2,Porites,Effluent,Ambient,6,0.506,52
818,P-2-17,2,Porites,Effluent,Ambient,7,0.49,59
819,P-2-17,2,Porites,Effluent,Ambient,8,0.488,66
820,P-2-17,2,Porites,Effluent,Ambient,9,0.508,73
821,P-2-17,2,Porites,Effluent,Ambient,10,0.508,80
822,P-2-22,2,Porites,Control,Heated,0,0.522,7
823,P-2-22,2,Porites,Control,Heated,1,0.51,15
824,P-2-22,2,Porites,Control,Heated,2,0.529,22
825,P-2-22,2,Porites,Control,Heated,3,0.509,28
826,P-2-22,2,Porites,Control,Heated,5,0.435,44
827,P-2-22,2,Porites,Control,Heated,6,0.353,52
828,P-2-22,2,Porites,Control,Heated,7,0.394,59
829,P-2-22,2,Porites,Control,Heated,8,0.408,66
830,P-2-22,2,Porites,Control,Heated,9,0.41,73
831,P-2-22,2,Porites,Control,Heated,10,0.403,80
832,P-2-23,2,Porites,Inorganic,Heated,0,0.514,7
833,P-2-23,2,Porites,Inorganic,Heated,1,0.531,15
834,P-2-23,2,Porites,Inorganic,Heated,2,0.512,22
835,P-2-23,2,Porites,Inorganic,Heated,3,0.498,28
836,P-2-23,2,Porites,Inorganic,Heated,5,0.434,44
837,P-2-23,2,Porites,Inorganic,Heated,6,0.297,52
838,P-2-23,2,Porites,Inorganic,Heated,7,0.325,59
839,P-2-23,2,Porites,Inorganic,Heated,8,0.306,66
840,P-2-23,2,Porites,Inorganic,Heated,9,0.405,73
841,P-2-23,2,Porites,Inorganic,Heated,10,0.366,80
842,P-2-24,2,Porites,Guano,Heated,0,0.519,7
843,P-2-24,2,Porites,Guano,Heated,1,0.553,15
844,P-2-24,2,Porites,Guano,Heated,2,0.517,22
845,P-2-24,2,Porites,Guano,Heated,3,0.517,28
846,P-2-24,2,Porites,Guano,Heated,5,0.478,44
847,P-2-24,2,Porites,Guano,Heated,6,0.39,52
848,P-2-24,2,Porites,Guano,Heated,7,0.434,59
849,P-2-24,2,Porites,Guano,Heated,8,0.405,66
850,P-2-24,2,Porites,Guano,Heated,9,0.469,73
851,P-2-24,2,Porites,Guano,Heated,10,0.433,80
852,P-2-25,2,Porites,Effluent,Heated,0,0.529,7
853,P-2-25,2,Porites,Effluent,Heated,1,0.535,15
854,P-2-25,2,Porites,Effluent,Heated,2,0.506,22
855,P-2-25,2,Porites,Effluent,Heated,3,0.519,28
856,P-2-25,2,Porites,Effluent,Heated,5,0.451,44
857,P-2-25,2,Porites,Effluent,Heated,6,0.359,52
858,P-2-25,2,Porites,Effluent,Heated,7,0.38,59
859,P-2-25,2,Porites,Effluent,Heated,8,0.376,66
860,P-2-25,2,Porites,Effluent,Heated,9,0.395,73
861,P-2-25,2,Porites,Effluent,Heated,10,0.396,80
862,P-3-2,3,Porites,Control,Ambient,0,0.5,7
863,P-3-2,3,Porites,Control,Ambient,1,0.424,15
864,P-3-2,3,Porites,Control,Ambient,2,0.506,22
865,P-3-2,3,Porites,Control,Ambient,3,0.48,28
866,P-3-2,3,Porites,Control,Ambient,5,0.46,44
867,P-3-2,3,Porites,Control,Ambient,6,0.456,52
868,P-3-2,3,Porites,Control,Ambient,7,0.389,59
869,P-3-2,3,Porites,Control,Ambient,8,0.422,66
870,P-3-2,3,Porites,Control,Ambient,9,0.424,73
871,P-3-2,3,Porites,Control,Ambient,10,0.408,80
872,P-3-7,3,Porites,Inorganic,Ambient,0,0.446,7
873,P-3-7,3,Porites,Inorganic,Ambient,1,0.444,15
874,P-3-7,3,Porites,Inorganic,Ambient,2,0.49,22
875,P-3-7,3,Porites,Inorganic,Ambient,3,0.474,28
876,P-3-7,3,Porites,Inorganic,Ambient,5,0.424,44
877,P-3-7,3,Porites,Inorganic,Ambient,6,0.402,52
878,P-3-7,3,Porites,Inorganic,Ambient,7,0.376,59
879,P-3-7,3,Porites,Inorganic,Ambient,8,0.411,66
880,P-3-7,3,Porites,Inorganic,Ambient,9,0.455,73
881,P-3-7,3,Porites,Inorganic,Ambient,10,0.439,80
882,P-3-12,3,Porites,Guano,Ambient,0,0.475,7
883,P-3-12,3,Porites,Guano,Ambient,1,0.505,15
884,P-3-12,3,Porites,Guano,Ambient,2,0.53,22
885,P-3-12,3,Porites,Guano,Ambient,3,0.483,28
886,P-3-12,3,Porites,Guano,Ambient,5,0.464,44
887,P-3-12,3,Porites,Guano,Ambient,6,0.453,52
888,P-3-12,3,Porites,Guano,Ambient,7,0.413,59
889,P-3-12,3,Porites,Guano,Ambient,8,0.418,66
890,P-3-12,3,Porites,Guano,Ambient,9,0.447,73
891,P-3-12,3,Porites,Guano,Ambient,10,0.423,80
892,P-3-17,3,Porites,Effluent,Ambient,0,0.497,7
893,P-3-17,3,Porites,Effluent,Ambient,1,0.525,15
894,P-3-17,3,Porites,Effluent,Ambient,2,0.518,22
895,P-3-17,3,Porites,Effluent,Ambient,3,0.51,28
896,P-3-17,3,Porites,Effluent,Ambient,5,0.457,44
897,P-3-17,3,Porites,Effluent,Ambient,6,0.443,52
898,P-3-17,3,Porites,Effluent,Ambient,7,0.412,59
899,P-3-17,3,Porites,Effluent,Ambient,8,0.419,66
900,P-3-17,3,Porites,Effluent,Ambient,9,0.454,73
901,P-3-17,3,Porites,Effluent,Ambient,10,0.444,80
902,P-3-22,3,Porites,Control,Heated,0,0.508,7
903,P-3-22,3,Porites,Control,Heated,1,0.5,15
904,P-3-22,3,Porites,Control,Heated,2,0.497,22
905,P-3-22,3,Porites,Control,Heated,3,0.486,28
906,P-3-22,3,Porites,Control,Heated,5,0.376,44
907,P-3-22,3,Porites,Control,Heated,6,0.291,52
908,P-3-22,3,Porites,Control,Heated,7,0.381,59
909,P-3-22,3,Porites,Control,Heated,8,0.376,66
910,P-3-22,3,Porites,Control,Heated,9,0.386,73
911,P-3-23,3,Porites,Inorganic,Heated,0,0.516,7
912,P-3-23,3,Porites,Inorganic,Heated,1,0.494,15
913,P-3-23,3,Porites,Inorganic,Heated,2,0.487,22
914,P-3-23,3,Porites,Inorganic,Heated,3,0.464,28
915,P-3-23,3,Porites,Inorganic,Heated,5,0.391,44
916,P-3-23,3,Porites,Inorganic,Heated,6,0.294,52
917,P-3-23,3,Porites,Inorganic,Heated,7,0.323,59
918,P-3-23,3,Porites,Inorganic,Heated,8,0.384,66
919,P-3-23,3,Porites,Inorganic,Heated,9,0.415,73
920,P-3-23,3,Porites,Inorganic,Heated,10,0.379,80
921,P-3-24,3,Porites,Guano,Heated,0,0.453,7
922,P-3-24,3,Porites,Guano,Heated,1,0.488,15
923,P-3-24,3,Porites,Guano,Heated,2,0.477,22
924,P-3-24,3,Porites,Guano,Heated,3,0.462,28
925,P-3-24,3,Porites,Guano,Heated,5,0.42,44
926,P-3-24,3,Porites,Guano,Heated,6,0.385,52
927,P-3-24,3,Porites,Guano,Heated,7,0.417,59
928,P-3-24,3,Porites,Guano,Heated,8,0.423,66
929,P-3-25,3,Porites,Effluent,Heated,0,0.514,7
930,P-3-25,3,Porites,Effluent,Heated,1,0.485,15
931,P-3-25,3,Porites,Effluent,Heated,2,0.503,22
932,P-3-25,3,Porites,Effluent,Heated,3,0.465,28
933,P-3-25,3,Porites,Effluent,Heated,5,0.415,44
934,P-3-25,3,Porites,Effluent,Heated,6,0.366,52
935,P-3-25,3,Porites,Effluent,Heated,7,0.357,59
936,P-3-25,3,Porites,Effluent,Heated,8,0.379,66
937,P-3-25,3,Porites,Effluent,Heated,9,0.421,73
938,P-4-2,4,Porites,Control,Ambient,0,0.499,7
939,P-4-2,4,Porites,Control,Ambient,1,0.528,15
940,P-4-2,4,Porites,Control,Ambient,2,0.519,22
941,P-4-2,4,Porites,Control,Ambient,3,0.514,28
942,P-4-2,4,Porites,Control,Ambient,5,0.48,44
943,P-4-2,4,Porites,Control,Ambient,6,0.473,52
944,P-4-2,4,Porites,Control,Ambient,7,0.446,59
945,P-4-2,4,Porites,Control,Ambient,8,0.501,66
946,P-4-2,4,Porites,Control,Ambient,9,0.514,73
947,P-4-2,4,Porites,Control,Ambient,10,0.489,80
948,P-4-7,4,Porites,Inorganic,Ambient,0,0.496,7
949,P-4-7,4,Porites,Inorganic,Ambient,1,0.507,15
950,P-4-7,4,Porites,Inorganic,Ambient,2,0.496,22
951,P-4-7,4,Porites,Inorganic,Ambient,3,0.484,28
952,P-4-7,4,Porites,Inorganic,Ambient,5,0.505,44
953,P-4-7,4,Porites,Inorganic,Ambient,6,0.506,52
954,P-4-7,4,Porites,Inorganic,Ambient,7,0.471,59
955,P-4-7,4,Porites,Inorganic,Ambient,8,0.496,66
956,P-4-7,4,Porites,Inorganic,Ambient,9,0.508,73
957,P-4-7,4,Porites,Inorganic,Ambient,10,0.493,80
958,P-4-12,4,Porites,Guano,Ambient,0,0.504,7
959,P-4-12,4,Porites,Guano,Ambient,1,0.514,15
960,P-4-12,4,Porites,Guano,Ambient,2,0.519,22
961,P-4-12,4,Porites,Guano,Ambient,3,0.525,28
962,P-4-12,4,Porites,Guano,Ambient,5,0.507,44
963,P-4-12,4,Porites,Guano,Ambient,6,0.511,52
964,P-4-12,4,Porites,Guano,Ambient,7,0.508,59
965,P-4-12,4,Porites,Guano,Ambient,8,0.521,66
966,P-4-12,4,Porites,Guano,Ambient,9,0.531,73
967,P-4-12,4,Porites,Guano,Ambient,10,0.526,80
968,P-4-17,4,Porites,Effluent,Ambient,0,0.475,7
969,P-4-17,4,Porites,Effluent,Ambient,1,0.499,15
970,P-4-17,4,Porites,Effluent,Ambient,2,0.504,22
971,P-4-17,4,Porites,Effluent,Ambient,3,0.5,28
972,P-4-17,4,Porites,Effluent,Ambient,5,0.485,44
973,P-4-17,4,Porites,Effluent,Ambient,6,0.518,52
974,P-4-17,4,Porites,Effluent,Ambient,7,0.469,59
975,P-4-17,4,Porites,Effluent,Ambient,8,0.505,66
976,P-4-17,4,Porites,Effluent,Ambient,9,0.53,73
977,P-4-17,4,Porites,Effluent,Ambient,10,0.492,80
978,P-4-22,4,Porites,Control,Heated,0,0.496,7
979,P-4-22,4,Porites,Control,Heated,1,0.521,15
980,P-4-22,4,Porites,Control,Heated,2,0.487,22
981,P-4-22,4,Porites,Control,Heated,3,0.495,28
982,P-4-22,4,Porites,Control,Heated,5,0.457,44
983,P-4-22,4,Porites,Control,Heated,6,0.407,52
984,P-4-22,4,Porites,Control,Heated,7,0.31,59
985,P-4-22,4,Porites,Control,Heated,8,0.394,66
986,P-4-22,4,Porites,Control,Heated,9,0.436,73
987,P-4-22,4,Porites,Control,Heated,10,0.429,80
988,P-4-23,4,Porites,Inorganic,Heated,0,0.515,7
989,P-4-23,4,Porites,Inorganic,Heated,1,0.526,15
990,P-4-23,4,Porites,Inorganic,Heated,2,0.515,22
991,P-4-23,4,Porites,Inorganic,Heated,3,0.492,28
992,P-4-23,4,Porites,Inorganic,Heated,5,0.466,44
993,P-4-23,4,Porites,Inorganic,Heated,6,0.397,52
994,P-4-23,4,Porites,Inorganic,Heated,7,0.38,59
995,P-4-23,4,Porites,Inorganic,Heated,8,0.404,66
996,P-4-23,4,Porites,Inorganic,Heated,9,0.468,73
997,P-4-23,4,Porites,Inorganic,Heated,10,0.439,80
998,P-4-24,4,Porites,Guano,Heated,0,0.474,7
999,P-4-24,4,Porites,Guano,Heated,1,0.499,15
1000,P-4-24,4,Porites,Guano,Heated,2,0.503,22
1001,P-4-24,4,Porites,Guano,Heated,3,0.507,28
1002,P-4-24,4,Porites,Guano,Heated,5,0.434,44
1003,P-4-24,4,Porites,Guano,Heated,6,0.364,52
1004,P-4-24,4,Porites,Guano,Heated,7,0.373,59
1005,P-4-24,4,Porites,Guano,Heated,8,0.402,66
1006,P-4-24,4,Porites,Guano,Heated,9,0.459,73
1007,P-4-24,4,Porites,Guano,Heated,10,0.479,80
1008,P-4-25,4,Porites,Effluent,Heated,0,0.501,7
1009,P-4-25,4,Porites,Effluent,Heated,1,0.545,15
1010,P-4-25,4,Porites,Effluent,Heated,2,0.507,22
1011,P-4-25,4,Porites,Effluent,Heated,3,0.498,28
1012,P-4-25,4,Porites,Effluent,Heated,5,0.467,44
1013,P-4-25,4,Porites,Effluent,Heated,6,0.383,52
1014,P-4-25,4,Porites,Effluent,Heated,7,0.424,59
1015,P-4-25,4,Porites,Effluent,Heated,8,0.451,66
1016,P-4-25,4,Porites,Effluent,Heated,9,0.474,73
1017,P-4-25,4,Porites,Effluent,Heated,10,0.495,80
1018,P-5-2,5,Porites,Control,Ambient,0,0.503,7
1019,P-5-2,5,Porites,Control,Ambient,1,0.532,15
1020,P-5-2,5,Porites,Control,Ambient,2,0.532,22
1021,P-5-2,5,Porites,Control,Ambient,3,0.521,28
1022,P-5-2,5,Porites,Control,Ambient,5,0.498,44
1023,P-5-2,5,Porites,Control,Ambient,6,0.496,52
1024,P-5-2,5,Porites,Control,Ambient,7,0.479,59
1025,P-5-2,5,Porites,Control,Ambient,8,0.491,66
1026,P-5-2,5,Porites,Control,Ambient,9,0.512,73
1027,P-5-2,5,Porites,Control,Ambient,10,0.502,80
1028,P-5-7,5,Porites,Inorganic,Ambient,0,0.509,7
1029,P-5-7,5,Porites,Inorganic,Ambient,1,0.539,15
1030,P-5-7,5,Porites,Inorganic,Ambient,2,0.528,22
1031,P-5-7,5,Porites,Inorganic,Ambient,3,0.526,28
1032,P-5-7,5,Porites,Inorganic,Ambient,5,0.509,44
1033,P-5-7,5,Porites,Inorganic,Ambient,6,0.511,52
1034,P-5-7,5,Porites,Inorganic,Ambient,7,0.485,59
1035,P-5-7,5,Porites,Inorganic,Ambient,8,0.504,66
1036,P-5-7,5,Porites,Inorganic,Ambient,9,0.529,73
1037,P-5-7,5,Porites,Inorganic,Ambient,10,0.493,80
1038,P-5-12,5,Porites,Guano,Ambient,0,0.517,7
1039,P-5-12,5,Porites,Guano,Ambient,1,0.525,15
1040,P-5-12,5,Porites,Guano,Ambient,2,0.531,22
1041,P-5-12,5,Porites,Guano,Ambient,3,0.532,28
1042,P-5-12,5,Porites,Guano,Ambient,5,0.491,44
1043,P-5-12,5,Porites,Guano,Ambient,6,0.498,52
1044,P-5-12,5,Porites,Guano,Ambient,7,0.471,59
1045,P-5-12,5,Porites,Guano,Ambient,8,0.501,66
1046,P-5-12,5,Porites,Guano,Ambient,9,0.51,73
1047,P-5-12,5,Porites,Guano,Ambient,10,0.505,80
1048,P-5-17,5,Porites,Effluent,Ambient,0,0.483,7
1049,P-5-17,5,Porites,Effluent,Ambient,1,0.534,15
1050,P-5-17,5,Porites,Effluent,Ambient,2,0.538,22
1051,P-5-17,5,Porites,Effluent,Ambient,3,0.521,28
1052,P-5-17,5,Porites,Effluent,Ambient,5,0.514,44
1053,P-5-17,5,Porites,Effluent,Ambient,6,0.529,52
1054,P-5-17,5,Porites,Effluent,Ambient,7,0.493,59
1055,P-5-17,5,Porites,Effluent,Ambient,8,0.511,66
1056,P-5-17,5,Porites,Effluent,Ambient,9,0.52,73
1057,P-5-17,5,Porites,Effluent,Ambient,10,0.509,80
1058,P-5-22,5,Porites,Control,Heated,0,0.517,7
1059,P-5-22,5,Porites,Control,Heated,1,0.54,15
1060,P-5-22,5,Porites,Control,Heated,2,0.536,22
1061,P-5-22,5,Porites,Control,Heated,3,0.515,28
1062,P-5-22,5,Porites,Control,Heated,5,0.449,44
1063,P-5-22,5,Porites,Control,Heated,6,0.317,52
1064,P-5-22,5,Porites,Control,Heated,7,0.323,59
1065,P-5-22,5,Porites,Control,Heated,8,0.333,66
1066,P-5-22,5,Porites,Control,Heated,9,0.391,73
1067,P-5-22,5,Porites,Control,Heated,10,0.415,80
1068,P-5-23,5,Porites,Inorganic,Heated,0,0.515,7
1069,P-5-23,5,Porites,Inorganic,Heated,1,0.499,15
1070,P-5-23,5,Porites,Inorganic,Heated,2,0.481,22
1071,P-5-23,5,Porites,Inorganic,Heated,3,0.5,28
1072,P-5-23,5,Porites,Inorganic,Heated,5,0.426,44
1073,P-5-23,5,Porites,Inorganic,Heated,6,0.338,52
1074,P-5-23,5,Porites,Inorganic,Heated,7,0.345,59
1075,P-5-23,5,Porites,Inorganic,Heated,8,0.39,66
1076,P-5-23,5,Porites,Inorganic,Heated,9,0.463,73
1077,P-5-23,5,Porites,Inorganic,Heated,10,0.461,80
1078,P-5-24,5,Porites,Guano,Heated,0,0.503,7
1079,P-5-24,5,Porites,Guano,Heated,1,0.529,15
1080,P-5-24,5,Porites,Guano,Heated,2,0.53,22
1081,P-5-24,5,Porites,Guano,Heated,3,0.508,28
1082,P-5-24,5,Porites,Guano,Heated,5,0.382,44
1083,P-5-24,5,Porites,Guano,Heated,6,0.356,52
1084,P-5-24,5,Porites,Guano,Heated,7,0.398,59
1085,P-5-24,5,Porites,Guano,Heated,8,0.395,66
1086,P-5-25,5,Porites,Effluent,Heated,0,0.532,7
1087,P-5-25,5,Porites,Effluent,Heated,1,0.534,15
1088,P-5-25,5,Porites,Effluent,Heated,2,0.528,22
1089,P-5-25,5,Porites,Effluent,Heated,3,0.527,28
1090,P-5-25,5,Porites,Effluent,Heated,5,0.472,44
1091,P-5-25,5,Porites,Effluent,Heated,6,0.333,52
1092,P-5-25,5,Porites,Effluent,Heated,7,0.383,59
1093,P-5-25,5,Porites,Effluent,Heated,8,0.434,66
1094,P-5-25,5,Porites,Effluent,Heated,9,0.47,73
1095,P-5-25,5,Porites,Effluent,Heated,10,0.481,80
1096,P-6-2,6,Porites,Control,Ambient,0,0.461,7
1097,P-6-2,6,Porites,Control,Ambient,1,0.491,15
1098,P-6-2,6,Porites,Control,Ambient,2,0.481,22
1099,P-6-2,6,Porites,Control,Ambient,3,0.472,28
1100,P-6-2,6,Porites,Control,Ambient,5,0.454,44
1101,P-6-2,6,Porites,Control,Ambient,6,0.464,52
1102,P-6-2,6,Porites,Control,Ambient,7,0.414,59
1103,P-6-2,6,Porites,Control,Ambient,8,0.455,66
1104,P-6-2,6,Porites,Control,Ambient,9,0.468,73
1105,P-6-2,6,Porites,Control,Ambient,10,0.425,80
1106,P-6-7,6,Porites,Inorganic,Ambient,0,0.481,7
1107,P-6-7,6,Porites,Inorganic,Ambient,1,0.495,15
1108,P-6-7,6,Porites,Inorganic,Ambient,2,0.493,22
1109,P-6-7,6,Porites,Inorganic,Ambient,3,0.485,28
1110,P-6-7,6,Porites,Inorganic,Ambient,5,0.464,44
1111,P-6-7,6,Porites,Inorganic,Ambient,6,0.46,52
1112,P-6-7,6,Porites,Inorganic,Ambient,7,0.42,59
1113,P-6-7,6,Porites,Inorganic,Ambient,8,0.447,66
1114,P-6-7,6,Porites,Inorganic,Ambient,9,0.455,73
1115,P-6-7,6,Porites,Inorganic,Ambient,10,0.438,80
1116,P-6-12,6,Porites,Guano,Ambient,0,0.511,7
1117,P-6-12,6,Porites,Guano,Ambient,1,0.529,15
1118,P-6-12,6,Porites,Guano,Ambient,2,0.514,22
1119,P-6-12,6,Porites,Guano,Ambient,3,0.514,28
1120,P-6-12,6,Porites,Guano,Ambient,5,0.474,44
1121,P-6-12,6,Porites,Guano,Ambient,6,0.478,52
1122,P-6-12,6,Porites,Guano,Ambient,7,0.453,59
1123,P-6-12,6,Porites,Guano,Ambient,8,0.483,66
1124,P-6-12,6,Porites,Guano,Ambient,9,0.494,73
1125,P-6-12,6,Porites,Guano,Ambient,10,0.486,80
1126,P-6-17,6,Porites,Effluent,Ambient,0,0.518,7
1127,P-6-17,6,Porites,Effluent,Ambient,1,0.518,15
1128,P-6-17,6,Porites,Effluent,Ambient,2,0.504,22
1129,P-6-17,6,Porites,Effluent,Ambient,3,0.51,28
1130,P-6-17,6,Porites,Effluent,Ambient,5,0.476,44
1131,P-6-17,6,Porites,Effluent,Ambient,6,0.494,52
1132,P-6-17,6,Porites,Effluent,Ambient,7,0.42,59
1133,P-6-17,6,Porites,Effluent,Ambient,8,0.462,66
1134,P-6-17,6,Porites,Effluent,Ambient,9,0.479,73
1135,P-6-17,6,Porites,Effluent,Ambient,10,0.473,80
1136,P-6-22,6,Porites,Control,Heated,0,0.462,7
1137,P-6-22,6,Porites,Control,Heated,1,0.473,15
1138,P-6-22,6,Porites,Control,Heated,2,0.466,22
1139,P-6-22,6,Porites,Control,Heated,3,0.469,28
1140,P-6-22,6,Porites,Control,Heated,5,0.363,44
1141,P-6-22,6,Porites,Control,Heated,6,0.267,52
1142,P-6-22,6,Porites,Control,Heated,7,0.278,59
1143,P-6-22,6,Porites,Control,Heated,8,0.291,66
1144,P-6-22,6,Porites,Control,Heated,9,0.355,73
1145,P-6-22,6,Porites,Control,Heated,10,0.372,80
1146,P-6-23,6,Porites,Inorganic,Heated,0,0.516,7
1147,P-6-23,6,Porites,Inorganic,Heated,1,0.508,15
1148,P-6-23,6,Porites,Inorganic,Heated,2,0.497,22
1149,P-6-23,6,Porites,Inorganic,Heated,3,0.481,28
1150,P-6-23,6,Porites,Inorganic,Heated,5,0.469,44
1151,P-6-23,6,Porites,Inorganic,Heated,6,0.345,52
1152,P-6-23,6,Porites,Inorganic,Heated,7,0.376,59
1153,P-6-23,6,Porites,Inorganic,Heated,8,0.339,66
1154,P-6-23,6,Porites,Inorganic,Heated,9,0.412,73
1155,P-6-23,6,Porites,Inorganic,Heated,10,0.382,80
1156,P-6-24,6,Porites,Guano,Heated,0,0.514,7
1157,P-6-24,6,Porites,Guano,Heated,1,0.52,15
1158,P-6-24,6,Porites,Guano,Heated,2,0.497,22
1159,P-6-24,6,Porites,Guano,Heated,3,0.494,28
1160,P-6-24,6,Porites,Guano,Heated,5,0.362,44
1161,P-6-24,6,Porites,Guano,Heated,6,0.353,52
1162,P-6-24,6,Porites,Guano,Heated,7,0.399,59
1163,P-6-24,6,Porites,Guano,Heated,8,0.398,66
1164,P-6-25,6,Porites,Effluent,Heated,0,0.49,7
1165,P-6-25,6,Porites,Effluent,Heated,1,0.492,15
1166,P-6-25,6,Porites,Effluent,Heated,2,0.471,22
1167,P-6-25,6,Porites,Effluent,Heated,3,0.488,28
1168,P-6-25,6,Porites,Effluent,Heated,5,0.431,44
1169,P-6-25,6,Porites,Effluent,Heated,6,0.32,52
1170,P-6-25,6,Porites,Effluent,Heated,7,0.318,59
1171,P-6-25,6,Porites,Effluent,Heated,8,0.303,66
1172,P-6-25,6,Porites,Effluent,Heated,9,0.374,73
1173,P-6-25,6,Porites,Effluent,Heated,10,0.378,80
1174,P-7-2,7,Porites,Control,Ambient,0,0.512,7
1175,P-7-2,7,Porites,Control,Ambient,1,0.523,15
1176,P-7-2,7,Porites,Control,Ambient,2,0.512,22
1177,P-7-2,7,Porites,Control,Ambient,3,0.515,28
1178,P-7-2,7,Porites,Control,Ambient,5,0.498,44
1179,P-7-2,7,Porites,Control,Ambient,6,0.51,52
1180,P-7-2,7,Porites,Control,Ambient,7,0.458,59
1181,P-7-2,7,Porites,Control,Ambient,8,0.492,66
1182,P-7-2,7,Porites,Control,Ambient,9,0.524,73
1183,P-7-2,7,Porites,Control,Ambient,10,0.495,80
1184,P-7-7,7,Porites,Inorganic,Ambient,0,0.517,7
1185,P-7-7,7,Porites,Inorganic,Ambient,1,0.546,15
1186,P-7-7,7,Porites,Inorganic,Ambient,2,0.528,22
1187,P-7-7,7,Porites,Inorganic,Ambient,3,0.528,28
1188,P-7-7,7,Porites,Inorganic,Ambient,5,0.5,44
1189,P-7-7,7,Porites,Inorganic,Ambient,6,0.502,52
1190,P-7-7,7,Porites,Inorganic,Ambient,7,0.484,59
1191,P-7-7,7,Porites,Inorganic,Ambient,8,0.502,66
1192,P-7-7,7,Porites,Inorganic,Ambient,9,0.517,73
1193,P-7-7,7,Porites,Inorganic,Ambient,10,0.5,80
1194,P-7-12,7,Porites,Guano,Ambient,0,0.497,7
1195,P-7-12,7,Porites,Guano,Ambient,1,0.532,15
1196,P-7-12,7,Porites,Guano,Ambient,2,0.516,22
1197,P-7-12,7,Porites,Guano,Ambient,3,0.528,28
1198,P-7-12,7,Porites,Guano,Ambient,5,0.489,44
1199,P-7-12,7,Porites,Guano,Ambient,6,0.498,52
1200,P-7-12,7,Porites,Guano,Ambient,7,0.476,59
1201,P-7-12,7,Porites,Guano,Ambient,8,0.519,66
1202,P-7-12,7,Porites,Guano,Ambient,9,0.523,73
1203,P-7-12,7,Porites,Guano,Ambient,10,0.492,80
1204,P-7-17,7,Porites,Effluent,Ambient,0,0.513,7
1205,P-7-17,7,Porites,Effluent,Ambient,1,0.528,15
1206,P-7-17,7,Porites,Effluent,Ambient,2,0.509,22
1207,P-7-17,7,Porites,Effluent,Ambient,3,0.515,28
1208,P-7-17,7,Porites,Effluent,Ambient,5,0.506,44
1209,P-7-17,7,Porites,Effluent,Ambient,6,0.512,52
1210,P-7-17,7,Porites,Effluent,Ambient,7,0.496,59
1211,P-7-17,7,Porites,Effluent,Ambient,8,0.505,66
1212,P-7-17,7,Porites,Effluent,Ambient,9,0.515,73
1213,P-7-17,7,Porites,Effluent,Ambient,10,0.498,80
1214,P-7-22,7,Porites,Control,Heated,0,0.528,7
1215,P-7-22,7,Porites,Control,Heated,1,0.536,15
1216,P-7-22,7,Porites,Control,Heated,2,0.523,22
1217,P-7-22,7,Porites,Control,Heated,3,0.508,28
1218,P-7-22,7,Porites,Control,Heated,5,0.478,44
1219,P-7-22,7,Porites,Control,Heated,6,0.393,52
1220,P-7-22,7,Porites,Control,Heated,7,0.397,59
1221,P-7-22,7,Porites,Control,Heated,8,0.442,66
1222,P-7-22,7,Porites,Control,Heated,9,0.454,73
1223,P-7-22,7,Porites,Control,Heated,10,0.488,80
1224,P-7-23,7,Porites,Inorganic,Heated,0,0.524,7
1225,P-7-23,7,Porites,Inorganic,Heated,1,0.547,15
1226,P-7-23,7,Porites,Inorganic,Heated,2,0.53,22
1227,P-7-23,7,Porites,Inorganic,Heated,3,0.502,28
1228,P-7-23,7,Porites,Inorganic,Heated,5,0.459,44
1229,P-7-23,7,Porites,Inorganic,Heated,6,0.339,52
1230,P-7-23,7,Porites,Inorganic,Heated,7,0.317,59
1231,P-7-23,7,Porites,Inorganic,Heated,8,0.326,66
1232,P-7-23,7,Porites,Inorganic,Heated,9,0.333,73
1233,P-7-23,7,Porites,Inorganic,Heated,10,0.382,80
1234,P-7-24,7,Porites,Guano,Heated,0,0.527,7
1235,P-7-24,7,Porites,Guano,Heated,1,0.535,15
1236,P-7-24,7,Porites,Guano,Heated,2,0.534,22
1237,P-7-24,7,Porites,Guano,Heated,3,0.524,28
1238,P-7-24,7,Porites,Guano,Heated,5,0.434,44
1239,P-7-24,7,Porites,Guano,Heated,6,0.329,52
1240,P-7-24,7,Porites,Guano,Heated,7,0.437,59
1241,P-7-24,7,Porites,Guano,Heated,8,0.448,66
1242,P-7-24,7,Porites,Guano,Heated,9,0.479,73
1243,P-7-25,7,Porites,Effluent,Heated,0,0.517,7
1244,P-7-25,7,Porites,Effluent,Heated,1,0.541,15
1245,P-7-25,7,Porites,Effluent,Heated,2,0.519,22
1246,P-7-25,7,Porites,Effluent,Heated,3,0.504,28
1247,P-7-25,7,Porites,Effluent,Heated,5,0.442,44
1248,P-7-25,7,Porites,Effluent,Heated,6,0.36,52
1249,P-7-25,7,Porites,Effluent,Heated,7,0.377,59
1250,P-7-25,7,Porites,Effluent,Heated,8,0.426,66
1251,P-7-25,7,Porites,Effluent,Heated,9,0.46,73
1252,P-8-2,8,Porites,Control,Ambient,0,0.507,7
1253,P-8-2,8,Porites,Control,Ambient,1,0.489,15
1254,P-8-2,8,Porites,Control,Ambient,2,0.493,22
1255,P-8-2,8,Porites,Control,Ambient,3,0.516,28
1256,P-8-2,8,Porites,Control,Ambient,5,0.493,44
1257,P-8-2,8,Porites,Control,Ambient,6,0.5,52
1258,P-8-2,8,Porites,Control,Ambient,7,0.431,59
1259,P-8-2,8,Porites,Control,Ambient,8,0.48,66
1260,P-8-2,8,Porites,Control,Ambient,9,0.523,73
1261,P-8-2,8,Porites,Control,Ambient,10,0.495,80
1262,P-8-7,8,Porites,Inorganic,Ambient,0,0.493,7
1263,P-8-7,8,Porites,Inorganic,Ambient,1,0.498,15
1264,P-8-7,8,Porites,Inorganic,Ambient,2,0.517,22
1265,P-8-7,8,Porites,Inorganic,Ambient,3,0.554,28
1266,P-8-7,8,Porites,Inorganic,Ambient,5,0.456,44
1267,P-8-7,8,Porites,Inorganic,Ambient,6,0.455,52
1268,P-8-7,8,Porites,Inorganic,Ambient,7,0.446,59
1269,P-8-7,8,Porites,Inorganic,Ambient,8,0.484,66
1270,P-8-7,8,Porites,Inorganic,Ambient,9,0.495,73
1271,P-8-7,8,Porites,Inorganic,Ambient,10,0.485,80
1272,P-8-12,8,Porites,Guano,Ambient,0,0.529,7
1273,P-8-12,8,Porites,Guano,Ambient,1,0.53,15
1274,P-8-12,8,Porites,Guano,Ambient,2,0.54,22
1275,P-8-12,8,Porites,Guano,Ambient,3,0.554,28
1276,P-8-12,8,Porites,Guano,Ambient,5,0.514,44
1277,P-8-12,8,Porites,Guano,Ambient,6,0.504,52
1278,P-8-12,8,Porites,Guano,Ambient,7,0.495,59
1279,P-8-12,8,Porites,Guano,Ambient,8,0.527,66
1280,P-8-12,8,Porites,Guano,Ambient,9,0.535,73
1281,P-8-12,8,Porites,Guano,Ambient,10,0.508,80
1282,P-8-17,8,Porites,Effluent,Ambient,0,0.536,7
1283,P-8-17,8,Porites,Effluent,Ambient,1,0.524,15
1284,P-8-17,8,Porites,Effluent,Ambient,2,0.541,22
1285,P-8-17,8,Porites,Effluent,Ambient,3,0.544,28
1286,P-8-17,8,Porites,Effluent,Ambient,5,0.528,44
1287,P-8-17,8,Porites,Effluent,Ambient,6,0.513,52
1288,P-8-17,8,Porites,Effluent,Ambient,7,0.507,59
1289,P-8-17,8,Porites,Effluent,Ambient,8,0.521,66
1290,P-8-17,8,Porites,Effluent,Ambient,9,0.521,73
1291,P-8-17,8,Porites,Effluent,Ambient,10,0.519,80
1292,P-8-22,8,Porites,Control,Heated,0,0.5,7
1293,P-8-22,8,Porites,Control,Heated,1,0.508,15
1294,P-8-22,8,Porites,Control,Heated,2,0.499,22
1295,P-8-22,8,Porites,Control,Heated,3,0.492,28
1296,P-8-22,8,Porites,Control,Heated,5,0.459,44
1297,P-8-22,8,Porites,Control,Heated,6,0.331,52
1298,P-8-22,8,Porites,Control,Heated,7,0.358,59
1299,P-8-22,8,Porites,Control,Heated,8,0.343,66
1300,P-8-22,8,Porites,Control,Heated,9,0.415,73
1301,P-8-22,8,Porites,Control,Heated,10,0.426,80
1302,P-8-23,8,Porites,Inorganic,Heated,0,0.532,7
1303,P-8-23,8,Porites,Inorganic,Heated,1,0.518,15
1304,P-8-23,8,Porites,Inorganic,Heated,2,0.493,22
1305,P-8-23,8,Porites,Inorganic,Heated,3,0.502,28
1306,P-8-23,8,Porites,Inorganic,Heated,5,0.444,44
1307,P-8-23,8,Porites,Inorganic,Heated,6,0.293,52
1308,P-8-23,8,Porites,Inorganic,Heated,7,0.35,59
1309,P-8-23,8,Porites,Inorganic,Heated,8,0.357,66
1310,P-8-23,8,Porites,Inorganic,Heated,9,0.367,73
1311,P-8-23,8,Porites,Inorganic,Heated,10,0.432,80
1312,P-8-24,8,Porites,Guano,Heated,0,0.516,7
1313,P-8-24,8,Porites,Guano,Heated,1,0.517,15
1314,P-8-24,8,Porites,Guano,Heated,2,0.532,22
1315,P-8-24,8,Porites,Guano,Heated,3,0.534,28
1316,P-8-24,8,Porites,Guano,Heated,5,0.443,44
1317,P-8-24,8,Porites,Guano,Heated,6,0.369,52
1318,P-8-24,8,Porites,Guano,Heated,7,0.41,59
1319,P-8-24,8,Porites,Guano,Heated,8,0.441,66
1320,P-8-24,8,Porites,Guano,Heated,9,0.403,73
1321,P-8-24,8,Porites,Guano,Heated,10,0.37,80
1322,P-8-25,8,Porites,Effluent,Heated,0,0.494,7
1323,P-8-25,8,Porites,Effluent,Heated,1,0.529,15
1324,P-8-25,8,Porites,Effluent,Heated,2,0.512,22
1325,P-8-25,8,Porites,Effluent,Heated,3,0.502,28
1326,P-8-25,8,Porites,Effluent,Heated,5,0.428,44
1327,P-8-25,8,Porites,Effluent,Heated,6,0.331,52
1328,P-8-25,8,Porites,Effluent,Heated,7,0.343,59
1329,P-8-25,8,Porites,Effluent,Heated,8,0.36,66
1330,P-8-25,8,Porites,Effluent,Heated,9,0.415,73
1331,P-8-25,8,Porites,Effluent,Heated,10,0.42,80
1332,P-9-2,9,Porites,Control,Ambient,0,0.471,7
1333,P-9-2,9,Porites,Control,Ambient,1,0.487,15
1334,P-9-2,9,Porites,Control,Ambient,2,0.475,22
1335,P-9-2,9,Porites,Control,Ambient,3,0.488,28
1336,P-9-2,9,Porites,Control,Ambient,5,0.481,44
1337,P-9-2,9,Porites,Control,Ambient,6,0.482,52
1338,P-9-2,9,Porites,Control,Ambient,7,0.431,59
1339,P-9-2,9,Porites,Control,Ambient,8,0.471,66
1340,P-9-2,9,Porites,Control,Ambient,9,0.511,73
1341,P-9-2,9,Porites,Control,Ambient,10,0.481,80
1342,P-9-7,9,Porites,Inorganic,Ambient,0,0.48,7
1343,P-9-7,9,Porites,Inorganic,Ambient,1,0.498,15
1344,P-9-7,9,Porites,Inorganic,Ambient,2,0.494,22
1345,P-9-7,9,Porites,Inorganic,Ambient,3,0.518,28
1346,P-9-7,9,Porites,Inorganic,Ambient,5,0.421,44
1347,P-9-7,9,Porites,Inorganic,Ambient,6,0.44,52
1348,P-9-7,9,Porites,Inorganic,Ambient,7,0.432,59
1349,P-9-7,9,Porites,Inorganic,Ambient,8,0.474,66
1350,P-9-7,9,Porites,Inorganic,Ambient,9,0.497,73
1351,P-9-7,9,Porites,Inorganic,Ambient,10,0.477,80
1352,P-9-12,9,Porites,Guano,Ambient,0,0.493,7
1353,P-9-12,9,Porites,Guano,Ambient,1,0.495,15
1354,P-9-12,9,Porites,Guano,Ambient,2,0.514,22
1355,P-9-12,9,Porites,Guano,Ambient,3,0.518,28
1356,P-9-12,9,Porites,Guano,Ambient,5,0.483,44
1357,P-9-12,9,Porites,Guano,Ambient,6,0.449,52
1358,P-9-12,9,Porites,Guano,Ambient,7,0.438,59
1359,P-9-12,9,Porites,Guano,Ambient,8,0.495,66
1360,P-9-12,9,Porites,Guano,Ambient,9,0.497,73
1361,P-9-12,9,Porites,Guano,Ambient,10,0.472,80
1362,P-9-17,9,Porites,Effluent,Ambient,0,0.489,7
1363,P-9-17,9,Porites,Effluent,Ambient,1,0.493,15
1364,P-9-17,9,Porites,Effluent,Ambient,2,0.505,22
1365,P-9-17,9,Porites,Effluent,Ambient,3,0.506,28
1366,P-9-17,9,Porites,Effluent,Ambient,5,0.49,44
1367,P-9-17,9,Porites,Effluent,Ambient,6,0.49,52
1368,P-9-17,9,Porites,Effluent,Ambient,7,0.453,59
1369,P-9-17,9,Porites,Effluent,Ambient,8,0.49,66
1370,P-9-17,9,Porites,Effluent,Ambient,9,0.519,73
1371,P-9-17,9,Porites,Effluent,Ambient,10,0.491,80
1372,P-9-22,9,Porites,Control,Heated,0,0.475,7
1373,P-9-22,9,Porites,Control,Heated,1,0.487,15
1374,P-9-22,9,Porites,Control,Heated,2,0.465,22
1375,P-9-22,9,Porites,Control,Heated,3,0.476,28
1376,P-9-22,9,Porites,Control,Heated,5,0.432,44
1377,P-9-22,9,Porites,Control,Heated,6,0.335,52
1378,P-9-22,9,Porites,Control,Heated,7,0.301,59
1379,P-9-22,9,Porites,Control,Heated,8,0.358,66
1380,P-9-22,9,Porites,Control,Heated,9,0.431,73
1381,P-9-22,9,Porites,Control,Heated,10,0.435,80
1382,P-9-23,9,Porites,Inorganic,Heated,0,0.484,7
1383,P-9-23,9,Porites,Inorganic,Heated,1,0.481,15
1384,P-9-23,9,Porites,Inorganic,Heated,2,0.458,22
1385,P-9-23,9,Porites,Inorganic,Heated,3,0.458,28
1386,P-9-23,9,Porites,Inorganic,Heated,5,0.4,44
1387,P-9-23,9,Porites,Inorganic,Heated,6,0.219,52
1388,P-9-23,9,Porites,Inorganic,Heated,8,0.368,66
1389,P-9-23,9,Porites,Inorganic,Heated,9,0.41,73
1390,P-9-24,9,Porites,Guano,Heated,0,0.49,7
1391,P-9-24,9,Porites,Guano,Heated,1,0.493,15
1392,P-9-24,9,Porites,Guano,Heated,2,0.503,22
1393,P-9-24,9,Porites,Guano,Heated,3,0.502,28
1394,P-9-24,9,Porites,Guano,Heated,5,0.399,44
1395,P-9-24,9,Porites,Guano,Heated,6,0.3,52
1396,P-9-24,9,Porites,Guano,Heated,7,0.354,59
1397,P-9-24,9,Porites,Guano,Heated,8,0.34,66
1398,P-9-24,9,Porites,Guano,Heated,9,0.364,73
1399,P-9-25,9,Porites,Effluent,Heated,0,0.499,7
1400,P-9-25,9,Porites,Effluent,Heated,1,0.498,15
1401,P-9-25,9,Porites,Effluent,Heated,2,0.492,22
1402,P-9-25,9,Porites,Effluent,Heated,3,0.47,28
1403,P-9-25,9,Porites,Effluent,Heated,5,0.404,44
1404,P-9-25,9,Porites,Effluent,Heated,6,0.302,52
1405,P-9-25,9,Porites,Effluent,Heated,7,0.366,59
1406,P-9-25,9,Porites,Effluent,Heated,8,0.358,66
1407,P-9-25,9,Porites,Effluent,Heated,9,0.414,73
1408,P-9-25,9,Porites,Effluent,Heated,10,0.406,80
