Frag_ID,Species,Genotype,Timepoint,Treatment,Temperature,Trt_temp,Squares_counted.1mm2,Total blastate.ml,rep1,rep2,rep3,rep4,Mean.cells,Stdev,StError,CV,Cells.mm2,Cells.ml,Total.cells
M-1-26,Montipora,1,T2,Control,Ambient,c-a,1,25,136,128,114,133,127.75,9.7,4.87,7.63,127.75,1277500,31937500
M-1-27,Montipora,1,T2,Inorganic,Ambient,i-a,3,25,112,127,107,130,119,11.2,5.61,9.43,39.67,396667,9916667
M-1-28,Montipora,1,T2,Guano,Ambient,g-a,3,25,121,127,146,129,130.75,10.7,5.36,8.2,43.58,435833,10895833
M-1-30,Montipora,1,T2,Effluent,Ambient,e-a,3,25,194,208,182,204,197,11.6,5.8,5.89,65.67,656667,16416667
M-1-4,Montipora,1,T2,Control,Heated,c-h,4,25,98,75,69,85,81.75,12.7,6.34,15.52,20.44,204375,5109375
M-1-9,Montipora,1,T2,Inorganic,Heated,i-h,4,25,62,51,55,78,61.5,11.9,5.95,19.35,15.38,153750,3843750
M-1-14,Montipora,1,T2,Guano,Heated,g-h,4,25,33,17,27,29,26.5,6.8,3.4,25.69,6.63,66250,1656250
M-1-19,Montipora,1,T2,Effluent,Heated,e-h,4,25,50,51,43,35,44.75,7.4,3.71,16.56,11.19,111875,2796875
M-3-26,Montipora,3,T2,Control,Ambient,c-a,1,25,129,118,119,105,117.75,9.8,4.92,8.36,117.75,1177500,29437500
M-3-27,Montipora,3,T2,Inorganic,Ambient,i-a,1,25,160,147,199,208,178.5,29.6,14.79,16.57,178.5,1785000,44625000
M-3-28,Montipora,3,T2,Guano,Ambient,g-a,1,25,99,77,82,88,86.5,9.5,4.73,10.95,86.5,865000,21625000
M-3-29,Montipora,3,T2,Effluent,Ambient,e-a,1,25,86,55,56,67,66,14.4,7.2,21.82,66,660000,16500000
M-3-4,Montipora,3,T2,Control,Heated,c-h,4,25,107,96,106,96,101.25,6.1,3.04,6,25.31,253125,6328125
M-3-9,Montipora,3,T2,Inorganic,Heated,i-h,4,25,120,105,89,89,100.75,14.9,7.44,14.77,25.19,251875,6296875
M-3-14,Montipora,3,T2,Guano,Heated,g-h,4,25,130,134,93,109,116.5,19.1,9.56,16.41,29.13,291250,7281250
M-3-19,Montipora,3,T2,Effluent,Heated,e-h,4,25,83,80,81,96,85,7.4,3.72,8.75,21.25,212500,5312500
M-4-26,Montipora,4,T2,Control,Ambient,c-a,3,25,34,44,41,44,40.75,4.7,2.36,11.58,13.58,135833,3395833
M-4-27,Montipora,4,T2,Inorganic,Ambient,i-a,3,25,92,87,83,84,86.5,4,2.02,4.67,28.83,288333,7208333
M-4-28,Montipora,4,T2,Guano,Ambient,g-a,3,25,123,99,92,116,107.5,14.4,7.22,13.43,35.83,358333,8958333
M-4-29,Montipora,4,T2,Effluent,Ambient,e-a,3,25,72,77,63,70,70.5,5.8,2.9,8.23,23.5,235000,5875000
M-4-4,Montipora,4,T2,Control,Heated,c-h,4,25,78,79,98,86,85.25,9.2,4.61,10.81,21.31,213125,5328125
M-4-9,Montipora,4,T2,Inorganic,Heated,i-h,4,25,66,72,49,58,61.25,10,4.99,16.29,15.31,153125,3828125
M-4-14,Montipora,4,T2,Guano,Heated,g-h,4,25,84,66,57,58,66.25,12.5,6.25,18.87,16.56,165625,4140625
M-4-19,Montipora,4,T2,Effluent,Heated,e-h,4,25,70,58,68,68,66,5.4,2.71,8.21,16.5,165000,4125000
M-7-26,Montipora,7,T2,Control,Ambient,c-a,1,25,82,97,84,69,83,11.5,5.73,13.81,83,830000,20750000
M-7-27,Montipora,7,T2,Inorganic,Ambient,i-a,3,25,62,74,57,66,64.75,7.2,3.59,11.09,21.58,215833,5395833
M-7-28,Montipora,7,T2,Guano,Ambient,g-a,3,25,78,59,62,58,64.25,9.3,4.66,14.51,21.42,214167,5354167
M-7-29,Montipora,7,T2,Effluent,Ambient,e-a,2,25,73,46,52,64,58.75,12.1,6.05,20.58,29.38,293750,7343750
M-7-30,Montipora,7,T2,Control,Heated,c-h,4,25,24,22,23,17,21.5,3.1,1.55,14.46,5.38,53750,1343750
M-7-9,Montipora,7,T2,Inorganic,Heated,i-h,4,25,12,9,10,11,10.5,1.3,0.65,12.3,2.63,26250,656250
M-7-14,Montipora,7,T2,Guano,Heated,g-h,4,25,17,14,17,17,16.25,1.5,0.75,9.23,4.06,40625,1015625
M-7-19,Montipora,7,T2,Effluent,Heated,e-h,4,25,19,13,18,12,15.5,3.5,1.76,22.66,3.88,38750,968750
M-8-26,Montipora,8,T2,Control,Ambient,c-a,2,25,134,153,124,141,138,12.2,6.1,8.84,69,690000,17250000
M-8-27,Montipora,8,T2,Inorganic,Ambient,i-a,2,25,141,148,125,148,140.5,10.8,5.42,7.72,70.25,702500,17562500
M-8-28,Montipora,8,T2,Guano,Ambient,g-a,2,25,116,101,90,128,108.75,16.7,8.34,15.34,54.38,543750,13593750
M-8-29,Montipora,8,T2,Effluent,Ambient,e-a,2,25,111,145,106,121,120.75,17.3,8.66,14.35,60.38,603750,15093750
M-8-4,Montipora,8,T2,Control,Heated,c-h,2,25,103,98,75,103,94.75,13.4,6.69,14.12,47.38,473750,11843750
M-8-9,Montipora,8,T2,Inorganic,Heated,i-h,2,25,164,171,141,125,150.25,21.2,10.58,14.08,75.13,751250,18781250
M-8-30,Montipora,8,T2,Guano,Heated,g-h,1,25,124,143,121,148,134,13.5,6.75,10.07,134,1340000,33500000
M-8-19,Montipora,8,T2,Effluent,Heated,e-h,2,25,121,155,117,130,130.75,17.1,8.53,13.04,65.38,653750,16343750
P-1-26,Porites,1,T2,Control,Ambient,c-a,1,25,100,118,81,89,97,16,8.01,16.52,97,970000,24250000
P-1-27,Porites,1,T2,Inorganic,Ambient,i-a,1,25,88,75,76,84,80.75,6.3,3.15,7.79,80.75,807500,20187500
P-1-28,Porites,1,T2,Guano,Ambient,g-a,1,30,77,67,62,61,66.75,7.3,3.66,10.97,66.75,667500,16687500
P-1-29,Porites,1,T2,Effluent,Ambient,e-a,1,25,133,159,163,153,152,13.3,6.66,8.76,152,1520000,38000000
P-1-4,Porites,1,T2,Control,Heated,c-h,4,25,70,97,61,75,75.75,15.3,7.65,20.2,18.94,189375,4734375
P-1-9,Porites,1,T2,Inorganic,Heated,i-h,4,25,35,50,42,45,43,6.3,3.14,14.59,10.75,107500,2687500
P-1-14,Porites,1,T2,Guano,Heated,g-h,4,25,112,142,135,126,128.75,12.9,6.47,10.05,32.19,321875,8046875
P-1-19,Porites,1,T2,Effluent,Heated,e-h,4,25,23,20,19,22,21,1.8,0.91,8.69,5.25,52500,1312500
P-3-26,Porites,3,T2,Control,Ambient,c-a,2,25,92,71,92,65,80,14.1,7.04,17.59,40,400000,10000000
P-3-27,Porites,3,T2,Inorganic,Ambient,i-a,2,25,87,97,80,94,89.5,7.6,3.8,8.48,44.75,447500,11187500
P-3-28,Porites,3,T2,Guano,Ambient,g-a,2,25,105,107,113,101,106.5,5,2.5,4.69,53.25,532500,13312500
P-3-29,Porites,3,T2,Effluent,Ambient,e-a,4,25,52,47,47,55,50.25,3.9,1.97,7.86,12.56,125625,3140625
P-3-4,Porites,3,T2,Control,Heated,c-h,4,25,29,29,27,18,25.75,5.3,2.63,20.4,6.44,64375,1609375
P-3-9,Porites,3,T2,Inorganic,Heated,i-h,4,25,29,36,38,31,33.5,4.2,2.1,12.55,8.38,83750,2093750
P-3-14,Porites,3,T2,Guano,Heated,g-h,4,25,70,69,64,63,66.5,3.5,1.76,5.28,16.63,166250,4156250
P-3-19,Porites,3,T2,Effluent,Heated,e-h,4,25,35,33,29,30,31.75,2.8,1.38,8.67,7.94,79375,1984375
P-6-26,Porites,6,T2,Control,Ambient,c-a,2,25,155,142,160,138,148.75,10.4,5.22,7.02,74.38,743750,18593750
P-6-27,Porites,6,T2,Inorganic,Ambient,i-a,1,25,117,120,140,103,120,15.3,7.63,12.71,120,1200000,30000000
P-6-28,Porites,6,T2,Guano,Ambient,g-a,2,25,123,92,109,117,110.25,13.5,6.73,12.2,55.13,551250,13781250
P-6-29,Porites,6,T2,Effluent,Ambient,e-a,1,25,124,113,119,145,125.25,13.9,6.96,11.11,125.25,1252500,31312500
P-6-4,Porites,6,T2,Control,Heated,c-h,4,25,83,93,120,113,102.25,17.2,8.6,16.81,25.56,255625,6390625
P-6-9,Porites,6,T2,Inorganic,Heated,i-h,4,25,49,55,64,56,56,6.2,3.08,11.01,14,140000,3500000
P-6-14,Porites,6,T2,Guano,Heated,g-h,4,25,28,38,34,30,32.5,4.4,2.22,13.65,8.13,81250,2031250
P-6-19,Porites,6,T2,Effluent,Heated,e-h,4,25,41,50,48,37,44,6.1,3.03,13.76,11,110000,2750000
P-8-26,Porites,8,T2,Control,Ambient,c-a,2,25,89,107,110,87,98.25,11.9,5.96,12.14,49.13,491250,12281250
P-8-27,Porites,8,T2,Inorganic,Ambient,i-a,2,25,131,138,165,141,143.75,14.8,7.39,10.28,71.88,718750,17968750
P-8-28,Porites,8,T2,Guano,Ambient,g-a,1,25,111,122,115,124,118,6.1,3.03,5.13,118,1180000,29500000
P-8-29,Porites,8,T2,Effluent,Ambient,e-a,1,25,149,134,135,141,139.75,6.9,3.45,4.94,139.75,1397500,34937500
P-8-4,Porites,8,T2,Control,Heated,c-h,4,25,97,86,118,117,104.5,15.7,7.84,15,26.13,261250,6531250
P-8-9,Porites,8,T2,Inorganic,Heated,i-h,4,25,29,26,29,37,30.25,4.7,2.36,15.59,7.56,75625,1890625
P-8-14,Porites,8,T2,Guano,Heated,g-h,4,25,38,51,49,38,44,7,3.49,15.85,11,110000,2750000
P-8-19,Porites,8,T2,Effluent,Heated,e-h,4,25,36,36,29,39,35,4.2,2.12,12.12,8.75,87500,2187500
P-9-26,Porites,9,T2,Control,Ambient,c-a,2,25,96,100,80,87,90.75,9,4.5,9.91,45.38,453750,11343750
P-9-27,Porites,9,T2,Inorganic,Ambient,i-a,2,25,98,143,130,87,114.5,26.3,13.17,23,57.25,572500,14312500
P-9-28,Porites,9,T2,Guano,Ambient,g-a,1,25,81,86,65,79,77.75,9,4.5,11.57,77.75,777500,19437500
P-9-29,Porites,9,T2,Effluent,Ambient,e-a,2,25,119,108,134,129,122.5,11.5,5.75,9.39,61.25,612500,15312500
P-9-4,Porites,9,T2,Control,Heated,c-h,4,25,48,32,38,39,39.25,6.6,3.3,16.82,9.81,98125,2453125
P-9-9,Porites,9,T2,Inorganic,Heated,i-h,4,25,38,46,47,47,44.5,4.4,2.18,9.8,11.13,111250,2781250
P-9-14,Porites,9,T2,Guano,Heated,g-h,4,25,49,51,35,33,42,9.3,4.65,22.17,10.5,105000,2625000
P-9-19,Porites,9,T2,Effluent,Heated,e-h,4,25,38,26,29,32,31.25,5.1,2.56,16.4,7.81,78125,1953125
M-1-2,Montipora,1,T3,Control,Ambient,c-a,1,25,84,96,81,76,84.25,8.5,4.25,10.09,84.25,842500,21062500
M-1-7,Montipora,1,T3,Inorganic,Ambient,i-a,2,25,130,108,119,131,122,10.8,5.4,8.85,61,610000,15250000
M-1-12,Montipora,1,T3,Guano,Ambient,g-a,1,25,167,166,176,133,160.5,18.9,9.44,11.76,160.5,1605000,40125000
M-1-17,Montipora,1,T3,Effluent,Ambient,e-a,2,25,120,135,114,112,120.25,10.4,5.2,8.65,60.13,601250,15031250
M-1-22,Montipora,1,T3,Control,Heated,c-h,3,25,103,94,68,118,95.75,21,10.49,21.91,31.92,319167,7979167
M-1-23,Montipora,1,T3,Inorganic,Heated,i-h,3,25,112,82,94,76,91,15.9,7.94,17.44,30.33,303333,7583333
M-1-24,Montipora,1,T3,Guano,Heated,g-h,4,25,22,11,20,23,19,5.5,2.74,28.83,4.75,47500,1187500
M-1-25,Montipora,1,T3,Effluent,Heated,e-h,2,25,103,133,158,108,125.5,25.3,12.67,20.18,62.75,627500,15687500
M-3-2,Montipora,3,T3,Control,Ambient,c-a,2,25,170,131,129,141,142.75,18.9,9.45,13.25,71.38,713750,17843750
M-3-7,Montipora,3,T3,Inorganic,Ambient,i-a,3,25,102,150,105,158,128.75,29.4,14.68,22.81,42.92,429167,10729167
M-3-12,Montipora,3,T3,Guano,Ambient,g-a,2,25,97,83,93,98,92.75,6.8,3.42,7.38,46.38,463750,11593750
M-3-17,Montipora,3,T3,Effluent,Ambient,e-a,2,25,80,91,69,89,82.25,10,5.02,12.21,41.13,411250,10281250
M-3-22,Montipora,3,T3,Control,Heated,c-h,3,25,98,73,88,78,84.25,11.1,5.54,13.16,28.08,280833,7020833
M-3-23,Montipora,3,T3,Inorganic,Heated,i-h,2,25,106,119,85,106,104,14.1,7.04,13.53,52,520000,13000000
M-3-15,Montipora,3,T3,Guano,Heated,g-h,3,25,94,108,87,74,90.75,14.2,7.09,15.62,30.25,302500,7562500
M-3-25,Montipora,3,T3,Effluent,Heated,e-h,2,25,88,123,132,85,107,24,11.99,22.42,53.5,535000,13375000
M-4-2,Montipora,4,T3,Control,Ambient,c-a,2,25,122,149,104,108,120.75,20.4,10.18,16.86,60.38,603750,15093750
M-4-7,Montipora,4,T3,Inorganic,Ambient,i-a,2,25,75,72,77,76,75,2.2,1.08,2.88,37.5,375000,9375000
M-4-12,Montipora,4,T3,Guano,Ambient,g-a,2,25,93,92,105,119,102.25,12.6,6.32,12.35,51.13,511250,12781250
M-4-17,Montipora,4,T3,Effluent,Ambient,e-a,2,25,137,130,144,117,132,11.5,5.76,8.73,66,660000,16500000
M-4-5,Montipora,4,T3,Control,Heated,c-h,4,25,79,74,76,71,75,3.4,1.68,4.49,18.75,187500,4687500
M-4-23,Montipora,4,T3,Inorganic,Heated,i-h,2,25,117,86,105,125,108.25,17,8.48,15.67,54.13,541250,13531250
M-4-24,Montipora,4,T3,Guano,Heated,g-h,3,25,113,155,156,135,139.75,20.3,10.14,14.52,46.58,465833,11645833
M-4-25,Montipora,4,T3,Effluent,Heated,e-h,3,25,95,110,109,102,104,7,3.49,6.71,34.67,346667,8666667
M-7-2,Montipora,7,T3,Control,Ambient,c-a,3,25,102,127,131,119,119.75,12.8,6.42,10.72,39.92,399167,9979167
M-7-6,Montipora,7,T3,Inorganic,Ambient,i-a,4,25,85,121,122,86,103.5,20.8,10.4,20.09,25.88,258750,6468750
M-7-12,Montipora,7,T3,Guano,Ambient,g-a,2,25,107,111,141,104,115.75,17.1,8.54,14.75,57.88,578750,14468750
M-7-16,Montipora,7,T3,Effluent,Ambient,e-a,4,25,50,64,65,76,63.75,10.7,5.33,16.72,15.94,159375,3984375
M-7-22,Montipora,7,T3,Control,Heated,c-h,4,25,8,11,10,8,9.25,1.5,0.75,16.22,2.31,23125,578125
M-7-7,Montipora,7,T3,Inorganic,Ambient,i-a,3,25,81,81,80,59,75.25,10.8,5.42,14.41,25.08,250833,6270833
M-7-24,Montipora,7,T3,Guano,Heated,g-h,NA,NA,NA,NA,NA,NA,NA,NA,NA,NA,NA,NA,NA
M-7-25,Montipora,7,T3,Effluent,Heated,e-h,4,25,20,18,14,16,17,2.6,1.29,15.19,4.25,42500,1062500
M-8-2,Montipora,8,T3,Control,Ambient,c-a,1,25,159,119,132,124,133.5,17.8,8.91,13.35,133.5,1335000,33375000
M-8-7,Montipora,8,T3,Inorganic,Ambient,i-a,1,25,127,116,119,118,120,4.8,2.42,4.03,120,1200000,30000000
M-8-12,Montipora,8,T3,Guano,Ambient,g-a,1,25,142,157,152,129,145,12.4,6.18,8.52,145,1450000,36250000
M-8-17,Montipora,8,T3,Effluent,Ambient,e-a,1,25,133,99,143,102,119.25,22.1,11.03,18.5,119.25,1192500,29812500
M-8-22,Montipora,8,T3,Control,Heated,c-h,2,25,95,149,102,136,120.5,26.1,13.05,21.67,60.25,602500,15062500
M-8-23,Montipora,8,T3,Inorganic,Heated,i-h,1,25,78,87,84,73,80.5,6.2,3.12,7.76,80.5,805000,20125000
M-8-24,Montipora,8,T3,Guano,Heated,g-h,1,25,144,86,111,106,111.75,24.1,12.03,21.53,111.75,1117500,27937500
M-8-25,Montipora,8,T3,Effluent,Heated,e-h,1,25,106,93,97,144,110,23.3,11.65,21.19,110,1100000,27500000
P-1-2,Porites,1,T3,Control,Ambient,c-a,4,25,94,80,85,80,84.75,6.6,3.3,7.79,21.19,211875,5296875
P-1-7,Porites,1,T3,Inorganic,Ambient,i-a,2,25,111,94,82,110,99.25,13.9,6.94,13.99,49.63,496250,12406250
P-1-12,Porites,1,T3,Guano,Ambient,g-a,1,25,84,92,69,77,80.5,9.8,4.91,12.19,80.5,805000,20125000
P-1-17,Porites,1,T3,Effluent,Ambient,e-a,2,25,143,156,120,147,141.5,15.3,7.66,10.83,70.75,707500,17687500
P-1-22,Porites,1,T3,Control,Heated,c-h,2,25,115,86,107,93,100.25,13.1,6.57,13.12,50.13,501250,12531250
P-1-23,Porites,1,T3,Inorganic,Heated,i-h,4,25,52,49,32,52,46.25,9.6,4.8,20.77,11.56,115625,2890625
P-1-24,Porites,1,T3,Guano,Heated,g-h,2,25,103,97,127,109,109,13,6.48,11.89,54.5,545000,13625000
P-1-25,Porites,1,T3,Effluent,Heated,e-h,NA,NA,NA,NA,NA,NA,NA,NA,NA,NA,NA,NA,NA
P-3-2,Porites,3,T3,Control,Ambient,c-a,2,25,96,66,76,72,77.5,13,6.5,16.77,38.75,387500,9687500
P-3-7,Porites,3,T3,Inorganic,Ambient,i-a,2,25,132,128,127,112,124.75,8.8,4.39,7.03,62.38,623750,15593750
P-3-12,Porites,3,T3,Guano,Ambient,g-a,1,25,84,93,107,107,97.75,11.3,5.65,11.56,97.75,977500,24437500
P-3-17,Porites,3,T3,Effluent,Ambient,e-a,2,25,97,116,79,124,104,20.1,10.07,19.37,52,520000,13000000
P-3-22,Porites,3,T3,Control,Heated,c-h,NA,NA,NA,NA,NA,NA,NA,NA,NA,NA,NA,NA,NA
P-3-23,Porites,3,T3,Inorganic,Heated,i-h,4,25,31,40,31,27,32.25,5.5,2.75,17.05,8.06,80625,2015625
P-3-24,Porites,3,T3,Guano,Heated,g-h,NA,NA,NA,NA,NA,NA,NA,NA,NA,NA,NA,NA,NA
P-3-25,Porites,3,T3,Effluent,Heated,e-h,NA,NA,NA,NA,NA,NA,NA,NA,NA,NA,NA,NA,NA
P-6-2,Porites,6,T3,Control,Ambient,c-a,1,25,75,61,57,60,63.25,8,4.01,12.67,63.25,632500,15812500
P-6-7,Porites,6,T3,Inorganic,Ambient,i-a,1,25,63,97,104,77,85.25,18.7,9.37,21.97,85.25,852500,21312500
P-6-12,Porites,6,T3,Guano,Ambient,g-a,2,25,124,124,120,112,120,5.7,2.83,4.71,60,600000,15000000
P-6-17,Porites,6,T3,Effluent,Ambient,e-a,1,25,99,119,124,119,115.25,11.1,5.54,9.62,115.25,1152500,28812500
P-6-22,Porites,6,T3,Control,Heated,c-h,NA,NA,NA,NA,NA,NA,NA,NA,NA,NA,NA,NA,NA
P-6-23,Porites,6,T3,Inorganic,Heated,i-h,4,25,95,97,109,111,103,8.2,4.08,7.93,25.75,257500,6437500
P-6-15,Porites,6,T3,Guano,Heated,g-h,4,25,19,25,26,22,23,3.2,1.58,13.75,5.75,57500,1437500
P-6-25,Porites,6,T3,Effluent,Heated,e-h,2,25,73,64,72,87,74,9.6,4.78,12.91,37,370000,9250000
P-8-2,Porites,8,T3,Control,Ambient,c-a,1,25,84,95,73,72,81,10.8,5.4,13.33,81,810000,20250000
P-8-7,Porites,8,T3,Inorganic,Ambient,i-a,1,25,93,84,90,99,91.5,6.2,3.12,6.83,91.5,915000,22875000
P-8-12,Porites,8,T3,Guano,Ambient,g-a,1,25,92,87,118,107,101,14.2,7.08,14.03,101,1010000,25250000
P-8-17,Porites,8,T3,Effluent,Ambient,e-a,1,25,76,80,86,103,86.25,11.9,5.95,13.8,86.25,862500,21562500
P-8-22,Porites,8,T3,Control,Heated,c-h,4,25,91,133,93,114,107.75,19.8,9.89,18.37,26.94,269375,6734375
P-8-23,Porites,8,T3,Inorganic,Heated,i-h,4,25,32,23,33,35,30.75,5.3,2.66,17.28,7.69,76875,1921875
P-8-24,Porites,8,T3,Guano,Heated,g-h,NA,NA,NA,NA,NA,NA,NA,NA,NA,NA,NA,NA,NA
P-8-25,Porites,8,T3,Effluent,Heated,e-h,4,25,15,13,10,15,13.25,2.4,1.18,17.83,3.31,33125,828125
P-9-2,Porites,9,T3,Control,Ambient,c-a,2,25,130,96,146,130,125.5,21.1,10.53,16.78,62.75,627500,15687500
P-9-7,Porites,9,T3,Inorganic,Ambient,i-a,1,25,90,79,90,115,93.5,15.2,7.62,16.3,93.5,935000,23375000
P-9-12,Porites,9,T3,Guano,Ambient,g-a,2,25,115,89,92,94,97.5,11.8,5.92,12.15,48.75,487500,12187500
P-9-17,Porites,9,T3,Effluent,Ambient,e-a,2,25,113,89,72,88,90.5,16.9,8.45,18.68,45.25,452500,11312500
P-9-22,Porites,9,T3,Control,Heated,c-h,4,25,69,55,71,40,58.75,14.4,7.19,24.48,14.69,146875,3671875
P-9-10,Porites,9,T3,Inorganic,Heated,i-h,4,25,32,35,39,35,35.25,2.9,1.44,8.15,8.81,88125,2203125
P-9-24,Porites,9,T3,Guano,Heated,g-h,NA,NA,NA,NA,NA,NA,NA,NA,NA,NA,NA,NA,NA
P-9-25,Porites,9,T3,Effluent,Heated,e-h,4,25,72,85,84,60,75.25,11.8,5.88,15.63,18.81,188125,4703125
