Date,Time,Date_Time,Timepoint,Tank,PAR
7/19/2023,0:15:00,7/19/2023 0:15,1,MCAP AMB,0
7/19/2023,0:30:00,7/19/2023 0:30,2,MCAP AMB,0
7/19/2023,0:45:00,7/19/2023 0:45,3,MCAP AMB,0
7/19/2023,1:00:00,7/19/2023 1:00,4,MCAP AMB,0
7/19/2023,1:15:00,7/19/2023 1:15,5,MCAP AMB,0
7/19/2023,1:30:00,7/19/2023 1:30,6,MCAP AMB,0
7/19/2023,1:45:00,7/19/2023 1:45,7,MCAP AMB,0
7/19/2023,2:00:00,7/19/2023 2:00,8,MCAP AMB,0
7/19/2023,2:15:00,7/19/2023 2:15,9,MCAP AMB,0
7/19/2023,2:30:00,7/19/2023 2:30,10,MCAP AMB,0
7/19/2023,2:45:00,7/19/2023 2:45,11,MCAP AMB,0
7/19/2023,3:00:00,7/19/2023 3:00,12,MCAP AMB,0
7/19/2023,3:15:00,7/19/2023 3:15,13,MCAP AMB,0
7/19/2023,3:30:00,7/19/2023 3:30,14,MCAP AMB,0
7/19/2023,3:45:00,7/19/2023 3:45,15,MCAP AMB,0
7/19/2023,4:00:00,7/19/2023 4:00,16,MCAP AMB,0
7/19/2023,4:15:00,7/19/2023 4:15,17,MCAP AMB,0
7/19/2023,4:30:00,7/19/2023 4:30,18,MCAP AMB,0
7/19/2023,4:45:00,7/19/2023 4:45,19,MCAP AMB,0
7/19/2023,5:00:00,7/19/2023 5:00,20,MCAP AMB,0
7/19/2023,5:15:00,7/19/2023 5:15,21,MCAP AMB,0
7/19/2023,5:30:00,7/19/2023 5:30,22,MCAP AMB,0
7/19/2023,5:45:00,7/19/2023 5:45,23,MCAP AMB,0
7/19/2023,6:00:00,7/19/2023 6:00,24,MCAP AMB,0
7/19/2023,6:15:00,7/19/2023 6:15,25,MCAP AMB,1.5
7/19/2023,6:30:00,7/19/2023 6:30,26,MCAP AMB,2.6
7/19/2023,6:45:00,7/19/2023 6:45,27,MCAP AMB,5
7/19/2023,7:00:00,7/19/2023 7:00,28,MCAP AMB,5.1
7/19/2023,7:15:00,7/19/2023 7:15,29,MCAP AMB,8.5
7/19/2023,7:30:00,7/19/2023 7:30,30,MCAP AMB,9.5
7/19/2023,7:45:00,7/19/2023 7:45,31,MCAP AMB,15.7
7/19/2023,8:00:00,7/19/2023 8:00,32,MCAP AMB,23
7/19/2023,8:15:00,7/19/2023 8:15,33,MCAP AMB,34.5
7/19/2023,8:30:00,7/19/2023 8:30,34,MCAP AMB,26.3
7/19/2023,8:45:00,7/19/2023 8:45,35,MCAP AMB,39
7/19/2023,9:00:00,7/19/2023 9:00,36,MCAP AMB,59.5
7/19/2023,9:15:00,7/19/2023 9:15,37,MCAP AMB,46.7
7/19/2023,9:30:00,7/19/2023 9:30,38,MCAP AMB,41.7
7/19/2023,9:45:00,7/19/2023 9:45,39,MCAP AMB,59
7/19/2023,10:00:00,7/19/2023 10:00,40,MCAP AMB,45.8
7/19/2023,10:15:00,7/19/2023 10:15,41,MCAP AMB,72.1
7/19/2023,10:30:00,7/19/2023 10:30,42,MCAP AMB,116.6
7/19/2023,10:45:00,7/19/2023 10:45,43,MCAP AMB,87.9
7/19/2023,11:00:00,7/19/2023 11:00,44,MCAP AMB,79.4
7/19/2023,11:15:00,7/19/2023 11:15,45,MCAP AMB,85.5
7/19/2023,11:30:00,7/19/2023 11:30,46,MCAP AMB,132.4
7/19/2023,11:45:00,7/19/2023 11:45,47,MCAP AMB,183.1
7/19/2023,12:00:00,7/19/2023 12:00,48,MCAP AMB,120.8
7/19/2023,12:15:00,7/19/2023 12:15,49,MCAP AMB,174.9
7/19/2023,12:30:00,7/19/2023 12:30,50,MCAP AMB,72
7/19/2023,12:45:00,7/19/2023 12:45,51,MCAP AMB,77.2
7/19/2023,13:00:00,7/19/2023 13:00,52,MCAP AMB,91.4
7/19/2023,13:15:00,7/19/2023 13:15,53,MCAP AMB,124.2
7/19/2023,13:30:00,7/19/2023 13:30,54,MCAP AMB,102.8
7/19/2023,13:45:00,7/19/2023 13:45,55,MCAP AMB,104
7/19/2023,14:00:00,7/19/2023 14:00,56,MCAP AMB,106
7/19/2023,14:15:00,7/19/2023 14:15,57,MCAP AMB,124.5
7/19/2023,14:30:00,7/19/2023 14:30,58,MCAP AMB,81.6
7/19/2023,14:45:00,7/19/2023 14:45,59,MCAP AMB,56.2
7/19/2023,15:00:00,7/19/2023 15:00,60,MCAP AMB,42.5
7/19/2023,15:15:00,7/19/2023 15:15,61,MCAP AMB,62
7/19/2023,15:30:00,7/19/2023 15:30,62,MCAP AMB,88.3
7/19/2023,15:45:00,7/19/2023 15:45,63,MCAP AMB,27.2
7/19/2023,16:00:00,7/19/2023 16:00,64,MCAP AMB,13.1
7/19/2023,16:15:00,7/19/2023 16:15,65,MCAP AMB,7.1
7/19/2023,16:30:00,7/19/2023 16:30,66,MCAP AMB,5.7
7/19/2023,16:45:00,7/19/2023 16:45,67,MCAP AMB,7.2
7/19/2023,17:00:00,7/19/2023 17:00,68,MCAP AMB,8.8
7/19/2023,17:15:00,7/19/2023 17:15,69,MCAP AMB,12.6
7/19/2023,17:30:00,7/19/2023 17:30,70,MCAP AMB,14.1
7/19/2023,17:45:00,7/19/2023 17:45,71,MCAP AMB,9.8
7/19/2023,18:00:00,7/19/2023 18:00,72,MCAP AMB,9
7/19/2023,18:15:00,7/19/2023 18:15,73,MCAP AMB,4.1
7/19/2023,18:30:00,7/19/2023 18:30,74,MCAP AMB,3.6
7/19/2023,18:45:00,7/19/2023 18:45,75,MCAP AMB,2.2
7/19/2023,19:00:00,7/19/2023 19:00,76,MCAP AMB,1.5
7/19/2023,19:15:00,7/19/2023 19:15,77,MCAP AMB,0.8
7/19/2023,19:30:00,7/19/2023 19:30,78,MCAP AMB,0.2
7/19/2023,19:45:00,7/19/2023 19:45,79,MCAP AMB,0
7/19/2023,20:00:00,7/19/2023 20:00,80,MCAP AMB,0
7/19/2023,20:15:00,7/19/2023 20:15,81,MCAP AMB,0
7/19/2023,20:30:00,7/19/2023 20:30,82,MCAP AMB,0
7/19/2023,20:45:00,7/19/2023 20:45,83,MCAP AMB,0
7/19/2023,21:00:00,7/19/2023 21:00,84,MCAP AMB,0
7/19/2023,21:15:00,7/19/2023 21:15,85,MCAP AMB,0
7/19/2023,21:30:00,7/19/2023 21:30,86,MCAP AMB,0
7/19/2023,21:45:00,7/19/2023 21:45,87,MCAP AMB,0
7/19/2023,22:00:00,7/19/2023 22:00,88,MCAP AMB,0
7/19/2023,22:15:00,7/19/2023 22:15,89,MCAP AMB,0
7/19/2023,22:30:00,7/19/2023 22:30,90,MCAP AMB,0
7/19/2023,22:45:00,7/19/2023 22:45,91,MCAP AMB,0
7/19/2023,23:00:00,7/19/2023 23:00,92,MCAP AMB,0
7/19/2023,23:15:00,7/19/2023 23:15,93,MCAP AMB,0
7/19/2023,23:30:00,7/19/2023 23:30,94,MCAP AMB,0
7/19/2023,23:45:00,7/19/2023 23:45,95,MCAP AMB,0
7/19/2023,24:00:00,7/20/2023 0:00,96,MCAP AMB,0
7/19/2023,0:15:00,7/19/2023 0:15,1,MCAP HEAT,0
7/19/2023,0:30:00,7/19/2023 0:30,2,MCAP HEAT,0
7/19/2023,0:45:00,7/19/2023 0:45,3,MCAP HEAT,0
7/19/2023,1:00:00,7/19/2023 1:00,4,MCAP HEAT,0
7/19/2023,1:15:00,7/19/2023 1:15,5,MCAP HEAT,0
7/19/2023,1:30:00,7/19/2023 1:30,6,MCAP HEAT,0
7/19/2023,1:45:00,7/19/2023 1:45,7,MCAP HEAT,0
7/19/2023,2:00:00,7/19/2023 2:00,8,MCAP HEAT,0
7/19/2023,2:15:00,7/19/2023 2:15,9,MCAP HEAT,0
7/19/2023,2:30:00,7/19/2023 2:30,10,MCAP HEAT,0
7/19/2023,2:45:00,7/19/2023 2:45,11,MCAP HEAT,0
7/19/2023,3:00:00,7/19/2023 3:00,12,MCAP HEAT,0
7/19/2023,3:15:00,7/19/2023 3:15,13,MCAP HEAT,0
7/19/2023,3:30:00,7/19/2023 3:30,14,MCAP HEAT,0
7/19/2023,3:45:00,7/19/2023 3:45,15,MCAP HEAT,0
7/19/2023,4:00:00,7/19/2023 4:00,16,MCAP HEAT,0
7/19/2023,4:15:00,7/19/2023 4:15,17,MCAP HEAT,0
7/19/2023,4:30:00,7/19/2023 4:30,18,MCAP HEAT,0
7/19/2023,4:45:00,7/19/2023 4:45,19,MCAP HEAT,0
7/19/2023,5:00:00,7/19/2023 5:00,20,MCAP HEAT,0
7/19/2023,5:15:00,7/19/2023 5:15,21,MCAP HEAT,0
7/19/2023,5:30:00,7/19/2023 5:30,22,MCAP HEAT,0
7/19/2023,5:45:00,7/19/2023 5:45,23,MCAP HEAT,0
7/19/2023,6:00:00,7/19/2023 6:00,24,MCAP HEAT,0.1
7/19/2023,6:15:00,7/19/2023 6:15,25,MCAP HEAT,1.5
7/19/2023,6:30:00,7/19/2023 6:30,26,MCAP HEAT,2.6
7/19/2023,6:45:00,7/19/2023 6:45,27,MCAP HEAT,4.9
7/19/2023,7:00:00,7/19/2023 7:00,28,MCAP HEAT,5
7/19/2023,7:15:00,7/19/2023 7:15,29,MCAP HEAT,8.3
7/19/2023,7:30:00,7/19/2023 7:30,30,MCAP HEAT,9.2
7/19/2023,7:45:00,7/19/2023 7:45,31,MCAP HEAT,15.2
7/19/2023,8:00:00,7/19/2023 8:00,32,MCAP HEAT,22.2
7/19/2023,8:15:00,7/19/2023 8:15,33,MCAP HEAT,33.3
7/19/2023,8:30:00,7/19/2023 8:30,34,MCAP HEAT,25.4
7/19/2023,8:45:00,7/19/2023 8:45,35,MCAP HEAT,37.5
7/19/2023,9:00:00,7/19/2023 9:00,36,MCAP HEAT,57.3
7/19/2023,9:15:00,7/19/2023 9:15,37,MCAP HEAT,44.9
7/19/2023,9:30:00,7/19/2023 9:30,38,MCAP HEAT,40.3
7/19/2023,9:45:00,7/19/2023 9:45,39,MCAP HEAT,57.1
7/19/2023,10:00:00,7/19/2023 10:00,40,MCAP HEAT,44.1
7/19/2023,10:15:00,7/19/2023 10:15,41,MCAP HEAT,69.5
7/19/2023,10:30:00,7/19/2023 10:30,42,MCAP HEAT,112.6
7/19/2023,10:45:00,7/19/2023 10:45,43,MCAP HEAT,84.9
7/19/2023,11:00:00,7/19/2023 11:00,44,MCAP HEAT,76.7
7/19/2023,11:15:00,7/19/2023 11:15,45,MCAP HEAT,82.5
7/19/2023,11:30:00,7/19/2023 11:30,46,MCAP HEAT,127.9
7/19/2023,11:45:00,7/19/2023 11:45,47,MCAP HEAT,176.7
7/19/2023,12:00:00,7/19/2023 12:00,48,MCAP HEAT,117
7/19/2023,12:15:00,7/19/2023 12:15,49,MCAP HEAT,168.9
7/19/2023,12:30:00,7/19/2023 12:30,50,MCAP HEAT,69.7
7/19/2023,12:45:00,7/19/2023 12:45,51,MCAP HEAT,74.7
7/19/2023,13:00:00,7/19/2023 13:00,52,MCAP HEAT,88.3
7/19/2023,13:15:00,7/19/2023 13:15,53,MCAP HEAT,119.9
7/19/2023,13:30:00,7/19/2023 13:30,54,MCAP HEAT,99.3
7/19/2023,13:45:00,7/19/2023 13:45,55,MCAP HEAT,100.9
7/19/2023,14:00:00,7/19/2023 14:00,56,MCAP HEAT,102.7
7/19/2023,14:15:00,7/19/2023 14:15,57,MCAP HEAT,120.7
7/19/2023,14:30:00,7/19/2023 14:30,58,MCAP HEAT,79.2
7/19/2023,14:45:00,7/19/2023 14:45,59,MCAP HEAT,54.6
7/19/2023,15:00:00,7/19/2023 15:00,60,MCAP HEAT,41.4
7/19/2023,15:15:00,7/19/2023 15:15,61,MCAP HEAT,60.3
7/19/2023,15:30:00,7/19/2023 15:30,62,MCAP HEAT,85.6
7/19/2023,15:45:00,7/19/2023 15:45,63,MCAP HEAT,26.5
7/19/2023,16:00:00,7/19/2023 16:00,64,MCAP HEAT,12.8
7/19/2023,16:15:00,7/19/2023 16:15,65,MCAP HEAT,7.1
7/19/2023,16:30:00,7/19/2023 16:30,66,MCAP HEAT,5.5
7/19/2023,16:45:00,7/19/2023 16:45,67,MCAP HEAT,7
7/19/2023,17:00:00,7/19/2023 17:00,68,MCAP HEAT,8.4
7/19/2023,17:15:00,7/19/2023 17:15,69,MCAP HEAT,12.1
7/19/2023,17:30:00,7/19/2023 17:30,70,MCAP HEAT,13.5
7/19/2023,17:45:00,7/19/2023 17:45,71,MCAP HEAT,9.4
7/19/2023,18:00:00,7/19/2023 18:00,72,MCAP HEAT,8.7
7/19/2023,18:15:00,7/19/2023 18:15,73,MCAP HEAT,4
7/19/2023,18:30:00,7/19/2023 18:30,74,MCAP HEAT,3.5
7/19/2023,18:45:00,7/19/2023 18:45,75,MCAP HEAT,2.2
7/19/2023,19:00:00,7/19/2023 19:00,76,MCAP HEAT,1.5
7/19/2023,19:15:00,7/19/2023 19:15,77,MCAP HEAT,0.9
7/19/2023,19:30:00,7/19/2023 19:30,78,MCAP HEAT,0.2
7/19/2023,19:45:00,7/19/2023 19:45,79,MCAP HEAT,0
7/19/2023,20:00:00,7/19/2023 20:00,80,MCAP HEAT,0
7/19/2023,20:15:00,7/19/2023 20:15,81,MCAP HEAT,0
7/19/2023,20:30:00,7/19/2023 20:30,82,MCAP HEAT,0
7/19/2023,20:45:00,7/19/2023 20:45,83,MCAP HEAT,0
7/19/2023,21:00:00,7/19/2023 21:00,84,MCAP HEAT,0
7/19/2023,21:15:00,7/19/2023 21:15,85,MCAP HEAT,0
7/19/2023,21:30:00,7/19/2023 21:30,86,MCAP HEAT,0
7/19/2023,21:45:00,7/19/2023 21:45,87,MCAP HEAT,0
7/19/2023,22:00:00,7/19/2023 22:00,88,MCAP HEAT,0
7/19/2023,22:15:00,7/19/2023 22:15,89,MCAP HEAT,0
7/19/2023,22:30:00,7/19/2023 22:30,90,MCAP HEAT,0
7/19/2023,22:45:00,7/19/2023 22:45,91,MCAP HEAT,0
7/19/2023,23:00:00,7/19/2023 23:00,92,MCAP HEAT,0
7/19/2023,23:15:00,7/19/2023 23:15,93,MCAP HEAT,0
7/19/2023,23:30:00,7/19/2023 23:30,94,MCAP HEAT,0
7/19/2023,23:45:00,7/19/2023 23:45,95,MCAP HEAT,0
7/19/2023,24:00:00,7/20/2023 0:00,96,MCAP HEAT,0
7/19/2023,0:15:00,7/19/2023 0:15,1,PCOM AMB,0
7/19/2023,0:30:00,7/19/2023 0:30,2,PCOM AMB,0
7/19/2023,0:45:00,7/19/2023 0:45,3,PCOM AMB,0
7/19/2023,1:00:00,7/19/2023 1:00,4,PCOM AMB,0
7/19/2023,1:15:00,7/19/2023 1:15,5,PCOM AMB,0
7/19/2023,1:30:00,7/19/2023 1:30,6,PCOM AMB,0
7/19/2023,1:45:00,7/19/2023 1:45,7,PCOM AMB,0
7/19/2023,2:00:00,7/19/2023 2:00,8,PCOM AMB,0
7/19/2023,2:15:00,7/19/2023 2:15,9,PCOM AMB,0
7/19/2023,2:30:00,7/19/2023 2:30,10,PCOM AMB,0
7/19/2023,2:45:00,7/19/2023 2:45,11,PCOM AMB,0
7/19/2023,3:00:00,7/19/2023 3:00,12,PCOM AMB,0
7/19/2023,3:15:00,7/19/2023 3:15,13,PCOM AMB,0
7/19/2023,3:30:00,7/19/2023 3:30,14,PCOM AMB,0
7/19/2023,3:45:00,7/19/2023 3:45,15,PCOM AMB,0
7/19/2023,4:00:00,7/19/2023 4:00,16,PCOM AMB,0
7/19/2023,4:15:00,7/19/2023 4:15,17,PCOM AMB,0
7/19/2023,4:30:00,7/19/2023 4:30,18,PCOM AMB,0
7/19/2023,4:45:00,7/19/2023 4:45,19,PCOM AMB,0
7/19/2023,5:00:00,7/19/2023 5:00,20,PCOM AMB,0
7/19/2023,5:15:00,7/19/2023 5:15,21,PCOM AMB,0
7/19/2023,5:30:00,7/19/2023 5:30,22,PCOM AMB,0
7/19/2023,5:45:00,7/19/2023 5:45,23,PCOM AMB,0
7/19/2023,6:00:00,7/19/2023 6:00,24,PCOM AMB,0.1
7/19/2023,6:15:00,7/19/2023 6:15,25,PCOM AMB,1.5
7/19/2023,6:30:00,7/19/2023 6:30,26,PCOM AMB,2.6
7/19/2023,6:45:00,7/19/2023 6:45,27,PCOM AMB,4.9
7/19/2023,7:00:00,7/19/2023 7:00,28,PCOM AMB,5
7/19/2023,7:15:00,7/19/2023 7:15,29,PCOM AMB,8.3
7/19/2023,7:30:00,7/19/2023 7:30,30,PCOM AMB,9.3
7/19/2023,7:45:00,7/19/2023 7:45,31,PCOM AMB,15.4
7/19/2023,8:00:00,7/19/2023 8:00,32,PCOM AMB,22.5
7/19/2023,8:15:00,7/19/2023 8:15,33,PCOM AMB,33.6
7/19/2023,8:30:00,7/19/2023 8:30,34,PCOM AMB,25.7
7/19/2023,8:45:00,7/19/2023 8:45,35,PCOM AMB,37.9
7/19/2023,9:00:00,7/19/2023 9:00,36,PCOM AMB,58.1
7/19/2023,9:15:00,7/19/2023 9:15,37,PCOM AMB,45.6
7/19/2023,9:30:00,7/19/2023 9:30,38,PCOM AMB,40.7
7/19/2023,9:45:00,7/19/2023 9:45,39,PCOM AMB,57.4
7/19/2023,10:00:00,7/19/2023 10:00,40,PCOM AMB,44.6
7/19/2023,10:15:00,7/19/2023 10:15,41,PCOM AMB,70.2
7/19/2023,10:30:00,7/19/2023 10:30,42,PCOM AMB,113.5
7/19/2023,10:45:00,7/19/2023 10:45,43,PCOM AMB,85.8
7/19/2023,11:00:00,7/19/2023 11:00,44,PCOM AMB,77.6
7/19/2023,11:15:00,7/19/2023 11:15,45,PCOM AMB,83.5
7/19/2023,11:30:00,7/19/2023 11:30,46,PCOM AMB,128.5
7/19/2023,11:45:00,7/19/2023 11:45,47,PCOM AMB,176.8
7/19/2023,12:00:00,7/19/2023 12:00,48,PCOM AMB,117.2
7/19/2023,12:15:00,7/19/2023 12:15,49,PCOM AMB,169
7/19/2023,12:30:00,7/19/2023 12:30,50,PCOM AMB,70.4
7/19/2023,12:45:00,7/19/2023 12:45,51,PCOM AMB,75.2
7/19/2023,13:00:00,7/19/2023 13:00,52,PCOM AMB,88.8
7/19/2023,13:15:00,7/19/2023 13:15,53,PCOM AMB,120.6
7/19/2023,13:30:00,7/19/2023 13:30,54,PCOM AMB,100.3
7/19/2023,13:45:00,7/19/2023 13:45,55,PCOM AMB,101.2
7/19/2023,14:00:00,7/19/2023 14:00,56,PCOM AMB,102.9
7/19/2023,14:15:00,7/19/2023 14:15,57,PCOM AMB,121
7/19/2023,14:30:00,7/19/2023 14:30,58,PCOM AMB,80
7/19/2023,14:45:00,7/19/2023 14:45,59,PCOM AMB,55
7/19/2023,15:00:00,7/19/2023 15:00,60,PCOM AMB,41.7
7/19/2023,15:15:00,7/19/2023 15:15,61,PCOM AMB,60
7/19/2023,15:30:00,7/19/2023 15:30,62,PCOM AMB,85.9
7/19/2023,15:45:00,7/19/2023 15:45,63,PCOM AMB,26.6
7/19/2023,16:00:00,7/19/2023 16:00,64,PCOM AMB,12.9
7/19/2023,16:15:00,7/19/2023 16:15,65,PCOM AMB,7.1
7/19/2023,16:30:00,7/19/2023 16:30,66,PCOM AMB,5.6
7/19/2023,16:45:00,7/19/2023 16:45,67,PCOM AMB,7
7/19/2023,17:00:00,7/19/2023 17:00,68,PCOM AMB,8.5
7/19/2023,17:15:00,7/19/2023 17:15,69,PCOM AMB,12
7/19/2023,17:30:00,7/19/2023 17:30,70,PCOM AMB,13.5
7/19/2023,17:45:00,7/19/2023 17:45,71,PCOM AMB,9.4
7/19/2023,18:00:00,7/19/2023 18:00,72,PCOM AMB,8.7
7/19/2023,18:15:00,7/19/2023 18:15,73,PCOM AMB,4.1
7/19/2023,18:30:00,7/19/2023 18:30,74,PCOM AMB,3.5
7/19/2023,18:45:00,7/19/2023 18:45,75,PCOM AMB,2.2
7/19/2023,19:00:00,7/19/2023 19:00,76,PCOM AMB,1.5
7/19/2023,19:15:00,7/19/2023 19:15,77,PCOM AMB,0.9
7/19/2023,19:30:00,7/19/2023 19:30,78,PCOM AMB,0.3
7/19/2023,19:45:00,7/19/2023 19:45,79,PCOM AMB,0
7/19/2023,20:00:00,7/19/2023 20:00,80,PCOM AMB,0
7/19/2023,20:15:00,7/19/2023 20:15,81,PCOM AMB,0
7/19/2023,20:30:00,7/19/2023 20:30,82,PCOM AMB,0
7/19/2023,20:45:00,7/19/2023 20:45,83,PCOM AMB,0
7/19/2023,21:00:00,7/19/2023 21:00,84,PCOM AMB,0
7/19/2023,21:15:00,7/19/2023 21:15,85,PCOM AMB,0
7/19/2023,21:30:00,7/19/2023 21:30,86,PCOM AMB,0
7/19/2023,21:45:00,7/19/2023 21:45,87,PCOM AMB,0
7/19/2023,22:00:00,7/19/2023 22:00,88,PCOM AMB,0
7/19/2023,22:15:00,7/19/2023 22:15,89,PCOM AMB,0
7/19/2023,22:30:00,7/19/2023 22:30,90,PCOM AMB,0
7/19/2023,22:45:00,7/19/2023 22:45,91,PCOM AMB,0
7/19/2023,23:00:00,7/19/2023 23:00,92,PCOM AMB,0
7/19/2023,23:15:00,7/19/2023 23:15,93,PCOM AMB,0
7/19/2023,23:30:00,7/19/2023 23:30,94,PCOM AMB,0
7/19/2023,23:45:00,7/19/2023 23:45,95,PCOM AMB,0
7/19/2023,24:00:00,7/20/2023 0:00,96,PCOM AMB,0
7/19/2023,0:15:00,7/19/2023 0:15,1,PCOM HEAT,0
7/19/2023,0:30:00,7/19/2023 0:30,2,PCOM HEAT,0
7/19/2023,0:45:00,7/19/2023 0:45,3,PCOM HEAT,0
7/19/2023,1:00:00,7/19/2023 1:00,4,PCOM HEAT,0
7/19/2023,1:15:00,7/19/2023 1:15,5,PCOM HEAT,0
7/19/2023,1:30:00,7/19/2023 1:30,6,PCOM HEAT,0
7/19/2023,1:45:00,7/19/2023 1:45,7,PCOM HEAT,0
7/19/2023,2:00:00,7/19/2023 2:00,8,PCOM HEAT,0
7/19/2023,2:15:00,7/19/2023 2:15,9,PCOM HEAT,0
7/19/2023,2:30:00,7/19/2023 2:30,10,PCOM HEAT,0
7/19/2023,2:45:00,7/19/2023 2:45,11,PCOM HEAT,0
7/19/2023,3:00:00,7/19/2023 3:00,12,PCOM HEAT,0
7/19/2023,3:15:00,7/19/2023 3:15,13,PCOM HEAT,0
7/19/2023,3:30:00,7/19/2023 3:30,14,PCOM HEAT,0
7/19/2023,3:45:00,7/19/2023 3:45,15,PCOM HEAT,0
7/19/2023,4:00:00,7/19/2023 4:00,16,PCOM HEAT,0
7/19/2023,4:15:00,7/19/2023 4:15,17,PCOM HEAT,0
7/19/2023,4:30:00,7/19/2023 4:30,18,PCOM HEAT,0
7/19/2023,4:45:00,7/19/2023 4:45,19,PCOM HEAT,0
7/19/2023,5:00:00,7/19/2023 5:00,20,PCOM HEAT,0
7/19/2023,5:15:00,7/19/2023 5:15,21,PCOM HEAT,0
7/19/2023,5:30:00,7/19/2023 5:30,22,PCOM HEAT,0
7/19/2023,5:45:00,7/19/2023 5:45,23,PCOM HEAT,0
7/19/2023,6:00:00,7/19/2023 6:00,24,PCOM HEAT,0.1
7/19/2023,6:15:00,7/19/2023 6:15,25,PCOM HEAT,1.4
7/19/2023,6:30:00,7/19/2023 6:30,26,PCOM HEAT,2.4
7/19/2023,6:45:00,7/19/2023 6:45,27,PCOM HEAT,4.4
7/19/2023,7:00:00,7/19/2023 7:00,28,PCOM HEAT,4.6
7/19/2023,7:15:00,7/19/2023 7:15,29,PCOM HEAT,7.7
7/19/2023,7:30:00,7/19/2023 7:30,30,PCOM HEAT,8.5
7/19/2023,7:45:00,7/19/2023 7:45,31,PCOM HEAT,14
7/19/2023,8:00:00,7/19/2023 8:00,32,PCOM HEAT,20.6
7/19/2023,8:15:00,7/19/2023 8:15,33,PCOM HEAT,30.7
7/19/2023,8:30:00,7/19/2023 8:30,34,PCOM HEAT,23.4
7/19/2023,8:45:00,7/19/2023 8:45,35,PCOM HEAT,35
7/19/2023,9:00:00,7/19/2023 9:00,36,PCOM HEAT,53.6
7/19/2023,9:15:00,7/19/2023 9:15,37,PCOM HEAT,41.9
7/19/2023,9:30:00,7/19/2023 9:30,38,PCOM HEAT,37.3
7/19/2023,9:45:00,7/19/2023 9:45,39,PCOM HEAT,52.4
7/19/2023,10:00:00,7/19/2023 10:00,40,PCOM HEAT,40.8
7/19/2023,10:15:00,7/19/2023 10:15,41,PCOM HEAT,64
7/19/2023,10:30:00,7/19/2023 10:30,42,PCOM HEAT,104
7/19/2023,10:45:00,7/19/2023 10:45,43,PCOM HEAT,77.9
7/19/2023,11:00:00,7/19/2023 11:00,44,PCOM HEAT,70.8
7/19/2023,11:15:00,7/19/2023 11:15,45,PCOM HEAT,76.3
7/19/2023,11:30:00,7/19/2023 11:30,46,PCOM HEAT,117.5
7/19/2023,11:45:00,7/19/2023 11:45,47,PCOM HEAT,162.2
7/19/2023,12:00:00,7/19/2023 12:00,48,PCOM HEAT,105.8
7/19/2023,12:15:00,7/19/2023 12:15,49,PCOM HEAT,152.9
7/19/2023,12:30:00,7/19/2023 12:30,50,PCOM HEAT,64.1
7/19/2023,12:45:00,7/19/2023 12:45,51,PCOM HEAT,68.5
7/19/2023,13:00:00,7/19/2023 13:00,52,PCOM HEAT,80.5
7/19/2023,13:15:00,7/19/2023 13:15,53,PCOM HEAT,110.2
7/19/2023,13:30:00,7/19/2023 13:30,54,PCOM HEAT,92
7/19/2023,13:45:00,7/19/2023 13:45,55,PCOM HEAT,91.4
7/19/2023,14:00:00,7/19/2023 14:00,56,PCOM HEAT,92.9
7/19/2023,14:15:00,7/19/2023 14:15,57,PCOM HEAT,109.2
7/19/2023,14:30:00,7/19/2023 14:30,58,PCOM HEAT,73
7/19/2023,14:45:00,7/19/2023 14:45,59,PCOM HEAT,49.9
7/19/2023,15:00:00,7/19/2023 15:00,60,PCOM HEAT,38
7/19/2023,15:15:00,7/19/2023 15:15,61,PCOM HEAT,54.9
7/19/2023,15:30:00,7/19/2023 15:30,62,PCOM HEAT,79.3
7/19/2023,15:45:00,7/19/2023 15:45,63,PCOM HEAT,24.3
7/19/2023,16:00:00,7/19/2023 16:00,64,PCOM HEAT,11.8
7/19/2023,16:15:00,7/19/2023 16:15,65,PCOM HEAT,6.3
7/19/2023,16:30:00,7/19/2023 16:30,66,PCOM HEAT,5
7/19/2023,16:45:00,7/19/2023 16:45,67,PCOM HEAT,6.1
7/19/2023,17:00:00,7/19/2023 17:00,68,PCOM HEAT,7.3
7/19/2023,17:15:00,7/19/2023 17:15,69,PCOM HEAT,10.6
7/19/2023,17:30:00,7/19/2023 17:30,70,PCOM HEAT,12
7/19/2023,17:45:00,7/19/2023 17:45,71,PCOM HEAT,8.4
7/19/2023,18:00:00,7/19/2023 18:00,72,PCOM HEAT,7.7
7/19/2023,18:15:00,7/19/2023 18:15,73,PCOM HEAT,3.5
7/19/2023,18:30:00,7/19/2023 18:30,74,PCOM HEAT,3.1
7/19/2023,18:45:00,7/19/2023 18:45,75,PCOM HEAT,1.9
7/19/2023,19:00:00,7/19/2023 19:00,76,PCOM HEAT,1.3
7/19/2023,19:15:00,7/19/2023 19:15,77,PCOM HEAT,0.8
7/19/2023,19:30:00,7/19/2023 19:30,78,PCOM HEAT,0.2
7/19/2023,19:45:00,7/19/2023 19:45,79,PCOM HEAT,0
7/19/2023,20:00:00,7/19/2023 20:00,80,PCOM HEAT,0
7/19/2023,20:15:00,7/19/2023 20:15,81,PCOM HEAT,0
7/19/2023,20:30:00,7/19/2023 20:30,82,PCOM HEAT,0
7/19/2023,20:45:00,7/19/2023 20:45,83,PCOM HEAT,0
7/19/2023,21:00:00,7/19/2023 21:00,84,PCOM HEAT,0
7/19/2023,21:15:00,7/19/2023 21:15,85,PCOM HEAT,0
7/19/2023,21:30:00,7/19/2023 21:30,86,PCOM HEAT,0
7/19/2023,21:45:00,7/19/2023 21:45,87,PCOM HEAT,0
7/19/2023,22:00:00,7/19/2023 22:00,88,PCOM HEAT,0
7/19/2023,22:15:00,7/19/2023 22:15,89,PCOM HEAT,0
7/19/2023,22:30:00,7/19/2023 22:30,90,PCOM HEAT,0
7/19/2023,22:45:00,7/19/2023 22:45,91,PCOM HEAT,0
7/19/2023,23:00:00,7/19/2023 23:00,92,PCOM HEAT,0
7/19/2023,23:15:00,7/19/2023 23:15,93,PCOM HEAT,0
7/19/2023,23:30:00,7/19/2023 23:30,94,PCOM HEAT,0
7/19/2023,23:45:00,7/19/2023 23:45,95,PCOM HEAT,0
7/19/2023,24:00:00,7/20/2023 0:00,96,PCOM HEAT,0
