"","ID","Timepoint","Aquaria","Tank","Species","Treatment","Temperature","Nutrient","Concentration","Concentration_log10","Normalized","Sample"
"1",5,"T1","P-Dosing","Dosing","Porites","Control","Ambient","TN",8.93,0.950851458888546,0,"Control_T1"
"2",5,"T1","P-Dosing","Dosing","Porites","Control","Ambient","TP",0.33,-0.481486060122112,0,"Control_T1"
"3",5,"T1","P-Dosing","Dosing","Porites","Control","Ambient","PO4",0.22,-0.657577319177794,0.00334168755221387,"Control_T1"
"4",5,"T1","P-Dosing","Dosing","Porites","Control","Ambient","SiO4",11.44,1.05842602445701,0.517926089354661,"Control_T1"
"5",5,"T1","P-Dosing","Dosing","Porites","Control","Ambient","N+N",0.73,-0.136677139879544,0.0168589174800355,"Control_T1"
"6",5,"T1","P-Dosing","Dosing","Porites","Control","Ambient","NH4",0.71,-0.148741651280925,0,"Control_T1"
"7",5,"T1","P-Dosing","Dosing","Porites","Control","Ambient","TIN",1.44,0.15836249209525,0,"Control_T1"
"8",5,"T1","P-Dosing","Dosing","Porites","Control","Ambient","N_to_P",27.0606060606061,27.0606060606061,0.590141999648274,"Control_T1"
"9",5,"T1","P-Dosing","Dosing","Porites","Control","Ambient","DON",7.49,0.874481817699467,0.350656455142232,"Control_T1"
"10",5,"T1","P-Dosing","Dosing","Porites","Control","Ambient","DOP",0.11,-0.958607314841775,0.0733944954128442,"Control_T1"
"11",5,"T1","P-Dosing","Dosing","Porites","Control","Ambient","DOC",90.81,1.95813367567624,0.0303530188056747,"Control_T1"
"12",6,"T1","M-Dosing","Dosing","Montipora","Control","Ambient","TN",16.2,1.20951501454263,0.125561312607945,"Control_T1"
"13",6,"T1","M-Dosing","Dosing","Montipora","Control","Ambient","TP",1.37,0.136720567156407,0.0866666666666667,"Control_T1"
"14",6,"T1","M-Dosing","Dosing","Montipora","Control","Ambient","PO4",0.95,-0.0222763947111523,0.064327485380117,"Control_T1"
"15",6,"T1","M-Dosing","Dosing","Montipora","Control","Ambient","SiO4",7.44,0.871572935545879,0.297297297297297,"Control_T1"
"16",6,"T1","M-Dosing","Dosing","Montipora","Control","Ambient","N+N",1.03,0.0128372247051722,0.0434782608695652,"Control_T1"
"17",6,"T1","M-Dosing","Dosing","Montipora","Control","Ambient","NH4",1.4,0.146128035678238,0.0117606954150332,"Control_T1"
"18",6,"T1","M-Dosing","Dosing","Montipora","Control","Ambient","TIN",2.43,0.385606273598312,0.0166722802290333,"Control_T1"
"19",6,"T1","M-Dosing","Dosing","Montipora","Control","Ambient","N_to_P",11.8248175182482,11.8248175182482,0.189029222341997,"Control_T1"
"20",6,"T1","M-Dosing","Dosing","Montipora","Control","Ambient","DON",13.77,1.13893394025692,0.694201312910284,"Control_T1"
"21",6,"T1","M-Dosing","Dosing","Montipora","Control","Ambient","DOP",0.42,-0.376750709602099,0.357798165137615,"Control_T1"
"22",6,"T1","M-Dosing","Dosing","Montipora","Control","Ambient","DOC",112.04,2.04937310015153,0.380567469482019,"Control_T1"
"23",11,"T2","P-Dosing","Dosing","Porites","Control","Ambient","TN",9.55,0.980003371583746,0.0107081174438688,"Control_T2"
"24",11,"T2","P-Dosing","Dosing","Porites","Control","Ambient","TP",0.39,-0.408935392973501,0.005,"Control_T2"
"25",11,"T2","P-Dosing","Dosing","Porites","Control","Ambient","PO4",0.24,-0.619788758288394,0.0050125313283208,"Control_T2"
"26",11,"T2","P-Dosing","Dosing","Porites","Control","Ambient","SiO4",6.11,0.786041210242554,0.223938223938224,"Control_T2"
"27",11,"T2","P-Dosing","Dosing","Porites","Control","Ambient","N+N",1.56,0.193124598354462,0.0905057675244011,"Control_T2"
"28",11,"T2","P-Dosing","Dosing","Porites","Control","Ambient","NH4",0.92,-0.0362121726544447,0.0035793420828362,"Control_T2"
"29",11,"T2","P-Dosing","Dosing","Porites","Control","Ambient","TIN",2.48,0.394451680826216,0.017514314584035,"Control_T2"
"30",11,"T2","P-Dosing","Dosing","Porites","Control","Ambient","N_to_P",24.4871794871795,24.4871794871795,0.522391369138332,"Control_T2"
"31",11,"T2","P-Dosing","Dosing","Porites","Control","Ambient","DON",7.07,0.849419413796899,0.327680525164114,"Control_T2"
"32",11,"T2","P-Dosing","Dosing","Porites","Control","Ambient","DOP",0.15,-0.823908740944319,0.110091743119266,"Control_T2"
"33",11,"T2","P-Dosing","Dosing","Porites","Control","Ambient","DOC",89.72,1.95288926491093,0.012372154404487,"Control_T2"
"34",12,"T2","M-Dosing","Dosing","Montipora","Control","Ambient","TN",15.35,1.18610837981321,0.110880829015544,"Control_T2"
"35",12,"T2","M-Dosing","Dosing","Montipora","Control","Ambient","TP",0.58,-0.236572006437063,0.0208333333333333,"Control_T2"
"36",12,"T2","M-Dosing","Dosing","Montipora","Control","Ambient","PO4",0.18,-0.744727494896694,0,"Control_T2"
"37",12,"T2","M-Dosing","Dosing","Montipora","Control","Ambient","SiO4",2.49,0.396199347095736,0.02426916712631,"Control_T2"
"38",12,"T2","M-Dosing","Dosing","Montipora","Control","Ambient","N+N",0.58,-0.236572006437063,0.00354924578527062,"Control_T2"
"39",12,"T2","M-Dosing","Dosing","Montipora","Control","Ambient","NH4",0.94,-0.0268721464003014,0.00392023180501108,"Control_T2"
"40",12,"T2","M-Dosing","Dosing","Montipora","Control","Ambient","TIN",1.52,0.181843587944773,0.0013472549680027,"Control_T2"
"41",12,"T2","M-Dosing","Dosing","Montipora","Control","Ambient","N_to_P",26.4655172413793,26.4655172413793,0.574475089572676,"Control_T2"
"42",12,"T2","M-Dosing","Dosing","Montipora","Control","Ambient","DON",13.83,1.14082218010931,0.697483588621444,"Control_T2"
"43",12,"T2","M-Dosing","Dosing","Montipora","Control","Ambient","DOP",0.4,-0.397940008672038,0.339449541284404,"Control_T2"
"44",15,"T3","M-Dosing","Dosing","Montipora","Control","Ambient","TN",16.16,1.20844135643857,0.124870466321244,"Control_T3"
"45",15,"T3","M-Dosing","Dosing","Montipora","Control","Ambient","TP",0.54,-0.267606240177031,0.0175,"Control_T3"
"46",15,"T3","M-Dosing","Dosing","Montipora","Control","Ambient","PO4",0.32,-0.494850021680094,0.0116959064327485,"Control_T3"
"47",15,"T3","M-Dosing","Dosing","Montipora","Control","Ambient","SiO4",6.23,0.79448804665917,0.230557087699945,"Control_T3"
"48",15,"T3","M-Dosing","Dosing","Montipora","Control","Ambient","N+N",1.75,0.243038048686294,0.107364685004437,"Control_T3"
"49",15,"T3","M-Dosing","Dosing","Montipora","Control","Ambient","NH4",1.84,0.264817823009536,0.0192602693028805,"Control_T3"
"50",15,"T3","M-Dosing","Dosing","Montipora","Control","Ambient","TIN",3.59,0.555094448578319,0.0362074772650724,"Control_T3"
"51",15,"T3","M-Dosing","Dosing","Montipora","Control","Ambient","N_to_P",29.9259259259259,29.9259259259259,0.665577308155873,"Control_T3"
"52",15,"T3","M-Dosing","Dosing","Montipora","Control","Ambient","DON",12.57,1.09933527768596,0.62855579868709,"Control_T3"
"53",15,"T3","M-Dosing","Dosing","Montipora","Control","Ambient","DOP",0.22,-0.657577319177794,0.174311926605505,"Control_T3"
"54",15,"T3","M-Dosing","Dosing","Montipora","Control","Ambient","DOC",92.92,1.9681092011282,0.0651600131969647,"Control_T3"
"55",16,"T3","P-Dosing","Dosing","Porites","Control","Ambient","TN",16.16,1.20844135643857,0.124870466321244,"Control_T3"
"56",16,"T3","P-Dosing","Dosing","Porites","Control","Ambient","TP",0.54,-0.267606240177031,0.0175,"Control_T3"
"57",16,"T3","P-Dosing","Dosing","Porites","Control","Ambient","PO4",0.32,-0.494850021680094,0.0116959064327485,"Control_T3"
"58",16,"T3","P-Dosing","Dosing","Porites","Control","Ambient","SiO4",6.23,0.79448804665917,0.230557087699945,"Control_T3"
"59",16,"T3","P-Dosing","Dosing","Porites","Control","Ambient","N+N",1.75,0.243038048686294,0.107364685004437,"Control_T3"
"60",16,"T3","P-Dosing","Dosing","Porites","Control","Ambient","NH4",1.84,0.264817823009536,0.0192602693028805,"Control_T3"
"61",16,"T3","P-Dosing","Dosing","Porites","Control","Ambient","TIN",3.59,0.555094448578319,0.0362074772650724,"Control_T3"
"62",16,"T3","P-Dosing","Dosing","Porites","Control","Ambient","N_to_P",29.9259259259259,29.9259259259259,0.665577308155873,"Control_T3"
"63",16,"T3","P-Dosing","Dosing","Porites","Control","Ambient","DON",12.57,1.09933527768596,0.62855579868709,"Control_T3"
"64",16,"T3","P-Dosing","Dosing","Porites","Control","Ambient","DOP",0.22,-0.657577319177794,0.174311926605505,"Control_T3"
"65",16,"T3","P-Dosing","Dosing","Porites","Control","Ambient","DOC",92.92,1.9681092011282,0.0651600131969647,"Control_T3"
"66",21,"T1","P-Dosing","Dosing","Porites","Effluent","Ambient","TN",57.63,1.76064861958136,0.841105354058722,"Effluent_T1"
"67",21,"T1","P-Dosing","Dosing","Porites","Effluent","Ambient","TP",2.98,0.474216264076255,0.220833333333333,"Effluent_T1"
"68",21,"T1","P-Dosing","Dosing","Porites","Effluent","Ambient","PO4",2.95,0.469822015978163,0.23141186299081,"Effluent_T1"
"69",21,"T1","P-Dosing","Dosing","Porites","Effluent","Ambient","SiO4",20.01,1.30124708863621,0.990623276337562,"Effluent_T1"
"70",21,"T1","P-Dosing","Dosing","Porites","Effluent","Ambient","N+N",1.38,0.139879086401236,0.0745341614906832,"Effluent_T1"
"71",21,"T1","P-Dosing","Dosing","Porites","Effluent","Ambient","NH4",51.1,1.70842090013471,0.858871655019601,"Effluent_T1"
"72",21,"T1","P-Dosing","Dosing","Porites","Effluent","Ambient","TIN",52.48,1.7199938263676,0.859548669585719,"Effluent_T1"
"73",21,"T1","P-Dosing","Dosing","Porites","Effluent","Ambient","N_to_P",19.3389261744966,19.3389261744966,0.386853245936808,"Effluent_T1"
"74",21,"T1","P-Dosing","Dosing","Porites","Effluent","Ambient","DON",5.15,0.711807229041191,0.222647702407002,"Effluent_T1"
"75",21,"T1","P-Dosing","Dosing","Porites","Effluent","Ambient","DOP",0.0299999999999998,-1.52287874528034,0,"Effluent_T1"
"76",21,"T1","P-Dosing","Dosing","Porites","Effluent","Ambient","DOC",95.3,1.97909290063833,0.10442098317387,"Effluent_T1"
"77",22,"T1","M-Dosing","Dosing","Montipora","Effluent","Ambient","TN",66.83,1.82497146112369,1,"Effluent_T1"
"78",22,"T1","M-Dosing","Dosing","Montipora","Effluent","Ambient","TP",4.84,0.684845361644412,0.375833333333333,"Effluent_T1"
"79",22,"T1","M-Dosing","Dosing","Montipora","Effluent","Ambient","PO4",4.13,0.615950051656401,0.329991645781119,"Effluent_T1"
"80",22,"T1","M-Dosing","Dosing","Montipora","Effluent","Ambient","SiO4",20.18,1.30492116190089,1,"Effluent_T1"
"81",22,"T1","M-Dosing","Dosing","Montipora","Effluent","Ambient","N+N",1.44,0.15836249209525,0.0798580301685892,"Effluent_T1"
"82",22,"T1","M-Dosing","Dosing","Montipora","Effluent","Ambient","NH4",59.38,1.77364019326003,1,"Effluent_T1"
"83",22,"T1","M-Dosing","Dosing","Montipora","Effluent","Ambient","TIN",60.82,1.78404641580811,1,"Effluent_T1"
"84",22,"T1","M-Dosing","Dosing","Montipora","Effluent","Ambient","N_to_P",13.8078512396694,13.8078512396694,0.241236573558502,"Effluent_T1"
"85",22,"T1","M-Dosing","Dosing","Montipora","Effluent","Ambient","DON",6.01,0.778874472002739,0.269693654266958,"Effluent_T1"
"86",22,"T1","M-Dosing","Dosing","Montipora","Effluent","Ambient","DOP",0.71,-0.148741651280925,0.623853211009174,"Effluent_T1"
"87",22,"T1","M-Dosing","Dosing","Montipora","Effluent","Ambient","DOC",143.09,2.15560928367892,0.89277466182778,"Effluent_T1"
"88",27,"T2","P-Dosing","Dosing","Porites","Effluent","Ambient","TN",60.81,1.78397500341267,0.896027633851468,"Effluent_T2"
"89",27,"T2","P-Dosing","Dosing","Porites","Effluent","Ambient","TP",4.69,0.671172842715083,0.363333333333333,"Effluent_T2"
"90",27,"T2","P-Dosing","Dosing","Porites","Effluent","Ambient","PO4",3.57,0.552668216112193,0.283208020050125,"Effluent_T2"
"91",27,"T2","P-Dosing","Dosing","Porites","Effluent","Ambient","SiO4",13.09,1.11693964655076,0.608935466078323,"Effluent_T2"
"92",27,"T2","P-Dosing","Dosing","Porites","Effluent","Ambient","N+N",11.81,1.07224989761351,1,"Effluent_T2"
"93",27,"T2","P-Dosing","Dosing","Porites","Effluent","Ambient","NH4",47.92,1.68051680938126,0.804670189193796,"Effluent_T2"
"94",27,"T2","P-Dosing","Dosing","Porites","Effluent","Ambient","TIN",59.73,1.77619251474707,0.981643651060963,"Effluent_T2"
"95",27,"T2","P-Dosing","Dosing","Porites","Effluent","Ambient","N_to_P",12.9658848614072,12.9658848614072,0.219070115193428,"Effluent_T2"
"96",27,"T2","P-Dosing","Dosing","Porites","Effluent","Ambient","DON",1.08,0.033423755486949,0,"Effluent_T2"
"97",27,"T2","P-Dosing","Dosing","Porites","Effluent","Ambient","DOP",1.12,0.0492180226701818,1,"Effluent_T2"
"98",27,"T2","P-Dosing","Dosing","Porites","Effluent","Ambient","DOC",111.21,2.04614384074923,0.36687561860772,"Effluent_T2"
"99",28,"T2","M-Dosing","Dosing","Montipora","Effluent","Ambient","TN",52.1,1.71683772329952,0.74559585492228,"Effluent_T2"
"100",28,"T2","M-Dosing","Dosing","Montipora","Effluent","Ambient","TP",1.82,0.260071387985075,0.124166666666667,"Effluent_T2"
"101",28,"T2","M-Dosing","Dosing","Montipora","Effluent","Ambient","PO4",1.69,0.227886704613674,0.126148705096074,"Effluent_T2"
"102",28,"T2","M-Dosing","Dosing","Montipora","Effluent","Ambient","SiO4",6.06,0.782472624166286,0.221180364037507,"Effluent_T2"
"103",28,"T2","M-Dosing","Dosing","Montipora","Effluent","Ambient","N+N",11.12,1.04610478724604,0.938775510204082,"Effluent_T2"
"104",28,"T2","M-Dosing","Dosing","Montipora","Effluent","Ambient","NH4",27.84,1.44466923093852,0.46241690813022,"Effluent_T2"
"105",28,"T2","M-Dosing","Dosing","Montipora","Effluent","Ambient","TIN",38.96,1.59061894820658,0.631862579993264,"Effluent_T2"
"106",28,"T2","M-Dosing","Dosing","Montipora","Effluent","Ambient","N_to_P",28.6263736263736,28.6263736263736,0.63136398006465,"Effluent_T2"
"107",28,"T2","M-Dosing","Dosing","Montipora","Effluent","Ambient","DON",13.14,1.11859536522376,0.659737417943107,"Effluent_T2"
"108",28,"T2","M-Dosing","Dosing","Montipora","Effluent","Ambient","DOP",0.13,-0.886056647693163,0.0917431192660553,"Effluent_T2"
"109",28,"T2","M-Dosing","Dosing","Montipora","Effluent","Ambient","DOC",142.01,2.15231892742465,0.874958759485318,"Effluent_T2"
"110",31,"T3","M-Dosing","Dosing","Montipora","Effluent","Ambient","TN",48.17,1.68277664631443,0.677720207253886,"Effluent_T3"
"111",31,"T3","M-Dosing","Dosing","Montipora","Effluent","Ambient","TP",1.85,0.267171728403014,0.126666666666667,"Effluent_T3"
"112",31,"T3","M-Dosing","Dosing","Montipora","Effluent","Ambient","PO4",1.78,0.250420002308894,0.133667502088555,"Effluent_T3"
"113",31,"T3","M-Dosing","Dosing","Montipora","Effluent","Ambient","SiO4",5.77,0.761175813155731,0.205184776613348,"Effluent_T3"
"114",31,"T3","M-Dosing","Dosing","Montipora","Effluent","Ambient","N+N",5.92,0.77232170672292,0.4773735581189,"Effluent_T3"
"115",31,"T3","M-Dosing","Dosing","Montipora","Effluent","Ambient","NH4",31.27,1.49512788124293,0.520879495483211,"Effluent_T3"
"116",31,"T3","M-Dosing","Dosing","Montipora","Effluent","Ambient","TIN",37.19,1.57042617835897,0.602054563826204,"Effluent_T3"
"117",31,"T3","M-Dosing","Dosing","Montipora","Effluent","Ambient","N_to_P",26.0378378378378,26.0378378378378,0.563215569077607,"Effluent_T3"
"118",31,"T3","M-Dosing","Dosing","Montipora","Effluent","Ambient","DON",10.98,1.04060234011407,0.541575492341357,"Effluent_T3"
"119",31,"T3","M-Dosing","Dosing","Montipora","Effluent","Ambient","DOP",0.0700000000000001,-1.15490195998574,0.0366972477064222,"Effluent_T3"
"120",31,"T3","M-Dosing","Dosing","Montipora","Effluent","Ambient","DOC",119.73,2.07820298250369,0.507423292642692,"Effluent_T3"
"121",32,"T3","P-Dosing","Dosing","Porites","Effluent","Ambient","TN",48.17,1.68277664631443,0.677720207253886,"Effluent_T3"
"122",32,"T3","P-Dosing","Dosing","Porites","Effluent","Ambient","TP",1.85,0.267171728403014,0.126666666666667,"Effluent_T3"
"123",32,"T3","P-Dosing","Dosing","Porites","Effluent","Ambient","PO4",1.78,0.250420002308894,0.133667502088555,"Effluent_T3"
"124",32,"T3","P-Dosing","Dosing","Porites","Effluent","Ambient","SiO4",5.77,0.761175813155731,0.205184776613348,"Effluent_T3"
"125",32,"T3","P-Dosing","Dosing","Porites","Effluent","Ambient","N+N",5.92,0.77232170672292,0.4773735581189,"Effluent_T3"
"126",32,"T3","P-Dosing","Dosing","Porites","Effluent","Ambient","NH4",31.27,1.49512788124293,0.520879495483211,"Effluent_T3"
"127",32,"T3","P-Dosing","Dosing","Porites","Effluent","Ambient","TIN",37.19,1.57042617835897,0.602054563826204,"Effluent_T3"
"128",32,"T3","P-Dosing","Dosing","Porites","Effluent","Ambient","N_to_P",26.0378378378378,26.0378378378378,0.563215569077607,"Effluent_T3"
"129",32,"T3","P-Dosing","Dosing","Porites","Effluent","Ambient","DON",10.98,1.04060234011407,0.541575492341357,"Effluent_T3"
"130",32,"T3","P-Dosing","Dosing","Porites","Effluent","Ambient","DOP",0.0700000000000001,-1.15490195998574,0.0366972477064222,"Effluent_T3"
"131",32,"T3","P-Dosing","Dosing","Porites","Effluent","Ambient","DOC",119.73,2.07820298250369,0.507423292642692,"Effluent_T3"
"132",37,"T1","P-Dosing","Dosing","Porites","Guano","Ambient","TN",57.27,1.75792718311333,0.834887737478411,"Guano_T1"
"133",37,"T1","P-Dosing","Dosing","Porites","Guano","Ambient","TP",12.33,1.09096307659573,1,"Guano_T1"
"134",37,"T1","P-Dosing","Dosing","Porites","Guano","Ambient","PO4",12.15,1.08457627793433,1,"Guano_T1"
"135",37,"T1","P-Dosing","Dosing","Porites","Guano","Ambient","SiO4",4.9,0.690196080028514,0.157198014340872,"Guano_T1"
"136",37,"T1","P-Dosing","Dosing","Porites","Guano","Ambient","N+N",0.91,-0.0409586076789064,0.0328305235137533,"Guano_T1"
"137",37,"T1","P-Dosing","Dosing","Porites","Guano","Ambient","NH4",37.1,1.56937390961505,0.620248849497188,"Guano_T1"
"138",37,"T1","P-Dosing","Dosing","Porites","Guano","Ambient","TIN",38.01,1.5798978696031,0.615863927248232,"Guano_T1"
"139",37,"T1","P-Dosing","Dosing","Porites","Guano","Ambient","N_to_P",4.64476885644769,4.64476885644769,0,"Guano_T1"
"140",37,"T1","P-Dosing","Dosing","Porites","Guano","Ambient","DON",19.26,1.28465628278852,0.9945295404814,"Guano_T1"
"141",37,"T1","P-Dosing","Dosing","Porites","Guano","Ambient","DOP",0.18,-0.744727494896695,0.137614678899082,"Guano_T1"
"142",37,"T1","P-Dosing","Dosing","Porites","Guano","Ambient","DOC",114.04,2.05705720863742,0.413559881227318,"Guano_T1"
"143",38,"T1","M-Dosing","Dosing","Montipora","Guano","Ambient","TN",57.74,1.7614767795447,0.84300518134715,"Guano_T1"
"144",38,"T1","M-Dosing","Dosing","Montipora","Guano","Ambient","TP",7.67,0.884795363948981,0.611666666666667,"Guano_T1"
"145",38,"T1","M-Dosing","Dosing","Montipora","Guano","Ambient","PO4",7.63,0.882524537954881,0.622389306599833,"Guano_T1"
"146",38,"T1","M-Dosing","Dosing","Montipora","Guano","Ambient","SiO4",6.62,0.8208579894397,0.252068394925538,"Guano_T1"
"147",38,"T1","M-Dosing","Dosing","Montipora","Guano","Ambient","N+N",1.18,0.0718820073061254,0.0567879325643301,"Guano_T1"
"148",38,"T1","M-Dosing","Dosing","Montipora","Guano","Ambient","NH4",49.23,1.69222983577276,0.82699846599625,"Guano_T1"
"149",38,"T1","M-Dosing","Dosing","Montipora","Guano","Ambient","TIN",50.41,1.70251669743815,0.824688447288649,"Guano_T1"
"150",38,"T1","M-Dosing","Dosing","Montipora","Guano","Ambient","N_to_P",7.52803129074316,7.52803129074316,0.0759076827239906,"Guano_T1"
"151",38,"T1","M-Dosing","Dosing","Montipora","Guano","Ambient","DON",7.33000000000001,0.865103974641128,0.341903719912473,"Guano_T1"
"152",38,"T1","M-Dosing","Dosing","Montipora","Guano","Ambient","DOP",0.04,-1.39794000867204,0.00917431192660571,"Guano_T1"
"153",38,"T1","M-Dosing","Dosing","Montipora","Guano","Ambient","DOC",114.7,2.05956341790127,0.424447377103266,"Guano_T1"
"154",43,"T2","P-Dosing","Dosing","Porites","Guano","Ambient","TN",59.52,1.77466292253782,0.873747841105354,"Guano_T2"
"155",43,"T2","P-Dosing","Dosing","Porites","Guano","Ambient","TP",9.2,0.963787827345555,0.739166666666667,"Guano_T2"
"156",43,"T2","P-Dosing","Dosing","Porites","Guano","Ambient","PO4",9.16,0.96189547366785,0.750208855472013,"Guano_T2"
"157",43,"T2","P-Dosing","Dosing","Porites","Guano","Ambient","SiO4",8.09,0.907948521612272,0.333149476006619,"Guano_T2"
"158",43,"T2","P-Dosing","Dosing","Porites","Guano","Ambient","N+N",1.86,0.269512944217916,0.117125110913931,"Guano_T2"
"159",43,"T2","P-Dosing","Dosing","Porites","Guano","Ambient","NH4",52.93,1.72370189399127,0.890063064598602,"Guano_T2"
"160",43,"T2","P-Dosing","Dosing","Porites","Guano","Ambient","TIN",54.79,1.73870130043471,0.898450656786797,"Guano_T2"
"161",43,"T2","P-Dosing","Dosing","Porites","Guano","Ambient","N_to_P",6.46956521739131,6.46956521739131,0.0480414344371838,"Guano_T2"
"162",43,"T2","P-Dosing","Dosing","Porites","Guano","Ambient","DON",4.73,0.674861140737812,0.199671772428884,"Guano_T2"
"163",43,"T2","P-Dosing","Dosing","Porites","Guano","Ambient","DOP",0.0399999999999991,-1.39794000867205,0.00917431192660489,"Guano_T2"
"164",43,"T2","P-Dosing","Dosing","Porites","Guano","Ambient","DOC",117.28,2.06922395729705,0.467007588254701,"Guano_T2"
"165",44,"T2","M-Dosing","Dosing","Montipora","Guano","Ambient","TN",59.34,1.77334754198082,0.870639032815199,"Guano_T2"
"166",44,"T2","M-Dosing","Dosing","Montipora","Guano","Ambient","TP",7.56,0.878521795501206,0.6025,"Guano_T2"
"167",44,"T2","M-Dosing","Dosing","Montipora","Guano","Ambient","PO4",7.27,0.861534410859038,0.592314118629908,"Guano_T2"
"168",44,"T2","M-Dosing","Dosing","Montipora","Guano","Ambient","SiO4",2.05,0.311753861055754,0,"Guano_T2"
"169",44,"T2","M-Dosing","Dosing","Montipora","Guano","Ambient","N+N",1.93,0.285557309007774,0.123336291038154,"Guano_T2"
"170",44,"T2","M-Dosing","Dosing","Montipora","Guano","Ambient","NH4",38.05,1.58035466110659,0.636441111300494,"Guano_T2"
"171",44,"T2","M-Dosing","Dosing","Montipora","Guano","Ambient","TIN",39.98,1.6018427897821,0.649040080835298,"Guano_T2"
"172",44,"T2","M-Dosing","Dosing","Montipora","Guano","Ambient","N_to_P",7.84920634920635,7.84920634920635,0.0843632621213757,"Guano_T2"
"173",44,"T2","M-Dosing","Dosing","Montipora","Guano","Ambient","DON",19.36,1.28690535297238,1,"Guano_T2"
"174",44,"T2","M-Dosing","Dosing","Montipora","Guano","Ambient","DOP",0.29,-0.537602002101044,0.238532110091743,"Guano_T2"
"175",44,"T2","M-Dosing","Dosing","Montipora","Guano","Ambient","DOC",149.59,2.17490256217833,1,"Guano_T2"
"176",47,"T3","M-Dosing","Dosing","Montipora","Guano","Ambient","TN",62.81,1.79802879340407,0.930569948186529,"Guano_T3"
"177",47,"T3","M-Dosing","Dosing","Montipora","Guano","Ambient","TP",6.04,0.781036938621132,0.475833333333333,"Guano_T3"
"178",47,"T3","M-Dosing","Dosing","Montipora","Guano","Ambient","PO4",5.96,0.775246259740236,0.482873851294904,"Guano_T3"
"179",47,"T3","M-Dosing","Dosing","Montipora","Guano","Ambient","SiO4",5.21,0.716837723299524,0.174296745725317,"Guano_T3"
"180",47,"T3","M-Dosing","Dosing","Montipora","Guano","Ambient","N+N",1.66,0.220108088040055,0.0993788819875776,"Guano_T3"
"181",47,"T3","M-Dosing","Dosing","Montipora","Guano","Ambient","NH4",59.16,1.77202816532485,0.996250213056076,"Guano_T3"
"182",47,"T3","M-Dosing","Dosing","Montipora","Guano","Ambient","TIN",60.82,1.78404641580811,1,"Guano_T3"
"183",47,"T3","M-Dosing","Dosing","Montipora","Guano","Ambient","N_to_P",10.3990066225166,10.3990066225166,0.151491882760888,"Guano_T3"
"184",47,"T3","M-Dosing","Dosing","Montipora","Guano","Ambient","DON",1.99000000000001,0.298853076409709,0.0497811816192566,"Guano_T3"
"185",47,"T3","M-Dosing","Dosing","Montipora","Guano","Ambient","DOP",0.0800000000000001,-1.09691001300806,0.0458715596330277,"Guano_T3"
"186",47,"T3","M-Dosing","Dosing","Montipora","Guano","Ambient","DOC",140.71,2.14832496303882,0.853513691850874,"Guano_T3"
"187",48,"T3","P-Dosing","Dosing","Porites","Guano","Ambient","TN",62.81,1.79802879340407,0.930569948186529,"Guano_T3"
"188",48,"T3","P-Dosing","Dosing","Porites","Guano","Ambient","TP",6.04,0.781036938621132,0.475833333333333,"Guano_T3"
"189",48,"T3","P-Dosing","Dosing","Porites","Guano","Ambient","PO4",5.96,0.775246259740236,0.482873851294904,"Guano_T3"
"190",48,"T3","P-Dosing","Dosing","Porites","Guano","Ambient","SiO4",5.21,0.716837723299524,0.174296745725317,"Guano_T3"
"191",48,"T3","P-Dosing","Dosing","Porites","Guano","Ambient","N+N",1.66,0.220108088040055,0.0993788819875776,"Guano_T3"
"192",48,"T3","P-Dosing","Dosing","Porites","Guano","Ambient","NH4",59.16,1.77202816532485,0.996250213056076,"Guano_T3"
"193",48,"T3","P-Dosing","Dosing","Porites","Guano","Ambient","TIN",60.82,1.78404641580811,1,"Guano_T3"
"194",48,"T3","P-Dosing","Dosing","Porites","Guano","Ambient","N_to_P",10.3990066225166,10.3990066225166,0.151491882760888,"Guano_T3"
"195",48,"T3","P-Dosing","Dosing","Porites","Guano","Ambient","DON",1.99000000000001,0.298853076409709,0.0497811816192566,"Guano_T3"
"196",48,"T3","P-Dosing","Dosing","Porites","Guano","Ambient","DOP",0.0800000000000001,-1.09691001300806,0.0458715596330277,"Guano_T3"
"197",48,"T3","P-Dosing","Dosing","Porites","Guano","Ambient","DOC",140.71,2.14832496303882,0.853513691850874,"Guano_T3"
"198",53,"T1","P-Dosing","Dosing","Porites","Inorganic","Ambient","TN",31.79,1.50229052791477,0.394818652849741,"Inorganic_T1"
"199",53,"T1","P-Dosing","Dosing","Porites","Inorganic","Ambient","TP",0.78,-0.10790539730952,0.0375,"Inorganic_T1"
"200",53,"T1","P-Dosing","Dosing","Porites","Inorganic","Ambient","PO4",0.69,-0.161150909262745,0.0426065162907268,"Inorganic_T1"
"201",53,"T1","P-Dosing","Dosing","Porites","Inorganic","Ambient","SiO4",7.31,0.86391737695786,0.290126861555433,"Inorganic_T1"
"202",53,"T1","P-Dosing","Dosing","Porites","Inorganic","Ambient","N+N",1.09,0.0374264979406237,0.0488021295474712,"Inorganic_T1"
"203",53,"T1","P-Dosing","Dosing","Porites","Inorganic","Ambient","NH4",23.44,1.36995760734605,0.387421169251747,"Inorganic_T1"
"204",53,"T1","P-Dosing","Dosing","Porites","Inorganic","Ambient","TIN",24.53,1.38969754820639,0.388851465139778,"Inorganic_T1"
"205",53,"T1","P-Dosing","Dosing","Porites","Inorganic","Ambient","N_to_P",40.7564102564103,40.7564102564103,0.950711591642087,"Inorganic_T1"
"206",53,"T1","P-Dosing","Dosing","Porites","Inorganic","Ambient","DON",7.26,0.860936620700094,0.338074398249453,"Inorganic_T1"
"207",53,"T1","P-Dosing","Dosing","Porites","Inorganic","Ambient","DOP",0.0900000000000001,-1.04575749056067,0.0550458715596332,"Inorganic_T1"
"208",53,"T1","P-Dosing","Dosing","Porites","Inorganic","Ambient","DOC",88.97,1.94924359056827,0,"Inorganic_T1"
"209",54,"T1","M-Dosing","Dosing","Montipora","Inorganic","Ambient","TN",24.37,1.38685552918472,0.266666666666667,"Inorganic_T1"
"210",54,"T1","M-Dosing","Dosing","Montipora","Inorganic","Ambient","TP",0.84,-0.0757207139381184,0.0425,"Inorganic_T1"
"211",54,"T1","M-Dosing","Dosing","Montipora","Inorganic","Ambient","PO4",0.81,-0.0915149811213502,0.0526315789473684,"Inorganic_T1"
"212",54,"T1","M-Dosing","Dosing","Montipora","Inorganic","Ambient","SiO4",4.22,0.625312450961674,0.11969111969112,"Inorganic_T1"
"213",54,"T1","M-Dosing","Dosing","Montipora","Inorganic","Ambient","N+N",0.54,-0.267606240177031,0,"Inorganic_T1"
"214",54,"T1","M-Dosing","Dosing","Montipora","Inorganic","Ambient","NH4",20.54,1.31260043926126,0.33799215953639,"Inorganic_T1"
"215",54,"T1","M-Dosing","Dosing","Montipora","Inorganic","Ambient","TIN",21.08,1.32387060654051,0.330751094644661,"Inorganic_T1"
"216",54,"T1","M-Dosing","Dosing","Montipora","Inorganic","Ambient","N_to_P",29.0119047619048,29.0119047619048,0.641513862631017,"Inorganic_T1"
"217",54,"T1","M-Dosing","Dosing","Montipora","Inorganic","Ambient","DON",3.29,0.517195897949975,0.120897155361051,"Inorganic_T1"
"218",54,"T1","M-Dosing","Dosing","Montipora","Inorganic","Ambient","DOP",0.0299999999999999,-1.52287874528034,1.01855323360106e-16,"Inorganic_T1"
"219",54,"T1","M-Dosing","Dosing","Montipora","Inorganic","Ambient","DOC",100.05,2.00021709297223,0.182777961068954,"Inorganic_T1"
"220",59,"T2","P-Dosing","Dosing","Porites","Inorganic","Ambient","TN",37.64,1.57564961475522,0.495854922279793,"Inorganic_T2"
"221",59,"T2","P-Dosing","Dosing","Porites","Inorganic","Ambient","TP",1.12,0.0492180226701817,0.0658333333333333,"Inorganic_T2"
"222",59,"T2","P-Dosing","Dosing","Porites","Inorganic","Ambient","PO4",0.91,-0.0409586076789064,0.0609857978279031,"Inorganic_T2"
"223",59,"T2","P-Dosing","Dosing","Porites","Inorganic","Ambient","SiO4",4.03,0.605305046141109,0.109211252068395,"Inorganic_T2"
"224",59,"T2","P-Dosing","Dosing","Porites","Inorganic","Ambient","NH4",18.67,1.27114431794908,0.306118970513039,"Inorganic_T2"
"225",59,"T2","P-Dosing","Dosing","Porites","Inorganic","Ambient","N_to_P",33.6071428571429,33.6071428571429,0.762492747947005,"Inorganic_T2"
"226",59,"T2","P-Dosing","Dosing","Porites","Inorganic","Ambient","DOP",0.21,-0.677780705266081,0.165137614678899,"Inorganic_T2"
"227",59,"T2","P-Dosing","Dosing","Porites","Inorganic","Ambient","DOC",143.18,2.15588235808182,0.894259320356318,"Inorganic_T2"
"228",60,"T2","M-Dosing","Dosing","Montipora","Inorganic","Ambient","TN",29.94,1.47625179600703,0.36286701208981,"Inorganic_T2"
"229",60,"T2","M-Dosing","Dosing","Montipora","Inorganic","Ambient","TP",0.77,-0.113509274827518,0.0366666666666667,"Inorganic_T2"
"230",60,"T2","M-Dosing","Dosing","Montipora","Inorganic","Ambient","PO4",0.49,-0.309803919971486,0.0258980785296575,"Inorganic_T2"
"231",60,"T2","M-Dosing","Dosing","Montipora","Inorganic","Ambient","SiO4",4.19,0.622214022966295,0.11803640375069,"Inorganic_T2"
"232",60,"T2","M-Dosing","Dosing","Montipora","Inorganic","Ambient","N+N",2,0.301029995663981,0.129547471162378,"Inorganic_T2"
"233",60,"T2","M-Dosing","Dosing","Montipora","Inorganic","Ambient","NH4",18.27,1.26173854735254,0.299301176069541,"Inorganic_T2"
"234",60,"T2","M-Dosing","Dosing","Montipora","Inorganic","Ambient","TIN",20.27,1.30685374869301,0.317110138093634,"Inorganic_T2"
"235",60,"T2","M-Dosing","Dosing","Montipora","Inorganic","Ambient","N_to_P",38.8831168831169,38.8831168831169,0.901393375812159,"Inorganic_T2"
"236",60,"T2","M-Dosing","Dosing","Montipora","Inorganic","Ambient","DON",9.67,0.985426474083002,0.469912472647702,"Inorganic_T2"
"237",60,"T2","M-Dosing","Dosing","Montipora","Inorganic","Ambient","DOP",0.28,-0.552841968657781,0.229357798165138,"Inorganic_T2"
"238",60,"T2","M-Dosing","Dosing","Montipora","Inorganic","Ambient","DOC",103.05,2.01304799611523,0.232266578686902,"Inorganic_T2"
"239",63,"T3","M-Dosing","Dosing","Montipora","Inorganic","Ambient","TN",29.84,1.47479881880063,0.361139896373057,"Inorganic_T3"
"240",63,"T3","M-Dosing","Dosing","Montipora","Inorganic","Ambient","TP",0.7,-0.154901959985743,0.0308333333333333,"Inorganic_T3"
"241",63,"T3","M-Dosing","Dosing","Montipora","Inorganic","Ambient","PO4",0.61,-0.214670164989233,0.0359231411862991,"Inorganic_T3"
"242",63,"T3","M-Dosing","Dosing","Montipora","Inorganic","Ambient","SiO4",3.91,0.592176757395867,0.102592388306674,"Inorganic_T3"
"243",63,"T3","M-Dosing","Dosing","Montipora","Inorganic","Ambient","N+N",1.48,0.170261715394957,0.0834072759538598,"Inorganic_T3"
"244",63,"T3","M-Dosing","Dosing","Montipora","Inorganic","Ambient","NH4",19.46,1.28914283593233,0.319584114538947,"Inorganic_T3"
"245",63,"T3","M-Dosing","Dosing","Montipora","Inorganic","Ambient","TIN",20.94,1.32097667734282,0.328393398450657,"Inorganic_T3"
"246",63,"T3","M-Dosing","Dosing","Montipora","Inorganic","Ambient","N_to_P",42.6285714285714,42.6285714285714,1,"Inorganic_T3"
"247",63,"T3","M-Dosing","Dosing","Montipora","Inorganic","Ambient","DON",8.9,0.949390006644913,0.427789934354486,"Inorganic_T3"
"248",63,"T3","M-Dosing","Dosing","Montipora","Inorganic","Ambient","DOP",0.09,-1.04575749056068,0.0550458715596331,"Inorganic_T3"
"249",63,"T3","M-Dosing","Dosing","Montipora","Inorganic","Ambient","DOC",113.98,2.05682865263781,0.412570108874959,"Inorganic_T3"
"250",64,"T3","P-Dosing","Dosing","Porites","Inorganic","Ambient","TN",29.84,1.47479881880063,0.361139896373057,"Inorganic_T3"
"251",64,"T3","P-Dosing","Dosing","Porites","Inorganic","Ambient","TP",0.7,-0.154901959985743,0.0308333333333333,"Inorganic_T3"
"252",64,"T3","P-Dosing","Dosing","Porites","Inorganic","Ambient","PO4",0.61,-0.214670164989233,0.0359231411862991,"Inorganic_T3"
"253",64,"T3","P-Dosing","Dosing","Porites","Inorganic","Ambient","SiO4",3.91,0.592176757395867,0.102592388306674,"Inorganic_T3"
"254",64,"T3","P-Dosing","Dosing","Porites","Inorganic","Ambient","N+N",1.48,0.170261715394957,0.0834072759538598,"Inorganic_T3"
"255",64,"T3","P-Dosing","Dosing","Porites","Inorganic","Ambient","NH4",19.46,1.28914283593233,0.319584114538947,"Inorganic_T3"
"256",64,"T3","P-Dosing","Dosing","Porites","Inorganic","Ambient","TIN",20.94,1.32097667734282,0.328393398450657,"Inorganic_T3"
"257",64,"T3","P-Dosing","Dosing","Porites","Inorganic","Ambient","N_to_P",42.6285714285714,42.6285714285714,1,"Inorganic_T3"
"258",64,"T3","P-Dosing","Dosing","Porites","Inorganic","Ambient","DON",8.9,0.949390006644913,0.427789934354486,"Inorganic_T3"
"259",64,"T3","P-Dosing","Dosing","Porites","Inorganic","Ambient","DOP",0.09,-1.04575749056068,0.0550458715596331,"Inorganic_T3"
"260",64,"T3","P-Dosing","Dosing","Porites","Inorganic","Ambient","DOC",113.98,2.05682865263781,0.412570108874959,"Inorganic_T3"
