ID,Timepoint,Aquaria,Tank,Species,Treatment,Temperature,Blue_Tank,TN,TP,Phosphate,Silicate,N+N,Ammonia
1,T1,P-A5,Aquaria,Porites,Control,Ambient,PA,6.68,0.14,0.06,2.54,0.3,0.63
2,T1,P-H5,Aquaria,Porites,Control,Heated,PH,6.78,0.15,0.05,3.41,0.45,0.17
3,T1,M-A5,Aquaria,Montipora,Control,Ambient,MA,9.58,0.18,0.04,1.03,0.6,0.67
4,T1,M-H5,Aquaria,Montipora,Control,Heated,MH,9.84,0.17,0.05,1.51,0.59,0.71
5,T1,P-Dosing,Dosing,Porites,Control,Ambient,PD,8.93,0.33,0.22,11.44,0.73,0.71
6,T1,M-Dosing,Dosing,Montipora,Control,Ambient,MD,16.2,1.37,0.95,7.44,1.03,1.4
7,T2,P-A5,Aquaria,Porites,Control,Ambient,PA,8.14,0.14,0.02,0.37,0.44,0.65
8,T2,P-H5,Aquaria,Porites,Control,Heated,PH,10.72,0.17,0.03,0.68,0.52,0.87
9,T2,M-A5,Aquaria,Montipora,Control,Ambient,MA,7.74,0.16,0.03,2.16,0.17,0.55
10,T2,M-H5,Aquaria,Montipora,Control,Heated,MH,10.9,0.27,0.07,3.19,0.17,0.16
11,T2,P-Dosing,Dosing,Porites,Control,Ambient,PD,9.55,0.39,0.24,6.11,1.56,0.92
12,T2,M-Dosing,Dosing,Montipora,Control,Ambient,MD,15.35,0.58,0.18,2.49,0.58,0.94
13,T3,P-A5,Aquaria,Porites,Control,Ambient,PA,10.51,0.25,0.07,1.83,0.5,0.88
14,T3,M-A5,Aquaria,Montipora,Control,Ambient,MA,9.94,0.21,0.05,1.7,0.54,0.87
15,T3,Dosing,Dosing,Both,Control,Ambient,D,16.16,0.54,0.32,6.23,1.75,1.84
16,T1,P-A11,Aquaria,Porites,Effluent,Ambient,PA,8.01,0.19,0.06,0.66,0.41,0.7
17,T1,P-H11,Aquaria,Porites,Effluent,Heated,PH,9.81,0.23,0.05,0.79,0.49,0.83
18,T1,M-A11,Aquaria,Montipora,Effluent,Ambient,MA,9.61,0.14,0.04,1.18,0.57,0.81
19,T1,M-H11,Aquaria,Montipora,Effluent,Heated,MH,9.26,0.19,0.04,0.89,0.51,0.78
20,T1,P-Dosing,Dosing,Porites,Effluent,Ambient,PD,57.63,2.98,2.95,20.01,1.38,51.1
21,T1,M-Dosing,Dosing,Montipora,Effluent,Ambient,MD,66.83,4.84,4.13,20.18,1.44,59.38
22,T2,P-A11,Aquaria,Porites,Effluent,Ambient,PA,9.9,0.2,0.03,0.26,0.52,0.78
23,T2,P-H11,Aquaria,Porites,Effluent,Heated,PH,11.15,0.17,0.02,0.17,0.53,0.68
24,T2,M-A11,Aquaria,Montipora,Effluent,Ambient,MA,5.7,0.1,0.05,0.4,0.26,0.46
25,T2,M-H11,Aquaria,Montipora,Effluent,Heated,MH,12.95,0.25,0.08,4.51,1.79,0.93
26,T2,P-Dosing,Dosing,Porites,Effluent,Ambient,PD,60.81,4.69,3.57,13.09,11.81,47.92
27,T2,M-Dosing,Dosing,Montipora,Effluent,Ambient,MD,52.1,1.82,1.69,6.06,11.12,27.84
28,T3,P-A11,Aquaria,Porites,Effluent,Ambient,PA,7.66,0.17,0.09,1.22,0.6,0.96
29,T3,M-A11,Aquaria,Montipora,Effluent,Ambient,MA,10.15,0.22,0.08,1.07,0.72,1.06
30,T3,Dosing,Dosing,Both,Effluent,Ambient,D,48.17,1.85,1.78,5.77,5.92,31.27
31,T1,P-A3,Aquaria,Porites,Guano,Ambient,PA,10.1,0.84,0.75,0.95,0.54,0.36
32,T1,P-H3,Aquaria,Porites,Guano,Heated,PH,9.88,0.63,0.53,0.51,0.41,0.49
33,T1,M-A3,Aquaria,Montipora,Guano,Ambient,MA,10.07,0.36,0.19,1.16,0.56,0.78
34,T1,M-H3,Aquaria,Montipora,Guano,Heated,MH,10.15,0.39,0.26,0.8,0.56,0.68
35,T1,P-Dosing,Dosing,Porites,Guano,Ambient,PD,57.27,12.33,12.15,4.9,0.91,37.1
36,T1,M-Dosing,Dosing,Montipora,Guano,Ambient,MD,57.74,7.67,7.63,6.62,1.18,49.23
37,T2,P-A3,Aquaria,Porites,Guano,Ambient,PA,9.68,0.42,0.25,0.28,0.47,0.71
38,T2,P-H3,Aquaria,Porites,Guano,Heated,PH,12.14,0.39,0.18,0.21,0.57,0.83
39,T2,M-A3,Aquaria,Montipora,Guano,Ambient,MA,9.59,0.73,0.62,0.65,0.23,0.63
40,T2,M-H3,Aquaria,Montipora,Guano,Heated,MH,14.35,2.39,2.26,2.87,0.43,0.96
41,T2,P-Dosing,Dosing,Porites,Guano,Ambient,PD,59.52,9.2,9.16,8.09,1.86,52.93
42,T2,M-Dosing,Dosing,Montipora,Guano,Ambient,MD,59.34,7.56,7.27,2.05,1.93,38.05
43,T3,P-A3,Aquaria,Porites,Guano,Ambient,PA,10.58,0.46,0.27,1.18,0.4,1.07
44,T3,M-A3,Aquaria,Montipora,Guano,Ambient,MA,12.96,0.49,0.27,1.22,0.59,1.07
45,T3,Dosing,Dosing,Both,Guano,Ambient,D,62.81,6.04,5.96,5.21,1.66,59.16
46,T1,P-A7,Aquaria,Porites,Inorganic,Ambient,PA,6.6,0.11,0.03,0.69,0.33,0.61
47,T1,P-H7,Aquaria,Porites,Inorganic,Heated,PH,11.11,0.22,0.06,1.39,0.63,0.53
48,T1,M-A7,Aquaria,Montipora,Inorganic,Ambient,MA,10.02,0.15,0.03,1.12,0.6,1.17
49,T1,M-H7,Aquaria,Montipora,Inorganic,Heated,MH,7.05,0.16,0.03,0.65,0.39,0.6
50,T1,P-Dosing,Dosing,Porites,Inorganic,Ambient,PD,31.79,0.78,0.69,7.31,1.09,23.44
51,T1,M-Dosing,Dosing,Montipora,Inorganic,Ambient,MD,24.37,0.84,0.81,4.22,0.54,20.54
52,T2,P-A7,Aquaria,Porites,Inorganic,Ambient,PA,9.38,0.18,0.03,0.23,0.53,0.78
53,T2,P-H7,Aquaria,Porites,Inorganic,Heated,PH,12.74,0.12,0.008,0.7,0.37,0.63
54,T2,M-A7,Aquaria,Montipora,Inorganic,Ambient,MA,8.47,0.15,0.03,0.87,0.25,0.75
55,T2,M-H7,Aquaria,Montipora,Inorganic,Heated,MH,10.31,0.21,0.06,5.17,0.39,0.76
56,T2,P-Dosing,Dosing,Porites,Inorganic,Ambient,PD,37.64,1.12,0.91,4.03,0.009,18.67
57,T2,M-Dosing,Dosing,Montipora,Inorganic,Ambient,MD,29.94,0.77,0.49,4.19,2,18.27
58,T3,P-A7,Aquaria,Porites,Inorganic,Ambient,PA,7.58,0.15,0.06,0.67,0.34,1.18
59,T3,M-A7,Aquaria,Montipora,Inorganic,Ambient,MA,11.23,0.23,0.05,1.52,0.57,0.85
60,T3,Dosing,Dosing,Both,Inorganic,Ambient,D,29.84,0.7,0.61,3.91,1.48,19.46
